[2026-05-09T14:25:55.582+0000] {local_task_job_runner.py:123} INFO - ::group::Pre task execution logs
[2026-05-09T14:25:55.601+0000] {taskinstance.py:2613} INFO - Dependencies all met for dep_context=non-requeueable deps ti=<TaskInstance: ecommerce_etl_pipeline.extract manual__2026-05-09T14:25:48.596565+00:00 [queued]>
[2026-05-09T14:25:55.610+0000] {taskinstance.py:2613} INFO - Dependencies all met for dep_context=requeueable deps ti=<TaskInstance: ecommerce_etl_pipeline.extract manual__2026-05-09T14:25:48.596565+00:00 [queued]>
[2026-05-09T14:25:55.611+0000] {taskinstance.py:2866} INFO - Starting attempt 1 of 2
[2026-05-09T14:25:55.626+0000] {taskinstance.py:2889} INFO - Executing <Task(BashOperator): extract> on 2026-05-09 14:25:48.596565+00:00
[2026-05-09T14:25:55.635+0000] {standard_task_runner.py:72} INFO - Started process 1402 to run task
[2026-05-09T14:25:55.641+0000] {standard_task_runner.py:104} INFO - Running: ['***', 'tasks', 'run', 'ecommerce_etl_pipeline', 'extract', 'manual__2026-05-09T14:25:48.596565+00:00', '--job-id', '25', '--raw', '--subdir', 'DAGS_FOLDER/ecommerce_etl_dag.py', '--cfg-path', '/tmp/tmpzfe8kkgb']
[2026-05-09T14:25:55.644+0000] {standard_task_runner.py:105} INFO - Job 25: Subtask extract
[2026-05-09T14:25:55.714+0000] {task_command.py:467} INFO - Running <TaskInstance: ecommerce_etl_pipeline.extract manual__2026-05-09T14:25:48.596565+00:00 [running]> on host 6de7479667a2
[2026-05-09T14:25:55.818+0000] {taskinstance.py:3132} INFO - Exporting env vars: AIRFLOW_CTX_DAG_OWNER='***' AIRFLOW_CTX_DAG_ID='ecommerce_etl_pipeline' AIRFLOW_CTX_TASK_ID='extract' AIRFLOW_CTX_EXECUTION_DATE='2026-05-09T14:25:48.596565+00:00' AIRFLOW_CTX_TRY_NUMBER='1' AIRFLOW_CTX_DAG_RUN_ID='manual__2026-05-09T14:25:48.596565+00:00'
[2026-05-09T14:25:55.820+0000] {taskinstance.py:731} INFO - ::endgroup::
[2026-05-09T14:25:55.850+0000] {subprocess.py:78} INFO - Tmp dir root location: /tmp
[2026-05-09T14:25:55.852+0000] {subprocess.py:88} INFO - Running command: ['/usr/bin/bash', '-c', 'docker exec spark-jupyter spark-submit --master yarn --conf spark.driver.host=172.30.1.13 /tmp/e.py']
[2026-05-09T14:25:55.868+0000] {subprocess.py:99} INFO - Output:
[2026-05-09T14:25:59.515+0000] {subprocess.py:106} INFO - 26/05/09 14:25:59 INFO SparkContext: Running Spark version 3.5.0
[2026-05-09T14:25:59.517+0000] {subprocess.py:106} INFO - 26/05/09 14:25:59 INFO SparkContext: OS info Linux, 6.6.87.2-microsoft-standard-WSL2, amd64
[2026-05-09T14:25:59.517+0000] {subprocess.py:106} INFO - 26/05/09 14:25:59 INFO SparkContext: Java version 17.0.8.1
[2026-05-09T14:25:59.590+0000] {subprocess.py:106} INFO - 26/05/09 14:25:59 WARN NativeCodeLoader: Unable to load native-hadoop library for your platform... using builtin-java classes where applicable
[2026-05-09T14:25:59.693+0000] {subprocess.py:106} INFO - 26/05/09 14:25:59 INFO ResourceUtils: ==============================================================
[2026-05-09T14:25:59.694+0000] {subprocess.py:106} INFO - 26/05/09 14:25:59 INFO ResourceUtils: No custom resources configured for spark.driver.
[2026-05-09T14:25:59.695+0000] {subprocess.py:106} INFO - 26/05/09 14:25:59 INFO ResourceUtils: ==============================================================
[2026-05-09T14:25:59.695+0000] {subprocess.py:106} INFO - 26/05/09 14:25:59 INFO SparkContext: Submitted application: EcommerceETL_Extract
[2026-05-09T14:25:59.719+0000] {subprocess.py:106} INFO - 26/05/09 14:25:59 INFO ResourceProfile: Default ResourceProfile created, executor resources: Map(cores -> name: cores, amount: 1, script: , vendor: , memory -> name: memory, amount: 512, script: , vendor: , offHeap -> name: offHeap, amount: 0, script: , vendor: ), task resources: Map(cpus -> name: cpus, amount: 1.0)
[2026-05-09T14:25:59.731+0000] {subprocess.py:106} INFO - 26/05/09 14:25:59 INFO ResourceProfile: Limiting resource is cpus at 1 tasks per executor
[2026-05-09T14:25:59.733+0000] {subprocess.py:106} INFO - 26/05/09 14:25:59 INFO ResourceProfileManager: Added ResourceProfile id: 0
[2026-05-09T14:25:59.813+0000] {subprocess.py:106} INFO - 26/05/09 14:25:59 INFO SecurityManager: Changing view acls to: root
[2026-05-09T14:25:59.814+0000] {subprocess.py:106} INFO - 26/05/09 14:25:59 INFO SecurityManager: Changing modify acls to: root
[2026-05-09T14:25:59.815+0000] {subprocess.py:106} INFO - 26/05/09 14:25:59 INFO SecurityManager: Changing view acls groups to:
[2026-05-09T14:25:59.816+0000] {subprocess.py:106} INFO - 26/05/09 14:25:59 INFO SecurityManager: Changing modify acls groups to:
[2026-05-09T14:25:59.817+0000] {subprocess.py:106} INFO - 26/05/09 14:25:59 INFO SecurityManager: SecurityManager: authentication disabled; ui acls disabled; users with view permissions: root; groups with view permissions: EMPTY; users with modify permissions: root; groups with modify permissions: EMPTY
[2026-05-09T14:26:00.130+0000] {subprocess.py:106} INFO - 26/05/09 14:26:00 INFO Utils: Successfully started service 'sparkDriver' on port 33897.
[2026-05-09T14:26:00.193+0000] {subprocess.py:106} INFO - 26/05/09 14:26:00 INFO SparkEnv: Registering MapOutputTracker
[2026-05-09T14:26:00.258+0000] {subprocess.py:106} INFO - 26/05/09 14:26:00 INFO SparkEnv: Registering BlockManagerMaster
[2026-05-09T14:26:00.286+0000] {subprocess.py:106} INFO - 26/05/09 14:26:00 INFO BlockManagerMasterEndpoint: Using org.apache.spark.storage.DefaultTopologyMapper for getting topology information
[2026-05-09T14:26:00.287+0000] {subprocess.py:106} INFO - 26/05/09 14:26:00 INFO BlockManagerMasterEndpoint: BlockManagerMasterEndpoint up
[2026-05-09T14:26:00.332+0000] {subprocess.py:106} INFO - 26/05/09 14:26:00 INFO SparkEnv: Registering BlockManagerMasterHeartbeat
[2026-05-09T14:26:00.366+0000] {subprocess.py:106} INFO - 26/05/09 14:26:00 INFO DiskBlockManager: Created local directory at /tmp/blockmgr-ab512e9f-ef52-408d-9f2d-34649272f2dc
[2026-05-09T14:26:00.386+0000] {subprocess.py:106} INFO - 26/05/09 14:26:00 INFO MemoryStore: MemoryStore started with capacity 434.4 MiB
[2026-05-09T14:26:00.432+0000] {subprocess.py:106} INFO - 26/05/09 14:26:00 INFO SparkEnv: Registering OutputCommitCoordinator
[2026-05-09T14:26:00.605+0000] {subprocess.py:106} INFO - 26/05/09 14:26:00 INFO JettyUtils: Start Jetty 0.0.0.0:4040 for SparkUI
[2026-05-09T14:26:00.723+0000] {subprocess.py:106} INFO - 26/05/09 14:26:00 INFO Utils: Successfully started service 'SparkUI' on port 4040.
[2026-05-09T14:26:00.966+0000] {subprocess.py:106} INFO - 26/05/09 14:26:00 INFO DefaultNoHARMFailoverProxyProvider: Connecting to ResourceManager at resourcemanager/172.30.1.24:8032
[2026-05-09T14:26:01.624+0000] {subprocess.py:106} INFO - 26/05/09 14:26:01 INFO Configuration: resource-types.xml not found
[2026-05-09T14:26:01.625+0000] {subprocess.py:106} INFO - 26/05/09 14:26:01 INFO ResourceUtils: Unable to find 'resource-types.xml'.
[2026-05-09T14:26:01.638+0000] {subprocess.py:106} INFO - 26/05/09 14:26:01 INFO Client: Verifying our application has not requested more than the maximum memory capability of the cluster (8192 MB per container)
[2026-05-09T14:26:01.639+0000] {subprocess.py:106} INFO - 26/05/09 14:26:01 INFO Client: Will allocate AM container, with 896 MB memory including 384 MB overhead
[2026-05-09T14:26:01.642+0000] {subprocess.py:106} INFO - 26/05/09 14:26:01 INFO Client: Setting up container launch context for our AM
[2026-05-09T14:26:01.643+0000] {subprocess.py:106} INFO - 26/05/09 14:26:01 INFO Client: Setting up the launch environment for our AM container
[2026-05-09T14:26:01.646+0000] {subprocess.py:106} INFO - 26/05/09 14:26:01 INFO Client: Preparing resources for our AM container
[2026-05-09T14:26:01.689+0000] {subprocess.py:106} INFO - 26/05/09 14:26:01 WARN Client: Neither spark.yarn.jars nor spark.yarn.archive is set, falling back to uploading libraries under SPARK_HOME.
[2026-05-09T14:26:05.696+0000] {subprocess.py:106} INFO - 26/05/09 14:26:05 INFO Client: Uploading resource file:/tmp/spark-581a9323-002f-4580-9d09-ccdbebd5aa50/__spark_libs__8928214985383681412.zip -> hdfs://hadoop-namenode:9000/user/root/.sparkStaging/application_1778334521111_0011/__spark_libs__8928214985383681412.zip
[2026-05-09T14:26:08.616+0000] {subprocess.py:106} INFO - 26/05/09 14:26:08 INFO Client: Uploading resource file:/usr/local/spark-3.5.0-bin-hadoop3/python/lib/pyspark.zip -> hdfs://hadoop-namenode:9000/user/root/.sparkStaging/application_1778334521111_0011/pyspark.zip
[2026-05-09T14:26:08.684+0000] {subprocess.py:106} INFO - 26/05/09 14:26:08 INFO Client: Uploading resource file:/usr/local/spark-3.5.0-bin-hadoop3/python/lib/py4j-0.10.9.7-src.zip -> hdfs://hadoop-namenode:9000/user/root/.sparkStaging/application_1778334521111_0011/py4j-0.10.9.7-src.zip
[2026-05-09T14:26:08.936+0000] {subprocess.py:106} INFO - 26/05/09 14:26:08 INFO Client: Uploading resource file:/tmp/spark-581a9323-002f-4580-9d09-ccdbebd5aa50/__spark_conf__10612368954438059707.zip -> hdfs://hadoop-namenode:9000/user/root/.sparkStaging/application_1778334521111_0011/__spark_conf__.zip
[2026-05-09T14:26:09.000+0000] {subprocess.py:106} INFO - 26/05/09 14:26:08 INFO SecurityManager: Changing view acls to: root
[2026-05-09T14:26:09.001+0000] {subprocess.py:106} INFO - 26/05/09 14:26:08 INFO SecurityManager: Changing modify acls to: root
[2026-05-09T14:26:09.002+0000] {subprocess.py:106} INFO - 26/05/09 14:26:08 INFO SecurityManager: Changing view acls groups to:
[2026-05-09T14:26:09.003+0000] {subprocess.py:106} INFO - 26/05/09 14:26:08 INFO SecurityManager: Changing modify acls groups to:
[2026-05-09T14:26:09.003+0000] {subprocess.py:106} INFO - 26/05/09 14:26:08 INFO SecurityManager: SecurityManager: authentication disabled; ui acls disabled; users with view permissions: root; groups with view permissions: EMPTY; users with modify permissions: root; groups with modify permissions: EMPTY
[2026-05-09T14:26:09.020+0000] {subprocess.py:106} INFO - 26/05/09 14:26:09 INFO Client: Submitting application application_1778334521111_0011 to ResourceManager
[2026-05-09T14:26:09.389+0000] {subprocess.py:106} INFO - 26/05/09 14:26:09 INFO YarnClientImpl: Submitted application application_1778334521111_0011
[2026-05-09T14:26:10.395+0000] {subprocess.py:106} INFO - 26/05/09 14:26:10 INFO Client: Application report for application_1778334521111_0011 (state: ACCEPTED)
[2026-05-09T14:26:10.398+0000] {subprocess.py:106} INFO - 26/05/09 14:26:10 INFO Client:
[2026-05-09T14:26:10.399+0000] {subprocess.py:106} INFO - 	 client token: N/A
[2026-05-09T14:26:10.399+0000] {subprocess.py:106} INFO - 	 diagnostics: AM container is launched, waiting for AM container to Register with RM
[2026-05-09T14:26:10.400+0000] {subprocess.py:106} INFO - 	 ApplicationMaster host: N/A
[2026-05-09T14:26:10.400+0000] {subprocess.py:106} INFO - 	 ApplicationMaster RPC port: -1
[2026-05-09T14:26:10.401+0000] {subprocess.py:106} INFO - 	 queue: default
[2026-05-09T14:26:10.401+0000] {subprocess.py:106} INFO - 	 start time: 1778336769081
[2026-05-09T14:26:10.402+0000] {subprocess.py:106} INFO - 	 final status: UNDEFINED
[2026-05-09T14:26:10.402+0000] {subprocess.py:106} INFO - 	 tracking URL: http://resourcemanager:8088/proxy/application_1778334521111_0011/
[2026-05-09T14:26:10.403+0000] {subprocess.py:106} INFO - 	 user: root
[2026-05-09T14:26:19.326+0000] {subprocess.py:106} INFO - 26/05/09 14:26:19 INFO YarnClientSchedulerBackend: Add WebUI Filter. org.apache.hadoop.yarn.server.webproxy.amfilter.AmIpFilter, Map(PROXY_HOSTS -> resourcemanager, PROXY_URI_BASES -> http://resourcemanager:8088/proxy/application_1778334521111_0011), /proxy/application_1778334521111_0011
[2026-05-09T14:26:19.424+0000] {subprocess.py:106} INFO - 26/05/09 14:26:19 INFO Client: Application report for application_1778334521111_0011 (state: RUNNING)
[2026-05-09T14:26:19.425+0000] {subprocess.py:106} INFO - 26/05/09 14:26:19 INFO Client:
[2026-05-09T14:26:19.426+0000] {subprocess.py:106} INFO - 	 client token: N/A
[2026-05-09T14:26:19.428+0000] {subprocess.py:106} INFO - 	 diagnostics: N/A
[2026-05-09T14:26:19.428+0000] {subprocess.py:106} INFO - 	 ApplicationMaster host: 172.30.1.25
[2026-05-09T14:26:19.429+0000] {subprocess.py:106} INFO - 	 ApplicationMaster RPC port: -1
[2026-05-09T14:26:19.429+0000] {subprocess.py:106} INFO - 	 queue: default
[2026-05-09T14:26:19.430+0000] {subprocess.py:106} INFO - 	 start time: 1778336769081
[2026-05-09T14:26:19.430+0000] {subprocess.py:106} INFO - 	 final status: UNDEFINED
[2026-05-09T14:26:19.431+0000] {subprocess.py:106} INFO - 	 tracking URL: http://resourcemanager:8088/proxy/application_1778334521111_0011/
[2026-05-09T14:26:19.431+0000] {subprocess.py:106} INFO - 	 user: root
[2026-05-09T14:26:19.432+0000] {subprocess.py:106} INFO - 26/05/09 14:26:19 INFO YarnClientSchedulerBackend: Application application_1778334521111_0011 has started running.
[2026-05-09T14:26:19.439+0000] {subprocess.py:106} INFO - 26/05/09 14:26:19 INFO Utils: Successfully started service 'org.apache.spark.network.netty.NettyBlockTransferService' on port 39053.
[2026-05-09T14:26:19.440+0000] {subprocess.py:106} INFO - 26/05/09 14:26:19 INFO NettyBlockTransferService: Server created on 172.30.1.13 0.0.0.0:39053
[2026-05-09T14:26:19.442+0000] {subprocess.py:106} INFO - 26/05/09 14:26:19 INFO BlockManager: Using org.apache.spark.storage.RandomBlockReplicationPolicy for block replication policy
[2026-05-09T14:26:19.451+0000] {subprocess.py:106} INFO - 26/05/09 14:26:19 INFO BlockManagerMaster: Registering BlockManager BlockManagerId(driver, 172.30.1.13, 39053, None)
[2026-05-09T14:26:19.456+0000] {subprocess.py:106} INFO - 26/05/09 14:26:19 INFO BlockManagerMasterEndpoint: Registering block manager 172.30.1.13:39053 with 434.4 MiB RAM, BlockManagerId(driver, 172.30.1.13, 39053, None)
[2026-05-09T14:26:19.459+0000] {subprocess.py:106} INFO - 26/05/09 14:26:19 INFO BlockManagerMaster: Registered BlockManager BlockManagerId(driver, 172.30.1.13, 39053, None)
[2026-05-09T14:26:19.461+0000] {subprocess.py:106} INFO - 26/05/09 14:26:19 INFO BlockManager: Initialized BlockManager: BlockManagerId(driver, 172.30.1.13, 39053, None)
[2026-05-09T14:26:19.683+0000] {subprocess.py:106} INFO - 26/05/09 14:26:19 INFO ServerInfo: Adding filter to /jobs: org.apache.hadoop.yarn.server.webproxy.amfilter.AmIpFilter
[2026-05-09T14:26:19.695+0000] {subprocess.py:106} INFO - 26/05/09 14:26:19 INFO ServerInfo: Adding filter to /jobs/json: org.apache.hadoop.yarn.server.webproxy.amfilter.AmIpFilter
[2026-05-09T14:26:19.697+0000] {subprocess.py:106} INFO - 26/05/09 14:26:19 INFO ServerInfo: Adding filter to /jobs/job: org.apache.hadoop.yarn.server.webproxy.amfilter.AmIpFilter
[2026-05-09T14:26:19.700+0000] {subprocess.py:106} INFO - 26/05/09 14:26:19 INFO ServerInfo: Adding filter to /jobs/job/json: org.apache.hadoop.yarn.server.webproxy.amfilter.AmIpFilter
[2026-05-09T14:26:19.703+0000] {subprocess.py:106} INFO - 26/05/09 14:26:19 INFO ServerInfo: Adding filter to /stages: org.apache.hadoop.yarn.server.webproxy.amfilter.AmIpFilter
[2026-05-09T14:26:19.708+0000] {subprocess.py:106} INFO - 26/05/09 14:26:19 INFO ServerInfo: Adding filter to /stages/json: org.apache.hadoop.yarn.server.webproxy.amfilter.AmIpFilter
[2026-05-09T14:26:19.709+0000] {subprocess.py:106} INFO - 26/05/09 14:26:19 INFO ServerInfo: Adding filter to /stages/stage: org.apache.hadoop.yarn.server.webproxy.amfilter.AmIpFilter
[2026-05-09T14:26:19.713+0000] {subprocess.py:106} INFO - 26/05/09 14:26:19 INFO ServerInfo: Adding filter to /stages/stage/json: org.apache.hadoop.yarn.server.webproxy.amfilter.AmIpFilter
[2026-05-09T14:26:19.718+0000] {subprocess.py:106} INFO - 26/05/09 14:26:19 INFO ServerInfo: Adding filter to /stages/pool: org.apache.hadoop.yarn.server.webproxy.amfilter.AmIpFilter
[2026-05-09T14:26:19.721+0000] {subprocess.py:106} INFO - 26/05/09 14:26:19 INFO ServerInfo: Adding filter to /stages/pool/json: org.apache.hadoop.yarn.server.webproxy.amfilter.AmIpFilter
[2026-05-09T14:26:19.724+0000] {subprocess.py:106} INFO - 26/05/09 14:26:19 INFO ServerInfo: Adding filter to /storage: org.apache.hadoop.yarn.server.webproxy.amfilter.AmIpFilter
[2026-05-09T14:26:19.726+0000] {subprocess.py:106} INFO - 26/05/09 14:26:19 INFO ServerInfo: Adding filter to /storage/json: org.apache.hadoop.yarn.server.webproxy.amfilter.AmIpFilter
[2026-05-09T14:26:19.730+0000] {subprocess.py:106} INFO - 26/05/09 14:26:19 INFO ServerInfo: Adding filter to /storage/rdd: org.apache.hadoop.yarn.server.webproxy.amfilter.AmIpFilter
[2026-05-09T14:26:19.731+0000] {subprocess.py:106} INFO - 26/05/09 14:26:19 INFO ServerInfo: Adding filter to /storage/rdd/json: org.apache.hadoop.yarn.server.webproxy.amfilter.AmIpFilter
[2026-05-09T14:26:19.732+0000] {subprocess.py:106} INFO - 26/05/09 14:26:19 INFO ServerInfo: Adding filter to /environment: org.apache.hadoop.yarn.server.webproxy.amfilter.AmIpFilter
[2026-05-09T14:26:19.734+0000] {subprocess.py:106} INFO - 26/05/09 14:26:19 INFO ServerInfo: Adding filter to /environment/json: org.apache.hadoop.yarn.server.webproxy.amfilter.AmIpFilter
[2026-05-09T14:26:19.736+0000] {subprocess.py:106} INFO - 26/05/09 14:26:19 INFO ServerInfo: Adding filter to /executors: org.apache.hadoop.yarn.server.webproxy.amfilter.AmIpFilter
[2026-05-09T14:26:19.738+0000] {subprocess.py:106} INFO - 26/05/09 14:26:19 INFO ServerInfo: Adding filter to /executors/json: org.apache.hadoop.yarn.server.webproxy.amfilter.AmIpFilter
[2026-05-09T14:26:19.739+0000] {subprocess.py:106} INFO - 26/05/09 14:26:19 INFO YarnSchedulerBackend$YarnSchedulerEndpoint: ApplicationMaster registered as NettyRpcEndpointRef(spark-client://YarnAM)
[2026-05-09T14:26:19.741+0000] {subprocess.py:106} INFO - 26/05/09 14:26:19 INFO ServerInfo: Adding filter to /executors/threadDump: org.apache.hadoop.yarn.server.webproxy.amfilter.AmIpFilter
[2026-05-09T14:26:19.742+0000] {subprocess.py:106} INFO - 26/05/09 14:26:19 INFO ServerInfo: Adding filter to /executors/threadDump/json: org.apache.hadoop.yarn.server.webproxy.amfilter.AmIpFilter
[2026-05-09T14:26:19.745+0000] {subprocess.py:106} INFO - 26/05/09 14:26:19 INFO ServerInfo: Adding filter to /executors/heapHistogram: org.apache.hadoop.yarn.server.webproxy.amfilter.AmIpFilter
[2026-05-09T14:26:19.747+0000] {subprocess.py:106} INFO - 26/05/09 14:26:19 INFO ServerInfo: Adding filter to /executors/heapHistogram/json: org.apache.hadoop.yarn.server.webproxy.amfilter.AmIpFilter
[2026-05-09T14:26:19.749+0000] {subprocess.py:106} INFO - 26/05/09 14:26:19 INFO ServerInfo: Adding filter to /static: org.apache.hadoop.yarn.server.webproxy.amfilter.AmIpFilter
[2026-05-09T14:26:19.761+0000] {subprocess.py:106} INFO - 26/05/09 14:26:19 INFO ServerInfo: Adding filter to /: org.apache.hadoop.yarn.server.webproxy.amfilter.AmIpFilter
[2026-05-09T14:26:19.762+0000] {subprocess.py:106} INFO - 26/05/09 14:26:19 INFO ServerInfo: Adding filter to /api: org.apache.hadoop.yarn.server.webproxy.amfilter.AmIpFilter
[2026-05-09T14:26:19.766+0000] {subprocess.py:106} INFO - 26/05/09 14:26:19 INFO ServerInfo: Adding filter to /jobs/job/kill: org.apache.hadoop.yarn.server.webproxy.amfilter.AmIpFilter
[2026-05-09T14:26:19.768+0000] {subprocess.py:106} INFO - 26/05/09 14:26:19 INFO ServerInfo: Adding filter to /stages/stage/kill: org.apache.hadoop.yarn.server.webproxy.amfilter.AmIpFilter
[2026-05-09T14:26:19.777+0000] {subprocess.py:106} INFO - 26/05/09 14:26:19 INFO ServerInfo: Adding filter to /metrics/json: org.apache.hadoop.yarn.server.webproxy.amfilter.AmIpFilter
[2026-05-09T14:26:25.288+0000] {subprocess.py:106} INFO - 26/05/09 14:26:25 INFO YarnSchedulerBackend$YarnDriverEndpoint: Registered executor NettyRpcEndpointRef(spark-client://Executor) (172.30.1.25:35170) with ID 1,  ResourceProfileId 0
[2026-05-09T14:26:25.397+0000] {subprocess.py:106} INFO - 26/05/09 14:26:25 INFO BlockManagerMasterEndpoint: Registering block manager 6303bebb27dc:37085 with 93.3 MiB RAM, BlockManagerId(1, 6303bebb27dc, 37085, None)
[2026-05-09T14:26:30.840+0000] {subprocess.py:106} INFO - 26/05/09 14:26:30 INFO YarnClientSchedulerBackend: SchedulerBackend is ready for scheduling beginning after waiting maxRegisteredResourcesWaitingTime: 30000000000(ns)
[2026-05-09T14:26:31.052+0000] {subprocess.py:106} INFO - ✅ Spark Connected!
[2026-05-09T14:26:31.053+0000] {subprocess.py:106} INFO - 📥 Reading orders...
[2026-05-09T14:26:31.061+0000] {subprocess.py:106} INFO - 26/05/09 14:26:31 INFO SharedState: Setting hive.metastore.warehouse.dir ('null') to the value of spark.sql.warehouse.dir.
[2026-05-09T14:26:31.063+0000] {subprocess.py:106} INFO - 26/05/09 14:26:31 INFO SharedState: Warehouse path is 'file:/home/jovyan/spark-warehouse'.
[2026-05-09T14:26:31.085+0000] {subprocess.py:106} INFO - 26/05/09 14:26:31 INFO ServerInfo: Adding filter to /SQL: org.apache.hadoop.yarn.server.webproxy.amfilter.AmIpFilter
[2026-05-09T14:26:31.087+0000] {subprocess.py:106} INFO - 26/05/09 14:26:31 INFO ServerInfo: Adding filter to /SQL/json: org.apache.hadoop.yarn.server.webproxy.amfilter.AmIpFilter
[2026-05-09T14:26:31.089+0000] {subprocess.py:106} INFO - 26/05/09 14:26:31 INFO ServerInfo: Adding filter to /SQL/execution: org.apache.hadoop.yarn.server.webproxy.amfilter.AmIpFilter
[2026-05-09T14:26:31.091+0000] {subprocess.py:106} INFO - 26/05/09 14:26:31 INFO ServerInfo: Adding filter to /SQL/execution/json: org.apache.hadoop.yarn.server.webproxy.amfilter.AmIpFilter
[2026-05-09T14:26:31.095+0000] {subprocess.py:106} INFO - 26/05/09 14:26:31 INFO ServerInfo: Adding filter to /static/sql: org.apache.hadoop.yarn.server.webproxy.amfilter.AmIpFilter
[2026-05-09T14:26:31.856+0000] {subprocess.py:106} INFO - 26/05/09 14:26:31 INFO YarnSchedulerBackend$YarnDriverEndpoint: Registered executor NettyRpcEndpointRef(spark-client://Executor) (172.30.1.26:45270) with ID 2,  ResourceProfileId 0
[2026-05-09T14:26:31.959+0000] {subprocess.py:106} INFO - 26/05/09 14:26:31 INFO BlockManagerMasterEndpoint: Registering block manager 00a554289257:45461 with 93.3 MiB RAM, BlockManagerId(2, 00a554289257, 45461, None)
[2026-05-09T14:26:32.261+0000] {subprocess.py:106} INFO - 26/05/09 14:26:32 INFO InMemoryFileIndex: It took 168 ms to list leaf files for 1 paths.
[2026-05-09T14:26:33.390+0000] {subprocess.py:106} INFO - 26/05/09 14:26:33 INFO FileSourceStrategy: Pushed Filters:
[2026-05-09T14:26:33.402+0000] {subprocess.py:106} INFO - 26/05/09 14:26:33 INFO FileSourceStrategy: Post-Scan Filters:
[2026-05-09T14:26:33.987+0000] {subprocess.py:106} INFO - 26/05/09 14:26:33 INFO CodeGenerator: Code generated in 222.628066 ms
[2026-05-09T14:26:34.039+0000] {subprocess.py:106} INFO - 26/05/09 14:26:34 INFO MemoryStore: Block broadcast_0 stored as values in memory (estimated size 206.3 KiB, free 434.2 MiB)
[2026-05-09T14:26:34.090+0000] {subprocess.py:106} INFO - 26/05/09 14:26:34 INFO MemoryStore: Block broadcast_0_piece0 stored as bytes in memory (estimated size 35.1 KiB, free 434.2 MiB)
[2026-05-09T14:26:34.094+0000] {subprocess.py:106} INFO - 26/05/09 14:26:34 INFO BlockManagerInfo: Added broadcast_0_piece0 in memory on 172.30.1.13:39053 (size: 35.1 KiB, free: 434.4 MiB)
[2026-05-09T14:26:34.099+0000] {subprocess.py:106} INFO - 26/05/09 14:26:34 INFO SparkContext: Created broadcast 0 from count at NativeMethodAccessorImpl.java:0
[2026-05-09T14:26:34.129+0000] {subprocess.py:106} INFO - 26/05/09 14:26:34 INFO FileSourceScanExec: Planning scan with bin packing, max size: 134217728 bytes, open cost is considered as scanning 4194304 bytes.
[2026-05-09T14:26:34.295+0000] {subprocess.py:106} INFO - 26/05/09 14:26:34 INFO DAGScheduler: Registering RDD 3 (count at NativeMethodAccessorImpl.java:0) as input to shuffle 0
[2026-05-09T14:26:34.303+0000] {subprocess.py:106} INFO - 26/05/09 14:26:34 INFO DAGScheduler: Got map stage job 0 (count at NativeMethodAccessorImpl.java:0) with 4 output partitions
[2026-05-09T14:26:34.304+0000] {subprocess.py:106} INFO - 26/05/09 14:26:34 INFO DAGScheduler: Final stage: ShuffleMapStage 0 (count at NativeMethodAccessorImpl.java:0)
[2026-05-09T14:26:34.305+0000] {subprocess.py:106} INFO - 26/05/09 14:26:34 INFO DAGScheduler: Parents of final stage: List()
[2026-05-09T14:26:34.305+0000] {subprocess.py:106} INFO - 26/05/09 14:26:34 INFO DAGScheduler: Missing parents: List()
[2026-05-09T14:26:34.308+0000] {subprocess.py:106} INFO - 26/05/09 14:26:34 INFO DAGScheduler: Submitting ShuffleMapStage 0 (MapPartitionsRDD[3] at count at NativeMethodAccessorImpl.java:0), which has no missing parents
[2026-05-09T14:26:34.410+0000] {subprocess.py:106} INFO - 26/05/09 14:26:34 INFO MemoryStore: Block broadcast_1 stored as values in memory (estimated size 18.0 KiB, free 434.1 MiB)
[2026-05-09T14:26:34.412+0000] {subprocess.py:106} INFO - 26/05/09 14:26:34 INFO MemoryStore: Block broadcast_1_piece0 stored as bytes in memory (estimated size 8.9 KiB, free 434.1 MiB)
[2026-05-09T14:26:34.414+0000] {subprocess.py:106} INFO - 26/05/09 14:26:34 INFO BlockManagerInfo: Added broadcast_1_piece0 in memory on 172.30.1.13:39053 (size: 8.9 KiB, free: 434.4 MiB)
[2026-05-09T14:26:34.414+0000] {subprocess.py:106} INFO - 26/05/09 14:26:34 INFO SparkContext: Created broadcast 1 from broadcast at DAGScheduler.scala:1580
[2026-05-09T14:26:34.428+0000] {subprocess.py:106} INFO - 26/05/09 14:26:34 INFO DAGScheduler: Submitting 4 missing tasks from ShuffleMapStage 0 (MapPartitionsRDD[3] at count at NativeMethodAccessorImpl.java:0) (first 15 tasks are for partitions Vector(0, 1, 2, 3))
[2026-05-09T14:26:34.429+0000] {subprocess.py:106} INFO - 26/05/09 14:26:34 INFO YarnScheduler: Adding task set 0.0 with 4 tasks resource profile 0
[2026-05-09T14:26:34.464+0000] {subprocess.py:106} INFO - 26/05/09 14:26:34 INFO TaskSetManager: Starting task 0.0 in stage 0.0 (TID 0) (00a554289257, executor 2, partition 0, RACK_LOCAL, 12210 bytes)
[2026-05-09T14:26:34.470+0000] {subprocess.py:106} INFO - 26/05/09 14:26:34 INFO TaskSetManager: Starting task 1.0 in stage 0.0 (TID 1) (6303bebb27dc, executor 1, partition 1, RACK_LOCAL, 12209 bytes)
[2026-05-09T14:26:34.771+0000] {subprocess.py:106} INFO - 26/05/09 14:26:34 INFO BlockManagerInfo: Added broadcast_1_piece0 in memory on 00a554289257:45461 (size: 8.9 KiB, free: 93.3 MiB)
[2026-05-09T14:26:34.783+0000] {subprocess.py:106} INFO - 26/05/09 14:26:34 INFO BlockManagerInfo: Added broadcast_1_piece0 in memory on 6303bebb27dc:37085 (size: 8.9 KiB, free: 93.3 MiB)
[2026-05-09T14:26:36.422+0000] {subprocess.py:106} INFO - 26/05/09 14:26:36 INFO BlockManagerInfo: Added broadcast_0_piece0 in memory on 6303bebb27dc:37085 (size: 35.1 KiB, free: 93.3 MiB)
[2026-05-09T14:26:36.423+0000] {subprocess.py:106} INFO - 26/05/09 14:26:36 INFO BlockManagerInfo: Added broadcast_0_piece0 in memory on 00a554289257:45461 (size: 35.1 KiB, free: 93.3 MiB)
[2026-05-09T14:26:38.216+0000] {subprocess.py:106} INFO - 26/05/09 14:26:38 INFO TaskSetManager: Starting task 2.0 in stage 0.0 (TID 2) (6303bebb27dc, executor 1, partition 2, RACK_LOCAL, 12211 bytes)
[2026-05-09T14:26:38.232+0000] {subprocess.py:106} INFO - 26/05/09 14:26:38 INFO TaskSetManager: Finished task 1.0 in stage 0.0 (TID 1) in 3762 ms on 6303bebb27dc (executor 1) (1/4)
[2026-05-09T14:26:38.478+0000] {subprocess.py:106} INFO - 26/05/09 14:26:38 INFO TaskSetManager: Starting task 3.0 in stage 0.0 (TID 3) (00a554289257, executor 2, partition 3, RACK_LOCAL, 9046 bytes)
[2026-05-09T14:26:38.480+0000] {subprocess.py:106} INFO - 26/05/09 14:26:38 INFO TaskSetManager: Finished task 0.0 in stage 0.0 (TID 0) in 4026 ms on 00a554289257 (executor 2) (2/4)
[2026-05-09T14:26:38.599+0000] {subprocess.py:106} INFO - 26/05/09 14:26:38 INFO TaskSetManager: Finished task 2.0 in stage 0.0 (TID 2) in 384 ms on 6303bebb27dc (executor 1) (3/4)
[2026-05-09T14:26:38.600+0000] {subprocess.py:106} INFO - 26/05/09 14:26:38 INFO TaskSetManager: Finished task 3.0 in stage 0.0 (TID 3) in 123 ms on 00a554289257 (executor 2) (4/4)
[2026-05-09T14:26:38.601+0000] {subprocess.py:106} INFO - 26/05/09 14:26:38 INFO YarnScheduler: Removed TaskSet 0.0, whose tasks have all completed, from pool
[2026-05-09T14:26:38.602+0000] {subprocess.py:106} INFO - 26/05/09 14:26:38 INFO DAGScheduler: ShuffleMapStage 0 (count at NativeMethodAccessorImpl.java:0) finished in 4.276 s
[2026-05-09T14:26:38.603+0000] {subprocess.py:106} INFO - 26/05/09 14:26:38 INFO DAGScheduler: looking for newly runnable stages
[2026-05-09T14:26:38.603+0000] {subprocess.py:106} INFO - 26/05/09 14:26:38 INFO DAGScheduler: running: Set()
[2026-05-09T14:26:38.604+0000] {subprocess.py:106} INFO - 26/05/09 14:26:38 INFO DAGScheduler: waiting: Set()
[2026-05-09T14:26:38.604+0000] {subprocess.py:106} INFO - 26/05/09 14:26:38 INFO DAGScheduler: failed: Set()
[2026-05-09T14:26:38.652+0000] {subprocess.py:106} INFO - 26/05/09 14:26:38 INFO CodeGenerator: Code generated in 16.382442 ms
[2026-05-09T14:26:38.690+0000] {subprocess.py:106} INFO - 26/05/09 14:26:38 INFO SparkContext: Starting job: count at NativeMethodAccessorImpl.java:0
[2026-05-09T14:26:38.695+0000] {subprocess.py:106} INFO - 26/05/09 14:26:38 INFO DAGScheduler: Got job 1 (count at NativeMethodAccessorImpl.java:0) with 1 output partitions
[2026-05-09T14:26:38.696+0000] {subprocess.py:106} INFO - 26/05/09 14:26:38 INFO DAGScheduler: Final stage: ResultStage 2 (count at NativeMethodAccessorImpl.java:0)
[2026-05-09T14:26:38.697+0000] {subprocess.py:106} INFO - 26/05/09 14:26:38 INFO DAGScheduler: Parents of final stage: List(ShuffleMapStage 1)
[2026-05-09T14:26:38.698+0000] {subprocess.py:106} INFO - 26/05/09 14:26:38 INFO DAGScheduler: Missing parents: List()
[2026-05-09T14:26:38.699+0000] {subprocess.py:106} INFO - 26/05/09 14:26:38 INFO DAGScheduler: Submitting ResultStage 2 (MapPartitionsRDD[6] at count at NativeMethodAccessorImpl.java:0), which has no missing parents
[2026-05-09T14:26:38.709+0000] {subprocess.py:106} INFO - 26/05/09 14:26:38 INFO MemoryStore: Block broadcast_2 stored as values in memory (estimated size 12.5 KiB, free 434.1 MiB)
[2026-05-09T14:26:38.712+0000] {subprocess.py:106} INFO - 26/05/09 14:26:38 INFO MemoryStore: Block broadcast_2_piece0 stored as bytes in memory (estimated size 5.9 KiB, free 434.1 MiB)
[2026-05-09T14:26:38.714+0000] {subprocess.py:106} INFO - 26/05/09 14:26:38 INFO BlockManagerInfo: Added broadcast_2_piece0 in memory on 172.30.1.13:39053 (size: 5.9 KiB, free: 434.4 MiB)
[2026-05-09T14:26:38.714+0000] {subprocess.py:106} INFO - 26/05/09 14:26:38 INFO SparkContext: Created broadcast 2 from broadcast at DAGScheduler.scala:1580
[2026-05-09T14:26:38.717+0000] {subprocess.py:106} INFO - 26/05/09 14:26:38 INFO DAGScheduler: Submitting 1 missing tasks from ResultStage 2 (MapPartitionsRDD[6] at count at NativeMethodAccessorImpl.java:0) (first 15 tasks are for partitions Vector(0))
[2026-05-09T14:26:38.718+0000] {subprocess.py:106} INFO - 26/05/09 14:26:38 INFO YarnScheduler: Adding task set 2.0 with 1 tasks resource profile 0
[2026-05-09T14:26:38.721+0000] {subprocess.py:106} INFO - 26/05/09 14:26:38 INFO TaskSetManager: Starting task 0.0 in stage 2.0 (TID 4) (00a554289257, executor 2, partition 0, NODE_LOCAL, 7626 bytes)
[2026-05-09T14:26:38.750+0000] {subprocess.py:106} INFO - 26/05/09 14:26:38 INFO BlockManagerInfo: Added broadcast_2_piece0 in memory on 00a554289257:45461 (size: 5.9 KiB, free: 93.3 MiB)
[2026-05-09T14:26:38.900+0000] {subprocess.py:106} INFO - 26/05/09 14:26:38 INFO MapOutputTrackerMasterEndpoint: Asked to send map output locations for shuffle 0 to 172.30.1.26:45270
[2026-05-09T14:26:39.044+0000] {subprocess.py:106} INFO - 26/05/09 14:26:39 INFO TaskSetManager: Finished task 0.0 in stage 2.0 (TID 4) in 324 ms on 00a554289257 (executor 2) (1/1)
[2026-05-09T14:26:39.045+0000] {subprocess.py:106} INFO - 26/05/09 14:26:39 INFO YarnScheduler: Removed TaskSet 2.0, whose tasks have all completed, from pool
[2026-05-09T14:26:39.047+0000] {subprocess.py:106} INFO - 26/05/09 14:26:39 INFO DAGScheduler: ResultStage 2 (count at NativeMethodAccessorImpl.java:0) finished in 0.341 s
[2026-05-09T14:26:39.048+0000] {subprocess.py:106} INFO - 26/05/09 14:26:39 INFO DAGScheduler: Job 1 is finished. Cancelling potential speculative or zombie tasks for this job
[2026-05-09T14:26:39.050+0000] {subprocess.py:106} INFO - 26/05/09 14:26:39 INFO YarnScheduler: Killing all running tasks in stage 2: Stage finished
[2026-05-09T14:26:39.051+0000] {subprocess.py:106} INFO - 26/05/09 14:26:39 INFO DAGScheduler: Job 1 finished: count at NativeMethodAccessorImpl.java:0, took 0.360619 s
[2026-05-09T14:26:39.062+0000] {subprocess.py:106} INFO - ⚡ 99441 rows found!
[2026-05-09T14:26:39.133+0000] {subprocess.py:106} INFO - 26/05/09 14:26:39 INFO FileSourceStrategy: Pushed Filters:
[2026-05-09T14:26:39.133+0000] {subprocess.py:106} INFO - 26/05/09 14:26:39 INFO FileSourceStrategy: Post-Scan Filters:
[2026-05-09T14:26:39.207+0000] {subprocess.py:106} INFO - 26/05/09 14:26:39 INFO ParquetUtils: Using default output committer for Parquet: org.apache.parquet.hadoop.ParquetOutputCommitter
[2026-05-09T14:26:39.239+0000] {subprocess.py:106} INFO - 26/05/09 14:26:39 INFO FileOutputCommitter: File Output Committer Algorithm version is 1
[2026-05-09T14:26:39.240+0000] {subprocess.py:106} INFO - 26/05/09 14:26:39 INFO FileOutputCommitter: FileOutputCommitter skip cleanup _temporary folders under output directory:false, ignore cleanup failures: false
[2026-05-09T14:26:39.241+0000] {subprocess.py:106} INFO - 26/05/09 14:26:39 INFO SQLHadoopMapReduceCommitProtocol: Using user defined output committer class org.apache.parquet.hadoop.ParquetOutputCommitter
[2026-05-09T14:26:39.242+0000] {subprocess.py:106} INFO - 26/05/09 14:26:39 INFO FileOutputCommitter: File Output Committer Algorithm version is 1
[2026-05-09T14:26:39.242+0000] {subprocess.py:106} INFO - 26/05/09 14:26:39 INFO FileOutputCommitter: FileOutputCommitter skip cleanup _temporary folders under output directory:false, ignore cleanup failures: false
[2026-05-09T14:26:39.243+0000] {subprocess.py:106} INFO - 26/05/09 14:26:39 INFO SQLHadoopMapReduceCommitProtocol: Using output committer class org.apache.parquet.hadoop.ParquetOutputCommitter
[2026-05-09T14:26:39.251+0000] {subprocess.py:106} INFO - 26/05/09 14:26:39 INFO MemoryStore: Block broadcast_3 stored as values in memory (estimated size 206.3 KiB, free 433.9 MiB)
[2026-05-09T14:26:39.270+0000] {subprocess.py:106} INFO - 26/05/09 14:26:39 INFO MemoryStore: Block broadcast_3_piece0 stored as bytes in memory (estimated size 35.1 KiB, free 433.9 MiB)
[2026-05-09T14:26:39.279+0000] {subprocess.py:106} INFO - 26/05/09 14:26:39 INFO BlockManagerInfo: Added broadcast_3_piece0 in memory on 172.30.1.13:39053 (size: 35.1 KiB, free: 434.3 MiB)
[2026-05-09T14:26:39.281+0000] {subprocess.py:106} INFO - 26/05/09 14:26:39 INFO SparkContext: Created broadcast 3 from save at NativeMethodAccessorImpl.java:0
[2026-05-09T14:26:39.287+0000] {subprocess.py:106} INFO - 26/05/09 14:26:39 INFO FileSourceScanExec: Planning scan with bin packing, max size: 134217728 bytes, open cost is considered as scanning 4194304 bytes.
[2026-05-09T14:26:39.299+0000] {subprocess.py:106} INFO - 26/05/09 14:26:39 INFO BlockManagerInfo: Removed broadcast_2_piece0 on 172.30.1.13:39053 in memory (size: 5.9 KiB, free: 434.3 MiB)
[2026-05-09T14:26:39.323+0000] {subprocess.py:106} INFO - 26/05/09 14:26:39 INFO BlockManagerInfo: Removed broadcast_2_piece0 on 00a554289257:45461 in memory (size: 5.9 KiB, free: 93.3 MiB)
[2026-05-09T14:26:39.331+0000] {subprocess.py:106} INFO - 26/05/09 14:26:39 INFO SparkContext: Starting job: save at NativeMethodAccessorImpl.java:0
[2026-05-09T14:26:39.333+0000] {subprocess.py:106} INFO - 26/05/09 14:26:39 INFO DAGScheduler: Got job 2 (save at NativeMethodAccessorImpl.java:0) with 4 output partitions
[2026-05-09T14:26:39.334+0000] {subprocess.py:106} INFO - 26/05/09 14:26:39 INFO DAGScheduler: Final stage: ResultStage 3 (save at NativeMethodAccessorImpl.java:0)
[2026-05-09T14:26:39.337+0000] {subprocess.py:106} INFO - 26/05/09 14:26:39 INFO DAGScheduler: Parents of final stage: List()
[2026-05-09T14:26:39.338+0000] {subprocess.py:106} INFO - 26/05/09 14:26:39 INFO DAGScheduler: Missing parents: List()
[2026-05-09T14:26:39.338+0000] {subprocess.py:106} INFO - 26/05/09 14:26:39 INFO DAGScheduler: Submitting ResultStage 3 (MapPartitionsRDD[9] at save at NativeMethodAccessorImpl.java:0), which has no missing parents
[2026-05-09T14:26:39.341+0000] {subprocess.py:106} INFO - 26/05/09 14:26:39 INFO BlockManagerInfo: Removed broadcast_0_piece0 on 172.30.1.13:39053 in memory (size: 35.1 KiB, free: 434.4 MiB)
[2026-05-09T14:26:39.345+0000] {subprocess.py:106} INFO - 26/05/09 14:26:39 INFO BlockManagerInfo: Removed broadcast_0_piece0 on 00a554289257:45461 in memory (size: 35.1 KiB, free: 93.3 MiB)
[2026-05-09T14:26:39.364+0000] {subprocess.py:106} INFO - 26/05/09 14:26:39 INFO BlockManagerInfo: Removed broadcast_0_piece0 on 6303bebb27dc:37085 in memory (size: 35.1 KiB, free: 93.3 MiB)
[2026-05-09T14:26:39.372+0000] {subprocess.py:106} INFO - 26/05/09 14:26:39 INFO MemoryStore: Block broadcast_4 stored as values in memory (estimated size 216.5 KiB, free 433.9 MiB)
[2026-05-09T14:26:39.375+0000] {subprocess.py:106} INFO - 26/05/09 14:26:39 INFO MemoryStore: Block broadcast_4_piece0 stored as bytes in memory (estimated size 78.6 KiB, free 433.8 MiB)
[2026-05-09T14:26:39.379+0000] {subprocess.py:106} INFO - 26/05/09 14:26:39 INFO BlockManagerInfo: Added broadcast_4_piece0 in memory on 172.30.1.13:39053 (size: 78.6 KiB, free: 434.3 MiB)
[2026-05-09T14:26:39.380+0000] {subprocess.py:106} INFO - 26/05/09 14:26:39 INFO BlockManagerInfo: Removed broadcast_1_piece0 on 172.30.1.13:39053 in memory (size: 8.9 KiB, free: 434.3 MiB)
[2026-05-09T14:26:39.381+0000] {subprocess.py:106} INFO - 26/05/09 14:26:39 INFO SparkContext: Created broadcast 4 from broadcast at DAGScheduler.scala:1580
[2026-05-09T14:26:39.381+0000] {subprocess.py:106} INFO - 26/05/09 14:26:39 INFO DAGScheduler: Submitting 4 missing tasks from ResultStage 3 (MapPartitionsRDD[9] at save at NativeMethodAccessorImpl.java:0) (first 15 tasks are for partitions Vector(0, 1, 2, 3))
[2026-05-09T14:26:39.382+0000] {subprocess.py:106} INFO - 26/05/09 14:26:39 INFO BlockManagerInfo: Removed broadcast_1_piece0 on 6303bebb27dc:37085 in memory (size: 8.9 KiB, free: 93.3 MiB)
[2026-05-09T14:26:39.383+0000] {subprocess.py:106} INFO - 26/05/09 14:26:39 INFO YarnScheduler: Adding task set 3.0 with 4 tasks resource profile 0
[2026-05-09T14:26:39.383+0000] {subprocess.py:106} INFO - 26/05/09 14:26:39 INFO BlockManagerInfo: Removed broadcast_1_piece0 on 00a554289257:45461 in memory (size: 8.9 KiB, free: 93.3 MiB)
[2026-05-09T14:26:39.386+0000] {subprocess.py:106} INFO - 26/05/09 14:26:39 INFO TaskSetManager: Starting task 0.0 in stage 3.0 (TID 5) (00a554289257, executor 2, partition 0, RACK_LOCAL, 12221 bytes)
[2026-05-09T14:26:39.387+0000] {subprocess.py:106} INFO - 26/05/09 14:26:39 INFO TaskSetManager: Starting task 1.0 in stage 3.0 (TID 6) (6303bebb27dc, executor 1, partition 1, RACK_LOCAL, 12220 bytes)
[2026-05-09T14:26:39.411+0000] {subprocess.py:106} INFO - 26/05/09 14:26:39 INFO BlockManagerInfo: Added broadcast_4_piece0 in memory on 00a554289257:45461 (size: 78.6 KiB, free: 93.2 MiB)
[2026-05-09T14:26:39.413+0000] {subprocess.py:106} INFO - 26/05/09 14:26:39 INFO BlockManagerInfo: Added broadcast_4_piece0 in memory on 6303bebb27dc:37085 (size: 78.6 KiB, free: 93.2 MiB)
[2026-05-09T14:26:39.662+0000] {subprocess.py:106} INFO - 26/05/09 14:26:39 INFO BlockManagerInfo: Added broadcast_3_piece0 in memory on 6303bebb27dc:37085 (size: 35.1 KiB, free: 93.2 MiB)
[2026-05-09T14:26:40.244+0000] {subprocess.py:106} INFO - 26/05/09 14:26:40 INFO BlockManagerInfo: Added broadcast_3_piece0 in memory on 00a554289257:45461 (size: 35.1 KiB, free: 93.2 MiB)
[2026-05-09T14:26:41.597+0000] {subprocess.py:106} INFO - 26/05/09 14:26:41 INFO TaskSetManager: Starting task 2.0 in stage 3.0 (TID 7) (00a554289257, executor 2, partition 2, RACK_LOCAL, 12222 bytes)
[2026-05-09T14:26:41.603+0000] {subprocess.py:106} INFO - 26/05/09 14:26:41 INFO TaskSetManager: Finished task 0.0 in stage 3.0 (TID 5) in 2218 ms on 00a554289257 (executor 2) (1/4)
[2026-05-09T14:26:41.882+0000] {subprocess.py:106} INFO - 26/05/09 14:26:41 INFO TaskSetManager: Starting task 3.0 in stage 3.0 (TID 8) (6303bebb27dc, executor 1, partition 3, RACK_LOCAL, 9057 bytes)
[2026-05-09T14:26:41.884+0000] {subprocess.py:106} INFO - 26/05/09 14:26:41 INFO TaskSetManager: Finished task 1.0 in stage 3.0 (TID 6) in 2498 ms on 6303bebb27dc (executor 1) (2/4)
[2026-05-09T14:26:42.129+0000] {subprocess.py:106} INFO - 26/05/09 14:26:42 INFO TaskSetManager: Finished task 3.0 in stage 3.0 (TID 8) in 247 ms on 6303bebb27dc (executor 1) (3/4)
[2026-05-09T14:26:42.298+0000] {subprocess.py:106} INFO - 26/05/09 14:26:42 INFO TaskSetManager: Finished task 2.0 in stage 3.0 (TID 7) in 702 ms on 00a554289257 (executor 2) (4/4)
[2026-05-09T14:26:42.299+0000] {subprocess.py:106} INFO - 26/05/09 14:26:42 INFO YarnScheduler: Removed TaskSet 3.0, whose tasks have all completed, from pool
[2026-05-09T14:26:42.300+0000] {subprocess.py:106} INFO - 26/05/09 14:26:42 INFO DAGScheduler: ResultStage 3 (save at NativeMethodAccessorImpl.java:0) finished in 2.962 s
[2026-05-09T14:26:42.301+0000] {subprocess.py:106} INFO - 26/05/09 14:26:42 INFO DAGScheduler: Job 2 is finished. Cancelling potential speculative or zombie tasks for this job
[2026-05-09T14:26:42.301+0000] {subprocess.py:106} INFO - 26/05/09 14:26:42 INFO YarnScheduler: Killing all running tasks in stage 3: Stage finished
[2026-05-09T14:26:42.302+0000] {subprocess.py:106} INFO - 26/05/09 14:26:42 INFO DAGScheduler: Job 2 finished: save at NativeMethodAccessorImpl.java:0, took 2.968942 s
[2026-05-09T14:26:42.302+0000] {subprocess.py:106} INFO - 26/05/09 14:26:42 INFO FileFormatWriter: Start to commit write Job 8ef5bd19-1f22-49ea-8cd3-1d9793d87655.
[2026-05-09T14:26:42.348+0000] {subprocess.py:106} INFO - 26/05/09 14:26:42 INFO FileFormatWriter: Write Job 8ef5bd19-1f22-49ea-8cd3-1d9793d87655 committed. Elapsed time: 44 ms.
[2026-05-09T14:26:42.352+0000] {subprocess.py:106} INFO - 26/05/09 14:26:42 INFO FileFormatWriter: Finished processing stats for write job 8ef5bd19-1f22-49ea-8cd3-1d9793d87655.
[2026-05-09T14:26:42.356+0000] {subprocess.py:106} INFO - ✅ orders saved to Bronze Layer!
[2026-05-09T14:26:42.356+0000] {subprocess.py:106} INFO - 📥 Reading customers...
[2026-05-09T14:26:42.439+0000] {subprocess.py:106} INFO - 26/05/09 14:26:42 INFO InMemoryFileIndex: It took 62 ms to list leaf files for 1 paths.
[2026-05-09T14:26:42.470+0000] {subprocess.py:106} INFO - 26/05/09 14:26:42 INFO FileSourceStrategy: Pushed Filters:
[2026-05-09T14:26:42.471+0000] {subprocess.py:106} INFO - 26/05/09 14:26:42 INFO FileSourceStrategy: Post-Scan Filters:
[2026-05-09T14:26:42.488+0000] {subprocess.py:106} INFO - 26/05/09 14:26:42 INFO MemoryStore: Block broadcast_5 stored as values in memory (estimated size 206.3 KiB, free 433.7 MiB)
[2026-05-09T14:26:42.502+0000] {subprocess.py:106} INFO - 26/05/09 14:26:42 INFO BlockManagerInfo: Removed broadcast_3_piece0 on 172.30.1.13:39053 in memory (size: 35.1 KiB, free: 434.3 MiB)
[2026-05-09T14:26:42.506+0000] {subprocess.py:106} INFO - 26/05/09 14:26:42 INFO MemoryStore: Block broadcast_5_piece0 stored as bytes in memory (estimated size 35.1 KiB, free 433.9 MiB)
[2026-05-09T14:26:42.507+0000] {subprocess.py:106} INFO - 26/05/09 14:26:42 INFO BlockManagerInfo: Removed broadcast_3_piece0 on 00a554289257:45461 in memory (size: 35.1 KiB, free: 93.2 MiB)
[2026-05-09T14:26:42.509+0000] {subprocess.py:106} INFO - 26/05/09 14:26:42 INFO BlockManagerInfo: Removed broadcast_3_piece0 on 6303bebb27dc:37085 in memory (size: 35.1 KiB, free: 93.2 MiB)
[2026-05-09T14:26:42.510+0000] {subprocess.py:106} INFO - 26/05/09 14:26:42 INFO BlockManagerInfo: Added broadcast_5_piece0 in memory on 172.30.1.13:39053 (size: 35.1 KiB, free: 434.3 MiB)
[2026-05-09T14:26:42.511+0000] {subprocess.py:106} INFO - 26/05/09 14:26:42 INFO SparkContext: Created broadcast 5 from count at NativeMethodAccessorImpl.java:0
[2026-05-09T14:26:42.514+0000] {subprocess.py:106} INFO - 26/05/09 14:26:42 INFO FileSourceScanExec: Planning scan with bin packing, max size: 134217728 bytes, open cost is considered as scanning 4194304 bytes.
[2026-05-09T14:26:42.521+0000] {subprocess.py:106} INFO - 26/05/09 14:26:42 INFO BlockManagerInfo: Removed broadcast_4_piece0 on 172.30.1.13:39053 in memory (size: 78.6 KiB, free: 434.4 MiB)
[2026-05-09T14:26:42.524+0000] {subprocess.py:106} INFO - 26/05/09 14:26:42 INFO BlockManagerInfo: Removed broadcast_4_piece0 on 6303bebb27dc:37085 in memory (size: 78.6 KiB, free: 93.3 MiB)
[2026-05-09T14:26:42.525+0000] {subprocess.py:106} INFO - 26/05/09 14:26:42 INFO BlockManagerInfo: Removed broadcast_4_piece0 on 00a554289257:45461 in memory (size: 78.6 KiB, free: 93.3 MiB)
[2026-05-09T14:26:42.543+0000] {subprocess.py:106} INFO - 26/05/09 14:26:42 INFO DAGScheduler: Registering RDD 13 (count at NativeMethodAccessorImpl.java:0) as input to shuffle 1
[2026-05-09T14:26:42.544+0000] {subprocess.py:106} INFO - 26/05/09 14:26:42 INFO DAGScheduler: Got map stage job 3 (count at NativeMethodAccessorImpl.java:0) with 4 output partitions
[2026-05-09T14:26:42.545+0000] {subprocess.py:106} INFO - 26/05/09 14:26:42 INFO DAGScheduler: Final stage: ShuffleMapStage 4 (count at NativeMethodAccessorImpl.java:0)
[2026-05-09T14:26:42.545+0000] {subprocess.py:106} INFO - 26/05/09 14:26:42 INFO DAGScheduler: Parents of final stage: List()
[2026-05-09T14:26:42.546+0000] {subprocess.py:106} INFO - 26/05/09 14:26:42 INFO DAGScheduler: Missing parents: List()
[2026-05-09T14:26:42.546+0000] {subprocess.py:106} INFO - 26/05/09 14:26:42 INFO DAGScheduler: Submitting ShuffleMapStage 4 (MapPartitionsRDD[13] at count at NativeMethodAccessorImpl.java:0), which has no missing parents
[2026-05-09T14:26:42.549+0000] {subprocess.py:106} INFO - 26/05/09 14:26:42 INFO MemoryStore: Block broadcast_6 stored as values in memory (estimated size 17.8 KiB, free 434.1 MiB)
[2026-05-09T14:26:42.557+0000] {subprocess.py:106} INFO - 26/05/09 14:26:42 INFO MemoryStore: Block broadcast_6_piece0 stored as bytes in memory (estimated size 8.8 KiB, free 434.1 MiB)
[2026-05-09T14:26:42.558+0000] {subprocess.py:106} INFO - 26/05/09 14:26:42 INFO BlockManagerInfo: Added broadcast_6_piece0 in memory on 172.30.1.13:39053 (size: 8.8 KiB, free: 434.4 MiB)
[2026-05-09T14:26:42.559+0000] {subprocess.py:106} INFO - 26/05/09 14:26:42 INFO SparkContext: Created broadcast 6 from broadcast at DAGScheduler.scala:1580
[2026-05-09T14:26:42.560+0000] {subprocess.py:106} INFO - 26/05/09 14:26:42 INFO DAGScheduler: Submitting 4 missing tasks from ShuffleMapStage 4 (MapPartitionsRDD[13] at count at NativeMethodAccessorImpl.java:0) (first 15 tasks are for partitions Vector(0, 1, 2, 3))
[2026-05-09T14:26:42.560+0000] {subprocess.py:106} INFO - 26/05/09 14:26:42 INFO YarnScheduler: Adding task set 4.0 with 4 tasks resource profile 0
[2026-05-09T14:26:42.563+0000] {subprocess.py:106} INFO - 26/05/09 14:26:42 INFO TaskSetManager: Starting task 0.0 in stage 4.0 (TID 9) (00a554289257, executor 2, partition 0, RACK_LOCAL, 12439 bytes)
[2026-05-09T14:26:42.564+0000] {subprocess.py:106} INFO - 26/05/09 14:26:42 INFO TaskSetManager: Starting task 1.0 in stage 4.0 (TID 10) (6303bebb27dc, executor 1, partition 1, RACK_LOCAL, 12439 bytes)
[2026-05-09T14:26:42.581+0000] {subprocess.py:106} INFO - 26/05/09 14:26:42 INFO BlockManagerInfo: Added broadcast_6_piece0 in memory on 00a554289257:45461 (size: 8.8 KiB, free: 93.3 MiB)
[2026-05-09T14:26:42.587+0000] {subprocess.py:106} INFO - 26/05/09 14:26:42 INFO BlockManagerInfo: Added broadcast_6_piece0 in memory on 6303bebb27dc:37085 (size: 8.8 KiB, free: 93.3 MiB)
[2026-05-09T14:26:42.604+0000] {subprocess.py:106} INFO - 26/05/09 14:26:42 INFO BlockManagerInfo: Added broadcast_5_piece0 in memory on 00a554289257:45461 (size: 35.1 KiB, free: 93.3 MiB)
[2026-05-09T14:26:42.609+0000] {subprocess.py:106} INFO - 26/05/09 14:26:42 INFO BlockManagerInfo: Added broadcast_5_piece0 in memory on 6303bebb27dc:37085 (size: 35.1 KiB, free: 93.3 MiB)
[2026-05-09T14:26:42.967+0000] {subprocess.py:106} INFO - 26/05/09 14:26:42 INFO TaskSetManager: Starting task 2.0 in stage 4.0 (TID 11) (00a554289257, executor 2, partition 2, RACK_LOCAL, 12437 bytes)
[2026-05-09T14:26:42.968+0000] {subprocess.py:106} INFO - 26/05/09 14:26:42 INFO TaskSetManager: Finished task 0.0 in stage 4.0 (TID 9) in 405 ms on 00a554289257 (executor 2) (1/4)
[2026-05-09T14:26:42.970+0000] {subprocess.py:106} INFO - 26/05/09 14:26:42 INFO TaskSetManager: Starting task 3.0 in stage 4.0 (TID 12) (6303bebb27dc, executor 1, partition 3, RACK_LOCAL, 8661 bytes)
[2026-05-09T14:26:42.973+0000] {subprocess.py:106} INFO - 26/05/09 14:26:42 INFO TaskSetManager: Finished task 1.0 in stage 4.0 (TID 10) in 407 ms on 6303bebb27dc (executor 1) (2/4)
[2026-05-09T14:26:43.023+0000] {subprocess.py:106} INFO - 26/05/09 14:26:43 INFO TaskSetManager: Finished task 3.0 in stage 4.0 (TID 12) in 54 ms on 6303bebb27dc (executor 1) (3/4)
[2026-05-09T14:26:43.223+0000] {subprocess.py:106} INFO - 26/05/09 14:26:43 INFO TaskSetManager: Finished task 2.0 in stage 4.0 (TID 11) in 257 ms on 00a554289257 (executor 2) (4/4)
[2026-05-09T14:26:43.224+0000] {subprocess.py:106} INFO - 26/05/09 14:26:43 INFO YarnScheduler: Removed TaskSet 4.0, whose tasks have all completed, from pool
[2026-05-09T14:26:43.225+0000] {subprocess.py:106} INFO - 26/05/09 14:26:43 INFO DAGScheduler: ShuffleMapStage 4 (count at NativeMethodAccessorImpl.java:0) finished in 0.677 s
[2026-05-09T14:26:43.225+0000] {subprocess.py:106} INFO - 26/05/09 14:26:43 INFO DAGScheduler: looking for newly runnable stages
[2026-05-09T14:26:43.226+0000] {subprocess.py:106} INFO - 26/05/09 14:26:43 INFO DAGScheduler: running: Set()
[2026-05-09T14:26:43.226+0000] {subprocess.py:106} INFO - 26/05/09 14:26:43 INFO DAGScheduler: waiting: Set()
[2026-05-09T14:26:43.227+0000] {subprocess.py:106} INFO - 26/05/09 14:26:43 INFO DAGScheduler: failed: Set()
[2026-05-09T14:26:43.249+0000] {subprocess.py:106} INFO - 26/05/09 14:26:43 INFO SparkContext: Starting job: count at NativeMethodAccessorImpl.java:0
[2026-05-09T14:26:43.251+0000] {subprocess.py:106} INFO - 26/05/09 14:26:43 INFO DAGScheduler: Got job 4 (count at NativeMethodAccessorImpl.java:0) with 1 output partitions
[2026-05-09T14:26:43.252+0000] {subprocess.py:106} INFO - 26/05/09 14:26:43 INFO DAGScheduler: Final stage: ResultStage 6 (count at NativeMethodAccessorImpl.java:0)
[2026-05-09T14:26:43.254+0000] {subprocess.py:106} INFO - 26/05/09 14:26:43 INFO DAGScheduler: Parents of final stage: List(ShuffleMapStage 5)
[2026-05-09T14:26:43.254+0000] {subprocess.py:106} INFO - 26/05/09 14:26:43 INFO DAGScheduler: Missing parents: List()
[2026-05-09T14:26:43.255+0000] {subprocess.py:106} INFO - 26/05/09 14:26:43 INFO DAGScheduler: Submitting ResultStage 6 (MapPartitionsRDD[16] at count at NativeMethodAccessorImpl.java:0), which has no missing parents
[2026-05-09T14:26:43.256+0000] {subprocess.py:106} INFO - 26/05/09 14:26:43 INFO MemoryStore: Block broadcast_7 stored as values in memory (estimated size 12.5 KiB, free 434.1 MiB)
[2026-05-09T14:26:43.264+0000] {subprocess.py:106} INFO - 26/05/09 14:26:43 INFO MemoryStore: Block broadcast_7_piece0 stored as bytes in memory (estimated size 6.0 KiB, free 434.1 MiB)
[2026-05-09T14:26:43.269+0000] {subprocess.py:106} INFO - 26/05/09 14:26:43 INFO BlockManagerInfo: Added broadcast_7_piece0 in memory on 172.30.1.13:39053 (size: 6.0 KiB, free: 434.4 MiB)
[2026-05-09T14:26:43.270+0000] {subprocess.py:106} INFO - 26/05/09 14:26:43 INFO BlockManagerInfo: Removed broadcast_6_piece0 on 172.30.1.13:39053 in memory (size: 8.8 KiB, free: 434.4 MiB)
[2026-05-09T14:26:43.271+0000] {subprocess.py:106} INFO - 26/05/09 14:26:43 INFO SparkContext: Created broadcast 7 from broadcast at DAGScheduler.scala:1580
[2026-05-09T14:26:43.272+0000] {subprocess.py:106} INFO - 26/05/09 14:26:43 INFO DAGScheduler: Submitting 1 missing tasks from ResultStage 6 (MapPartitionsRDD[16] at count at NativeMethodAccessorImpl.java:0) (first 15 tasks are for partitions Vector(0))
[2026-05-09T14:26:43.272+0000] {subprocess.py:106} INFO - 26/05/09 14:26:43 INFO YarnScheduler: Adding task set 6.0 with 1 tasks resource profile 0
[2026-05-09T14:26:43.273+0000] {subprocess.py:106} INFO - 26/05/09 14:26:43 INFO BlockManagerInfo: Removed broadcast_6_piece0 on 00a554289257:45461 in memory (size: 8.8 KiB, free: 93.3 MiB)
[2026-05-09T14:26:43.274+0000] {subprocess.py:106} INFO - 26/05/09 14:26:43 INFO BlockManagerInfo: Removed broadcast_6_piece0 on 6303bebb27dc:37085 in memory (size: 8.8 KiB, free: 93.3 MiB)
[2026-05-09T14:26:43.274+0000] {subprocess.py:106} INFO - 26/05/09 14:26:43 INFO TaskSetManager: Starting task 0.0 in stage 6.0 (TID 13) (00a554289257, executor 2, partition 0, NODE_LOCAL, 7626 bytes)
[2026-05-09T14:26:43.290+0000] {subprocess.py:106} INFO - 26/05/09 14:26:43 INFO BlockManagerInfo: Added broadcast_7_piece0 in memory on 00a554289257:45461 (size: 6.0 KiB, free: 93.3 MiB)
[2026-05-09T14:26:43.297+0000] {subprocess.py:106} INFO - 26/05/09 14:26:43 INFO MapOutputTrackerMasterEndpoint: Asked to send map output locations for shuffle 1 to 172.30.1.26:45270
[2026-05-09T14:26:43.320+0000] {subprocess.py:106} INFO - 26/05/09 14:26:43 INFO TaskSetManager: Finished task 0.0 in stage 6.0 (TID 13) in 48 ms on 00a554289257 (executor 2) (1/1)
[2026-05-09T14:26:43.321+0000] {subprocess.py:106} INFO - 26/05/09 14:26:43 INFO YarnScheduler: Removed TaskSet 6.0, whose tasks have all completed, from pool
[2026-05-09T14:26:43.322+0000] {subprocess.py:106} INFO - 26/05/09 14:26:43 INFO DAGScheduler: ResultStage 6 (count at NativeMethodAccessorImpl.java:0) finished in 0.066 s
[2026-05-09T14:26:43.322+0000] {subprocess.py:106} INFO - 26/05/09 14:26:43 INFO DAGScheduler: Job 4 is finished. Cancelling potential speculative or zombie tasks for this job
[2026-05-09T14:26:43.323+0000] {subprocess.py:106} INFO - 26/05/09 14:26:43 INFO YarnScheduler: Killing all running tasks in stage 6: Stage finished
[2026-05-09T14:26:43.323+0000] {subprocess.py:106} INFO - 26/05/09 14:26:43 INFO DAGScheduler: Job 4 finished: count at NativeMethodAccessorImpl.java:0, took 0.072898 s
[2026-05-09T14:26:43.326+0000] {subprocess.py:106} INFO - ⚡ 99441 rows found!
[2026-05-09T14:26:43.343+0000] {subprocess.py:106} INFO - 26/05/09 14:26:43 INFO FileSourceStrategy: Pushed Filters:
[2026-05-09T14:26:43.344+0000] {subprocess.py:106} INFO - 26/05/09 14:26:43 INFO FileSourceStrategy: Post-Scan Filters:
[2026-05-09T14:26:43.356+0000] {subprocess.py:106} INFO - 26/05/09 14:26:43 INFO ParquetUtils: Using default output committer for Parquet: org.apache.parquet.hadoop.ParquetOutputCommitter
[2026-05-09T14:26:43.357+0000] {subprocess.py:106} INFO - 26/05/09 14:26:43 INFO FileOutputCommitter: File Output Committer Algorithm version is 1
[2026-05-09T14:26:43.358+0000] {subprocess.py:106} INFO - 26/05/09 14:26:43 INFO FileOutputCommitter: FileOutputCommitter skip cleanup _temporary folders under output directory:false, ignore cleanup failures: false
[2026-05-09T14:26:43.359+0000] {subprocess.py:106} INFO - 26/05/09 14:26:43 INFO SQLHadoopMapReduceCommitProtocol: Using user defined output committer class org.apache.parquet.hadoop.ParquetOutputCommitter
[2026-05-09T14:26:43.359+0000] {subprocess.py:106} INFO - 26/05/09 14:26:43 INFO FileOutputCommitter: File Output Committer Algorithm version is 1
[2026-05-09T14:26:43.360+0000] {subprocess.py:106} INFO - 26/05/09 14:26:43 INFO FileOutputCommitter: FileOutputCommitter skip cleanup _temporary folders under output directory:false, ignore cleanup failures: false
[2026-05-09T14:26:43.360+0000] {subprocess.py:106} INFO - 26/05/09 14:26:43 INFO SQLHadoopMapReduceCommitProtocol: Using output committer class org.apache.parquet.hadoop.ParquetOutputCommitter
[2026-05-09T14:26:43.365+0000] {subprocess.py:106} INFO - 26/05/09 14:26:43 INFO MemoryStore: Block broadcast_8 stored as values in memory (estimated size 206.3 KiB, free 433.9 MiB)
[2026-05-09T14:26:43.381+0000] {subprocess.py:106} INFO - 26/05/09 14:26:43 INFO MemoryStore: Block broadcast_8_piece0 stored as bytes in memory (estimated size 35.1 KiB, free 433.9 MiB)
[2026-05-09T14:26:43.383+0000] {subprocess.py:106} INFO - 26/05/09 14:26:43 INFO BlockManagerInfo: Removed broadcast_7_piece0 on 172.30.1.13:39053 in memory (size: 6.0 KiB, free: 434.4 MiB)
[2026-05-09T14:26:43.384+0000] {subprocess.py:106} INFO - 26/05/09 14:26:43 INFO BlockManagerInfo: Removed broadcast_7_piece0 on 00a554289257:45461 in memory (size: 6.0 KiB, free: 93.3 MiB)
[2026-05-09T14:26:43.387+0000] {subprocess.py:106} INFO - 26/05/09 14:26:43 INFO BlockManagerInfo: Added broadcast_8_piece0 in memory on 172.30.1.13:39053 (size: 35.1 KiB, free: 434.3 MiB)
[2026-05-09T14:26:43.390+0000] {subprocess.py:106} INFO - 26/05/09 14:26:43 INFO SparkContext: Created broadcast 8 from save at NativeMethodAccessorImpl.java:0
[2026-05-09T14:26:43.391+0000] {subprocess.py:106} INFO - 26/05/09 14:26:43 INFO FileSourceScanExec: Planning scan with bin packing, max size: 134217728 bytes, open cost is considered as scanning 4194304 bytes.
[2026-05-09T14:26:43.400+0000] {subprocess.py:106} INFO - 26/05/09 14:26:43 INFO BlockManagerInfo: Removed broadcast_5_piece0 on 172.30.1.13:39053 in memory (size: 35.1 KiB, free: 434.4 MiB)
[2026-05-09T14:26:43.404+0000] {subprocess.py:106} INFO - 26/05/09 14:26:43 INFO BlockManagerInfo: Removed broadcast_5_piece0 on 00a554289257:45461 in memory (size: 35.1 KiB, free: 93.3 MiB)
[2026-05-09T14:26:43.405+0000] {subprocess.py:106} INFO - 26/05/09 14:26:43 INFO BlockManagerInfo: Removed broadcast_5_piece0 on 6303bebb27dc:37085 in memory (size: 35.1 KiB, free: 93.3 MiB)
[2026-05-09T14:26:43.413+0000] {subprocess.py:106} INFO - 26/05/09 14:26:43 INFO SparkContext: Starting job: save at NativeMethodAccessorImpl.java:0
[2026-05-09T14:26:43.414+0000] {subprocess.py:106} INFO - 26/05/09 14:26:43 INFO DAGScheduler: Got job 5 (save at NativeMethodAccessorImpl.java:0) with 4 output partitions
[2026-05-09T14:26:43.416+0000] {subprocess.py:106} INFO - 26/05/09 14:26:43 INFO DAGScheduler: Final stage: ResultStage 7 (save at NativeMethodAccessorImpl.java:0)
[2026-05-09T14:26:43.416+0000] {subprocess.py:106} INFO - 26/05/09 14:26:43 INFO DAGScheduler: Parents of final stage: List()
[2026-05-09T14:26:43.416+0000] {subprocess.py:106} INFO - 26/05/09 14:26:43 INFO DAGScheduler: Missing parents: List()
[2026-05-09T14:26:43.417+0000] {subprocess.py:106} INFO - 26/05/09 14:26:43 INFO DAGScheduler: Submitting ResultStage 7 (MapPartitionsRDD[19] at save at NativeMethodAccessorImpl.java:0), which has no missing parents
[2026-05-09T14:26:43.430+0000] {subprocess.py:106} INFO - 26/05/09 14:26:43 INFO MemoryStore: Block broadcast_9 stored as values in memory (estimated size 215.7 KiB, free 434.0 MiB)
[2026-05-09T14:26:43.437+0000] {subprocess.py:106} INFO - 26/05/09 14:26:43 INFO MemoryStore: Block broadcast_9_piece0 stored as bytes in memory (estimated size 78.4 KiB, free 433.9 MiB)
[2026-05-09T14:26:43.438+0000] {subprocess.py:106} INFO - 26/05/09 14:26:43 INFO BlockManagerInfo: Added broadcast_9_piece0 in memory on 172.30.1.13:39053 (size: 78.4 KiB, free: 434.3 MiB)
[2026-05-09T14:26:43.439+0000] {subprocess.py:106} INFO - 26/05/09 14:26:43 INFO SparkContext: Created broadcast 9 from broadcast at DAGScheduler.scala:1580
[2026-05-09T14:26:43.440+0000] {subprocess.py:106} INFO - 26/05/09 14:26:43 INFO DAGScheduler: Submitting 4 missing tasks from ResultStage 7 (MapPartitionsRDD[19] at save at NativeMethodAccessorImpl.java:0) (first 15 tasks are for partitions Vector(0, 1, 2, 3))
[2026-05-09T14:26:43.441+0000] {subprocess.py:106} INFO - 26/05/09 14:26:43 INFO YarnScheduler: Adding task set 7.0 with 4 tasks resource profile 0
[2026-05-09T14:26:43.443+0000] {subprocess.py:106} INFO - 26/05/09 14:26:43 INFO TaskSetManager: Starting task 0.0 in stage 7.0 (TID 14) (6303bebb27dc, executor 1, partition 0, RACK_LOCAL, 12450 bytes)
[2026-05-09T14:26:43.444+0000] {subprocess.py:106} INFO - 26/05/09 14:26:43 INFO TaskSetManager: Starting task 1.0 in stage 7.0 (TID 15) (00a554289257, executor 2, partition 1, RACK_LOCAL, 12450 bytes)
[2026-05-09T14:26:43.464+0000] {subprocess.py:106} INFO - 26/05/09 14:26:43 INFO BlockManagerInfo: Added broadcast_9_piece0 in memory on 6303bebb27dc:37085 (size: 78.4 KiB, free: 93.2 MiB)
[2026-05-09T14:26:43.465+0000] {subprocess.py:106} INFO - 26/05/09 14:26:43 INFO BlockManagerInfo: Added broadcast_9_piece0 in memory on 00a554289257:45461 (size: 78.4 KiB, free: 93.2 MiB)
[2026-05-09T14:26:43.523+0000] {subprocess.py:106} INFO - 26/05/09 14:26:43 INFO BlockManagerInfo: Added broadcast_8_piece0 in memory on 00a554289257:45461 (size: 35.1 KiB, free: 93.2 MiB)
[2026-05-09T14:26:43.564+0000] {subprocess.py:106} INFO - 26/05/09 14:26:43 INFO BlockManagerInfo: Added broadcast_8_piece0 in memory on 6303bebb27dc:37085 (size: 35.1 KiB, free: 93.2 MiB)
[2026-05-09T14:26:44.178+0000] {subprocess.py:106} INFO - 26/05/09 14:26:44 INFO TaskSetManager: Starting task 2.0 in stage 7.0 (TID 16) (00a554289257, executor 2, partition 2, RACK_LOCAL, 12448 bytes)
[2026-05-09T14:26:44.185+0000] {subprocess.py:106} INFO - 26/05/09 14:26:44 INFO TaskSetManager: Finished task 1.0 in stage 7.0 (TID 15) in 734 ms on 00a554289257 (executor 2) (1/4)
[2026-05-09T14:26:44.209+0000] {subprocess.py:106} INFO - 26/05/09 14:26:44 INFO TaskSetManager: Starting task 3.0 in stage 7.0 (TID 17) (6303bebb27dc, executor 1, partition 3, RACK_LOCAL, 8672 bytes)
[2026-05-09T14:26:44.211+0000] {subprocess.py:106} INFO - 26/05/09 14:26:44 INFO TaskSetManager: Finished task 0.0 in stage 7.0 (TID 14) in 767 ms on 6303bebb27dc (executor 1) (2/4)
[2026-05-09T14:26:44.369+0000] {subprocess.py:106} INFO - 26/05/09 14:26:44 INFO TaskSetManager: Finished task 3.0 in stage 7.0 (TID 17) in 160 ms on 6303bebb27dc (executor 1) (3/4)
[2026-05-09T14:26:44.675+0000] {subprocess.py:106} INFO - 26/05/09 14:26:44 INFO TaskSetManager: Finished task 2.0 in stage 7.0 (TID 16) in 499 ms on 00a554289257 (executor 2) (4/4)
[2026-05-09T14:26:44.676+0000] {subprocess.py:106} INFO - 26/05/09 14:26:44 INFO YarnScheduler: Removed TaskSet 7.0, whose tasks have all completed, from pool
[2026-05-09T14:26:44.677+0000] {subprocess.py:106} INFO - 26/05/09 14:26:44 INFO DAGScheduler: ResultStage 7 (save at NativeMethodAccessorImpl.java:0) finished in 1.258 s
[2026-05-09T14:26:44.677+0000] {subprocess.py:106} INFO - 26/05/09 14:26:44 INFO DAGScheduler: Job 5 is finished. Cancelling potential speculative or zombie tasks for this job
[2026-05-09T14:26:44.678+0000] {subprocess.py:106} INFO - 26/05/09 14:26:44 INFO YarnScheduler: Killing all running tasks in stage 7: Stage finished
[2026-05-09T14:26:44.678+0000] {subprocess.py:106} INFO - 26/05/09 14:26:44 INFO DAGScheduler: Job 5 finished: save at NativeMethodAccessorImpl.java:0, took 1.263719 s
[2026-05-09T14:26:44.679+0000] {subprocess.py:106} INFO - 26/05/09 14:26:44 INFO FileFormatWriter: Start to commit write Job a9820a14-7d1f-48e2-90b5-096046d308d0.
[2026-05-09T14:26:44.714+0000] {subprocess.py:106} INFO - 26/05/09 14:26:44 INFO FileFormatWriter: Write Job a9820a14-7d1f-48e2-90b5-096046d308d0 committed. Elapsed time: 35 ms.
[2026-05-09T14:26:44.715+0000] {subprocess.py:106} INFO - 26/05/09 14:26:44 INFO FileFormatWriter: Finished processing stats for write job a9820a14-7d1f-48e2-90b5-096046d308d0.
[2026-05-09T14:26:44.716+0000] {subprocess.py:106} INFO - ✅ customers saved to Bronze Layer!
[2026-05-09T14:26:44.717+0000] {subprocess.py:106} INFO - 📥 Reading order_items...
[2026-05-09T14:26:44.781+0000] {subprocess.py:106} INFO - 26/05/09 14:26:44 INFO InMemoryFileIndex: It took 44 ms to list leaf files for 1 paths.
[2026-05-09T14:26:44.812+0000] {subprocess.py:106} INFO - 26/05/09 14:26:44 INFO FileSourceStrategy: Pushed Filters:
[2026-05-09T14:26:44.813+0000] {subprocess.py:106} INFO - 26/05/09 14:26:44 INFO FileSourceStrategy: Post-Scan Filters:
[2026-05-09T14:26:44.830+0000] {subprocess.py:106} INFO - 26/05/09 14:26:44 INFO MemoryStore: Block broadcast_10 stored as values in memory (estimated size 206.3 KiB, free 433.7 MiB)
[2026-05-09T14:26:44.846+0000] {subprocess.py:106} INFO - 26/05/09 14:26:44 INFO BlockManagerInfo: Removed broadcast_9_piece0 on 172.30.1.13:39053 in memory (size: 78.4 KiB, free: 434.4 MiB)
[2026-05-09T14:26:44.853+0000] {subprocess.py:106} INFO - 26/05/09 14:26:44 INFO BlockManagerInfo: Removed broadcast_9_piece0 on 00a554289257:45461 in memory (size: 78.4 KiB, free: 93.3 MiB)
[2026-05-09T14:26:44.854+0000] {subprocess.py:106} INFO - 26/05/09 14:26:44 INFO BlockManagerInfo: Removed broadcast_9_piece0 on 6303bebb27dc:37085 in memory (size: 78.4 KiB, free: 93.3 MiB)
[2026-05-09T14:26:44.856+0000] {subprocess.py:106} INFO - 26/05/09 14:26:44 INFO MemoryStore: Block broadcast_10_piece0 stored as bytes in memory (estimated size 35.1 KiB, free 433.9 MiB)
[2026-05-09T14:26:44.858+0000] {subprocess.py:106} INFO - 26/05/09 14:26:44 INFO BlockManagerInfo: Added broadcast_10_piece0 in memory on 172.30.1.13:39053 (size: 35.1 KiB, free: 434.3 MiB)
[2026-05-09T14:26:44.861+0000] {subprocess.py:106} INFO - 26/05/09 14:26:44 INFO SparkContext: Created broadcast 10 from count at NativeMethodAccessorImpl.java:0
[2026-05-09T14:26:44.864+0000] {subprocess.py:106} INFO - 26/05/09 14:26:44 INFO FileSourceScanExec: Planning scan with bin packing, max size: 134217728 bytes, open cost is considered as scanning 4194304 bytes.
[2026-05-09T14:26:44.868+0000] {subprocess.py:106} INFO - 26/05/09 14:26:44 INFO BlockManagerInfo: Removed broadcast_8_piece0 on 172.30.1.13:39053 in memory (size: 35.1 KiB, free: 434.4 MiB)
[2026-05-09T14:26:44.873+0000] {subprocess.py:106} INFO - 26/05/09 14:26:44 INFO BlockManagerInfo: Removed broadcast_8_piece0 on 6303bebb27dc:37085 in memory (size: 35.1 KiB, free: 93.3 MiB)
[2026-05-09T14:26:44.874+0000] {subprocess.py:106} INFO - 26/05/09 14:26:44 INFO BlockManagerInfo: Removed broadcast_8_piece0 on 00a554289257:45461 in memory (size: 35.1 KiB, free: 93.3 MiB)
[2026-05-09T14:26:44.913+0000] {subprocess.py:106} INFO - 26/05/09 14:26:44 INFO DAGScheduler: Registering RDD 23 (count at NativeMethodAccessorImpl.java:0) as input to shuffle 2
[2026-05-09T14:26:44.914+0000] {subprocess.py:106} INFO - 26/05/09 14:26:44 INFO DAGScheduler: Got map stage job 6 (count at NativeMethodAccessorImpl.java:0) with 4 output partitions
[2026-05-09T14:26:44.915+0000] {subprocess.py:106} INFO - 26/05/09 14:26:44 INFO DAGScheduler: Final stage: ShuffleMapStage 8 (count at NativeMethodAccessorImpl.java:0)
[2026-05-09T14:26:44.916+0000] {subprocess.py:106} INFO - 26/05/09 14:26:44 INFO DAGScheduler: Parents of final stage: List()
[2026-05-09T14:26:44.917+0000] {subprocess.py:106} INFO - 26/05/09 14:26:44 INFO DAGScheduler: Missing parents: List()
[2026-05-09T14:26:44.917+0000] {subprocess.py:106} INFO - 26/05/09 14:26:44 INFO DAGScheduler: Submitting ShuffleMapStage 8 (MapPartitionsRDD[23] at count at NativeMethodAccessorImpl.java:0), which has no missing parents
[2026-05-09T14:26:44.926+0000] {subprocess.py:106} INFO - 26/05/09 14:26:44 INFO MemoryStore: Block broadcast_11 stored as values in memory (estimated size 18.0 KiB, free 434.1 MiB)
[2026-05-09T14:26:44.930+0000] {subprocess.py:106} INFO - 26/05/09 14:26:44 INFO MemoryStore: Block broadcast_11_piece0 stored as bytes in memory (estimated size 8.9 KiB, free 434.1 MiB)
[2026-05-09T14:26:44.932+0000] {subprocess.py:106} INFO - 26/05/09 14:26:44 INFO BlockManagerInfo: Added broadcast_11_piece0 in memory on 172.30.1.13:39053 (size: 8.9 KiB, free: 434.4 MiB)
[2026-05-09T14:26:44.934+0000] {subprocess.py:106} INFO - 26/05/09 14:26:44 INFO SparkContext: Created broadcast 11 from broadcast at DAGScheduler.scala:1580
[2026-05-09T14:26:44.936+0000] {subprocess.py:106} INFO - 26/05/09 14:26:44 INFO DAGScheduler: Submitting 4 missing tasks from ShuffleMapStage 8 (MapPartitionsRDD[23] at count at NativeMethodAccessorImpl.java:0) (first 15 tasks are for partitions Vector(0, 1, 2, 3))
[2026-05-09T14:26:44.942+0000] {subprocess.py:106} INFO - 26/05/09 14:26:44 INFO YarnScheduler: Adding task set 8.0 with 4 tasks resource profile 0
[2026-05-09T14:26:44.945+0000] {subprocess.py:106} INFO - 26/05/09 14:26:44 INFO TaskSetManager: Starting task 0.0 in stage 8.0 (TID 18) (6303bebb27dc, executor 1, partition 0, RACK_LOCAL, 12367 bytes)
[2026-05-09T14:26:44.946+0000] {subprocess.py:106} INFO - 26/05/09 14:26:44 INFO TaskSetManager: Starting task 1.0 in stage 8.0 (TID 19) (00a554289257, executor 2, partition 1, RACK_LOCAL, 12373 bytes)
[2026-05-09T14:26:44.965+0000] {subprocess.py:106} INFO - 26/05/09 14:26:44 INFO BlockManagerInfo: Added broadcast_11_piece0 in memory on 6303bebb27dc:37085 (size: 8.9 KiB, free: 93.3 MiB)
[2026-05-09T14:26:44.966+0000] {subprocess.py:106} INFO - 26/05/09 14:26:44 INFO BlockManagerInfo: Added broadcast_11_piece0 in memory on 00a554289257:45461 (size: 8.9 KiB, free: 93.3 MiB)
[2026-05-09T14:26:44.992+0000] {subprocess.py:106} INFO - 26/05/09 14:26:44 INFO BlockManagerInfo: Added broadcast_10_piece0 in memory on 00a554289257:45461 (size: 35.1 KiB, free: 93.3 MiB)
[2026-05-09T14:26:44.999+0000] {subprocess.py:106} INFO - 26/05/09 14:26:44 INFO BlockManagerInfo: Added broadcast_10_piece0 in memory on 6303bebb27dc:37085 (size: 35.1 KiB, free: 93.3 MiB)
[2026-05-09T14:26:45.373+0000] {subprocess.py:106} INFO - 26/05/09 14:26:45 INFO TaskSetManager: Starting task 2.0 in stage 8.0 (TID 20) (6303bebb27dc, executor 1, partition 2, RACK_LOCAL, 12364 bytes)
[2026-05-09T14:26:45.374+0000] {subprocess.py:106} INFO - 26/05/09 14:26:45 INFO TaskSetManager: Finished task 0.0 in stage 8.0 (TID 18) in 433 ms on 6303bebb27dc (executor 1) (1/4)
[2026-05-09T14:26:45.470+0000] {subprocess.py:106} INFO - 26/05/09 14:26:45 INFO TaskSetManager: Starting task 3.0 in stage 8.0 (TID 21) (00a554289257, executor 2, partition 3, RACK_LOCAL, 10866 bytes)
[2026-05-09T14:26:45.472+0000] {subprocess.py:106} INFO - 26/05/09 14:26:45 INFO TaskSetManager: Finished task 1.0 in stage 8.0 (TID 19) in 532 ms on 00a554289257 (executor 2) (2/4)
[2026-05-09T14:26:45.666+0000] {subprocess.py:106} INFO - 26/05/09 14:26:45 INFO TaskSetManager: Finished task 3.0 in stage 8.0 (TID 21) in 198 ms on 00a554289257 (executor 2) (3/4)
[2026-05-09T14:26:45.725+0000] {subprocess.py:106} INFO - 26/05/09 14:26:45 INFO TaskSetManager: Finished task 2.0 in stage 8.0 (TID 20) in 355 ms on 6303bebb27dc (executor 1) (4/4)
[2026-05-09T14:26:45.726+0000] {subprocess.py:106} INFO - 26/05/09 14:26:45 INFO YarnScheduler: Removed TaskSet 8.0, whose tasks have all completed, from pool
[2026-05-09T14:26:45.727+0000] {subprocess.py:106} INFO - 26/05/09 14:26:45 INFO DAGScheduler: ShuffleMapStage 8 (count at NativeMethodAccessorImpl.java:0) finished in 0.810 s
[2026-05-09T14:26:45.728+0000] {subprocess.py:106} INFO - 26/05/09 14:26:45 INFO DAGScheduler: looking for newly runnable stages
[2026-05-09T14:26:45.728+0000] {subprocess.py:106} INFO - 26/05/09 14:26:45 INFO DAGScheduler: running: Set()
[2026-05-09T14:26:45.729+0000] {subprocess.py:106} INFO - 26/05/09 14:26:45 INFO DAGScheduler: waiting: Set()
[2026-05-09T14:26:45.729+0000] {subprocess.py:106} INFO - 26/05/09 14:26:45 INFO DAGScheduler: failed: Set()
[2026-05-09T14:26:45.761+0000] {subprocess.py:106} INFO - 26/05/09 14:26:45 INFO SparkContext: Starting job: count at NativeMethodAccessorImpl.java:0
[2026-05-09T14:26:45.762+0000] {subprocess.py:106} INFO - 26/05/09 14:26:45 INFO DAGScheduler: Got job 7 (count at NativeMethodAccessorImpl.java:0) with 1 output partitions
[2026-05-09T14:26:45.763+0000] {subprocess.py:106} INFO - 26/05/09 14:26:45 INFO DAGScheduler: Final stage: ResultStage 10 (count at NativeMethodAccessorImpl.java:0)
[2026-05-09T14:26:45.764+0000] {subprocess.py:106} INFO - 26/05/09 14:26:45 INFO DAGScheduler: Parents of final stage: List(ShuffleMapStage 9)
[2026-05-09T14:26:45.765+0000] {subprocess.py:106} INFO - 26/05/09 14:26:45 INFO DAGScheduler: Missing parents: List()
[2026-05-09T14:26:45.765+0000] {subprocess.py:106} INFO - 26/05/09 14:26:45 INFO DAGScheduler: Submitting ResultStage 10 (MapPartitionsRDD[26] at count at NativeMethodAccessorImpl.java:0), which has no missing parents
[2026-05-09T14:26:45.768+0000] {subprocess.py:106} INFO - 26/05/09 14:26:45 INFO MemoryStore: Block broadcast_12 stored as values in memory (estimated size 12.5 KiB, free 434.1 MiB)
[2026-05-09T14:26:45.770+0000] {subprocess.py:106} INFO - 26/05/09 14:26:45 INFO MemoryStore: Block broadcast_12_piece0 stored as bytes in memory (estimated size 5.9 KiB, free 434.1 MiB)
[2026-05-09T14:26:45.771+0000] {subprocess.py:106} INFO - 26/05/09 14:26:45 INFO BlockManagerInfo: Added broadcast_12_piece0 in memory on 172.30.1.13:39053 (size: 5.9 KiB, free: 434.4 MiB)
[2026-05-09T14:26:45.772+0000] {subprocess.py:106} INFO - 26/05/09 14:26:45 INFO SparkContext: Created broadcast 12 from broadcast at DAGScheduler.scala:1580
[2026-05-09T14:26:45.773+0000] {subprocess.py:106} INFO - 26/05/09 14:26:45 INFO DAGScheduler: Submitting 1 missing tasks from ResultStage 10 (MapPartitionsRDD[26] at count at NativeMethodAccessorImpl.java:0) (first 15 tasks are for partitions Vector(0))
[2026-05-09T14:26:45.774+0000] {subprocess.py:106} INFO - 26/05/09 14:26:45 INFO YarnScheduler: Adding task set 10.0 with 1 tasks resource profile 0
[2026-05-09T14:26:45.776+0000] {subprocess.py:106} INFO - 26/05/09 14:26:45 INFO TaskSetManager: Starting task 0.0 in stage 10.0 (TID 22) (00a554289257, executor 2, partition 0, NODE_LOCAL, 7626 bytes)
[2026-05-09T14:26:45.790+0000] {subprocess.py:106} INFO - 26/05/09 14:26:45 INFO BlockManagerInfo: Added broadcast_12_piece0 in memory on 00a554289257:45461 (size: 5.9 KiB, free: 93.3 MiB)
[2026-05-09T14:26:45.798+0000] {subprocess.py:106} INFO - 26/05/09 14:26:45 INFO MapOutputTrackerMasterEndpoint: Asked to send map output locations for shuffle 2 to 172.30.1.26:45270
[2026-05-09T14:26:45.814+0000] {subprocess.py:106} INFO - 26/05/09 14:26:45 INFO TaskSetManager: Finished task 0.0 in stage 10.0 (TID 22) in 38 ms on 00a554289257 (executor 2) (1/1)
[2026-05-09T14:26:45.815+0000] {subprocess.py:106} INFO - 26/05/09 14:26:45 INFO YarnScheduler: Removed TaskSet 10.0, whose tasks have all completed, from pool
[2026-05-09T14:26:45.815+0000] {subprocess.py:106} INFO - 26/05/09 14:26:45 INFO DAGScheduler: ResultStage 10 (count at NativeMethodAccessorImpl.java:0) finished in 0.050 s
[2026-05-09T14:26:45.816+0000] {subprocess.py:106} INFO - 26/05/09 14:26:45 INFO DAGScheduler: Job 7 is finished. Cancelling potential speculative or zombie tasks for this job
[2026-05-09T14:26:45.816+0000] {subprocess.py:106} INFO - 26/05/09 14:26:45 INFO YarnScheduler: Killing all running tasks in stage 10: Stage finished
[2026-05-09T14:26:45.817+0000] {subprocess.py:106} INFO - 26/05/09 14:26:45 INFO DAGScheduler: Job 7 finished: count at NativeMethodAccessorImpl.java:0, took 0.054095 s
[2026-05-09T14:26:45.820+0000] {subprocess.py:106} INFO - ⚡ 112650 rows found!
[2026-05-09T14:26:45.842+0000] {subprocess.py:106} INFO - 26/05/09 14:26:45 INFO FileSourceStrategy: Pushed Filters:
[2026-05-09T14:26:45.843+0000] {subprocess.py:106} INFO - 26/05/09 14:26:45 INFO FileSourceStrategy: Post-Scan Filters:
[2026-05-09T14:26:45.853+0000] {subprocess.py:106} INFO - 26/05/09 14:26:45 INFO ParquetUtils: Using default output committer for Parquet: org.apache.parquet.hadoop.ParquetOutputCommitter
[2026-05-09T14:26:45.855+0000] {subprocess.py:106} INFO - 26/05/09 14:26:45 INFO FileOutputCommitter: File Output Committer Algorithm version is 1
[2026-05-09T14:26:45.856+0000] {subprocess.py:106} INFO - 26/05/09 14:26:45 INFO FileOutputCommitter: FileOutputCommitter skip cleanup _temporary folders under output directory:false, ignore cleanup failures: false
[2026-05-09T14:26:45.857+0000] {subprocess.py:106} INFO - 26/05/09 14:26:45 INFO SQLHadoopMapReduceCommitProtocol: Using user defined output committer class org.apache.parquet.hadoop.ParquetOutputCommitter
[2026-05-09T14:26:45.857+0000] {subprocess.py:106} INFO - 26/05/09 14:26:45 INFO FileOutputCommitter: File Output Committer Algorithm version is 1
[2026-05-09T14:26:45.858+0000] {subprocess.py:106} INFO - 26/05/09 14:26:45 INFO FileOutputCommitter: FileOutputCommitter skip cleanup _temporary folders under output directory:false, ignore cleanup failures: false
[2026-05-09T14:26:45.858+0000] {subprocess.py:106} INFO - 26/05/09 14:26:45 INFO SQLHadoopMapReduceCommitProtocol: Using output committer class org.apache.parquet.hadoop.ParquetOutputCommitter
[2026-05-09T14:26:45.864+0000] {subprocess.py:106} INFO - 26/05/09 14:26:45 INFO MemoryStore: Block broadcast_13 stored as values in memory (estimated size 206.3 KiB, free 433.9 MiB)
[2026-05-09T14:26:45.874+0000] {subprocess.py:106} INFO - 26/05/09 14:26:45 INFO MemoryStore: Block broadcast_13_piece0 stored as bytes in memory (estimated size 35.1 KiB, free 433.9 MiB)
[2026-05-09T14:26:45.877+0000] {subprocess.py:106} INFO - 26/05/09 14:26:45 INFO BlockManagerInfo: Added broadcast_13_piece0 in memory on 172.30.1.13:39053 (size: 35.1 KiB, free: 434.3 MiB)
[2026-05-09T14:26:45.877+0000] {subprocess.py:106} INFO - 26/05/09 14:26:45 INFO SparkContext: Created broadcast 13 from save at NativeMethodAccessorImpl.java:0
[2026-05-09T14:26:45.879+0000] {subprocess.py:106} INFO - 26/05/09 14:26:45 INFO FileSourceScanExec: Planning scan with bin packing, max size: 134217728 bytes, open cost is considered as scanning 4194304 bytes.
[2026-05-09T14:26:45.908+0000] {subprocess.py:106} INFO - 26/05/09 14:26:45 INFO SparkContext: Starting job: save at NativeMethodAccessorImpl.java:0
[2026-05-09T14:26:45.909+0000] {subprocess.py:106} INFO - 26/05/09 14:26:45 INFO DAGScheduler: Got job 8 (save at NativeMethodAccessorImpl.java:0) with 4 output partitions
[2026-05-09T14:26:45.909+0000] {subprocess.py:106} INFO - 26/05/09 14:26:45 INFO DAGScheduler: Final stage: ResultStage 11 (save at NativeMethodAccessorImpl.java:0)
[2026-05-09T14:26:45.910+0000] {subprocess.py:106} INFO - 26/05/09 14:26:45 INFO DAGScheduler: Parents of final stage: List()
[2026-05-09T14:26:45.911+0000] {subprocess.py:106} INFO - 26/05/09 14:26:45 INFO DAGScheduler: Missing parents: List()
[2026-05-09T14:26:45.911+0000] {subprocess.py:106} INFO - 26/05/09 14:26:45 INFO DAGScheduler: Submitting ResultStage 11 (MapPartitionsRDD[29] at save at NativeMethodAccessorImpl.java:0), which has no missing parents
[2026-05-09T14:26:45.928+0000] {subprocess.py:106} INFO - 26/05/09 14:26:45 INFO MemoryStore: Block broadcast_14 stored as values in memory (estimated size 216.2 KiB, free 433.7 MiB)
[2026-05-09T14:26:45.930+0000] {subprocess.py:106} INFO - 26/05/09 14:26:45 INFO MemoryStore: Block broadcast_14_piece0 stored as bytes in memory (estimated size 78.5 KiB, free 433.6 MiB)
[2026-05-09T14:26:45.931+0000] {subprocess.py:106} INFO - 26/05/09 14:26:45 INFO BlockManagerInfo: Added broadcast_14_piece0 in memory on 172.30.1.13:39053 (size: 78.5 KiB, free: 434.2 MiB)
[2026-05-09T14:26:45.932+0000] {subprocess.py:106} INFO - 26/05/09 14:26:45 INFO SparkContext: Created broadcast 14 from broadcast at DAGScheduler.scala:1580
[2026-05-09T14:26:45.933+0000] {subprocess.py:106} INFO - 26/05/09 14:26:45 INFO DAGScheduler: Submitting 4 missing tasks from ResultStage 11 (MapPartitionsRDD[29] at save at NativeMethodAccessorImpl.java:0) (first 15 tasks are for partitions Vector(0, 1, 2, 3))
[2026-05-09T14:26:45.933+0000] {subprocess.py:106} INFO - 26/05/09 14:26:45 INFO YarnScheduler: Adding task set 11.0 with 4 tasks resource profile 0
[2026-05-09T14:26:45.936+0000] {subprocess.py:106} INFO - 26/05/09 14:26:45 INFO TaskSetManager: Starting task 0.0 in stage 11.0 (TID 23) (6303bebb27dc, executor 1, partition 0, RACK_LOCAL, 12378 bytes)
[2026-05-09T14:26:45.937+0000] {subprocess.py:106} INFO - 26/05/09 14:26:45 INFO TaskSetManager: Starting task 1.0 in stage 11.0 (TID 24) (00a554289257, executor 2, partition 1, RACK_LOCAL, 12384 bytes)
[2026-05-09T14:26:45.954+0000] {subprocess.py:106} INFO - 26/05/09 14:26:45 INFO BlockManagerInfo: Added broadcast_14_piece0 in memory on 6303bebb27dc:37085 (size: 78.5 KiB, free: 93.2 MiB)
[2026-05-09T14:26:45.955+0000] {subprocess.py:106} INFO - 26/05/09 14:26:45 INFO BlockManagerInfo: Added broadcast_14_piece0 in memory on 00a554289257:45461 (size: 78.5 KiB, free: 93.2 MiB)
[2026-05-09T14:26:46.007+0000] {subprocess.py:106} INFO - 26/05/09 14:26:46 INFO BlockManagerInfo: Added broadcast_13_piece0 in memory on 00a554289257:45461 (size: 35.1 KiB, free: 93.1 MiB)
[2026-05-09T14:26:46.048+0000] {subprocess.py:106} INFO - 26/05/09 14:26:46 INFO BlockManagerInfo: Added broadcast_13_piece0 in memory on 6303bebb27dc:37085 (size: 35.1 KiB, free: 93.1 MiB)
[2026-05-09T14:26:46.715+0000] {subprocess.py:106} INFO - 26/05/09 14:26:46 INFO TaskSetManager: Starting task 2.0 in stage 11.0 (TID 25) (6303bebb27dc, executor 1, partition 2, RACK_LOCAL, 12375 bytes)
[2026-05-09T14:26:46.717+0000] {subprocess.py:106} INFO - 26/05/09 14:26:46 INFO TaskSetManager: Finished task 0.0 in stage 11.0 (TID 23) in 778 ms on 6303bebb27dc (executor 1) (1/4)
[2026-05-09T14:26:46.722+0000] {subprocess.py:106} INFO - 26/05/09 14:26:46 INFO TaskSetManager: Starting task 3.0 in stage 11.0 (TID 26) (00a554289257, executor 2, partition 3, RACK_LOCAL, 10877 bytes)
[2026-05-09T14:26:46.723+0000] {subprocess.py:106} INFO - 26/05/09 14:26:46 INFO TaskSetManager: Finished task 1.0 in stage 11.0 (TID 24) in 787 ms on 00a554289257 (executor 2) (2/4)
[2026-05-09T14:26:47.150+0000] {subprocess.py:106} INFO - 26/05/09 14:26:47 INFO TaskSetManager: Finished task 3.0 in stage 11.0 (TID 26) in 429 ms on 00a554289257 (executor 2) (3/4)
[2026-05-09T14:26:47.315+0000] {subprocess.py:106} INFO - 26/05/09 14:26:47 INFO TaskSetManager: Finished task 2.0 in stage 11.0 (TID 25) in 604 ms on 6303bebb27dc (executor 1) (4/4)
[2026-05-09T14:26:47.317+0000] {subprocess.py:106} INFO - 26/05/09 14:26:47 INFO YarnScheduler: Removed TaskSet 11.0, whose tasks have all completed, from pool
[2026-05-09T14:26:47.317+0000] {subprocess.py:106} INFO - 26/05/09 14:26:47 INFO DAGScheduler: ResultStage 11 (save at NativeMethodAccessorImpl.java:0) finished in 1.404 s
[2026-05-09T14:26:47.318+0000] {subprocess.py:106} INFO - 26/05/09 14:26:47 INFO DAGScheduler: Job 8 is finished. Cancelling potential speculative or zombie tasks for this job
[2026-05-09T14:26:47.319+0000] {subprocess.py:106} INFO - 26/05/09 14:26:47 INFO YarnScheduler: Killing all running tasks in stage 11: Stage finished
[2026-05-09T14:26:47.320+0000] {subprocess.py:106} INFO - 26/05/09 14:26:47 INFO DAGScheduler: Job 8 finished: save at NativeMethodAccessorImpl.java:0, took 1.409535 s
[2026-05-09T14:26:47.320+0000] {subprocess.py:106} INFO - 26/05/09 14:26:47 INFO FileFormatWriter: Start to commit write Job 90c3a665-3ee5-4d74-9eb8-6c47976826fd.
[2026-05-09T14:26:47.364+0000] {subprocess.py:106} INFO - 26/05/09 14:26:47 INFO FileFormatWriter: Write Job 90c3a665-3ee5-4d74-9eb8-6c47976826fd committed. Elapsed time: 44 ms.
[2026-05-09T14:26:47.365+0000] {subprocess.py:106} INFO - 26/05/09 14:26:47 INFO FileFormatWriter: Finished processing stats for write job 90c3a665-3ee5-4d74-9eb8-6c47976826fd.
[2026-05-09T14:26:47.366+0000] {subprocess.py:106} INFO - ✅ order_items saved to Bronze Layer!
[2026-05-09T14:26:47.367+0000] {subprocess.py:106} INFO - 📥 Reading products...
[2026-05-09T14:26:47.448+0000] {subprocess.py:106} INFO - 26/05/09 14:26:47 INFO InMemoryFileIndex: It took 41 ms to list leaf files for 1 paths.
[2026-05-09T14:26:47.489+0000] {subprocess.py:106} INFO - 26/05/09 14:26:47 INFO FileSourceStrategy: Pushed Filters:
[2026-05-09T14:26:47.490+0000] {subprocess.py:106} INFO - 26/05/09 14:26:47 INFO FileSourceStrategy: Post-Scan Filters:
[2026-05-09T14:26:47.520+0000] {subprocess.py:106} INFO - 26/05/09 14:26:47 INFO MemoryStore: Block broadcast_15 stored as values in memory (estimated size 206.3 KiB, free 433.4 MiB)
[2026-05-09T14:26:47.534+0000] {subprocess.py:106} INFO - 26/05/09 14:26:47 INFO MemoryStore: Block broadcast_15_piece0 stored as bytes in memory (estimated size 35.1 KiB, free 433.4 MiB)
[2026-05-09T14:26:47.535+0000] {subprocess.py:106} INFO - 26/05/09 14:26:47 INFO BlockManagerInfo: Added broadcast_15_piece0 in memory on 172.30.1.13:39053 (size: 35.1 KiB, free: 434.2 MiB)
[2026-05-09T14:26:47.536+0000] {subprocess.py:106} INFO - 26/05/09 14:26:47 INFO SparkContext: Created broadcast 15 from count at NativeMethodAccessorImpl.java:0
[2026-05-09T14:26:47.537+0000] {subprocess.py:106} INFO - 26/05/09 14:26:47 INFO FileSourceScanExec: Planning scan with bin packing, max size: 70606685 bytes, open cost is considered as scanning 4194304 bytes.
[2026-05-09T14:26:47.555+0000] {subprocess.py:106} INFO - 26/05/09 14:26:47 INFO DAGScheduler: Registering RDD 33 (count at NativeMethodAccessorImpl.java:0) as input to shuffle 3
[2026-05-09T14:26:47.556+0000] {subprocess.py:106} INFO - 26/05/09 14:26:47 INFO DAGScheduler: Got map stage job 9 (count at NativeMethodAccessorImpl.java:0) with 2 output partitions
[2026-05-09T14:26:47.556+0000] {subprocess.py:106} INFO - 26/05/09 14:26:47 INFO DAGScheduler: Final stage: ShuffleMapStage 12 (count at NativeMethodAccessorImpl.java:0)
[2026-05-09T14:26:47.557+0000] {subprocess.py:106} INFO - 26/05/09 14:26:47 INFO DAGScheduler: Parents of final stage: List()
[2026-05-09T14:26:47.557+0000] {subprocess.py:106} INFO - 26/05/09 14:26:47 INFO DAGScheduler: Missing parents: List()
[2026-05-09T14:26:47.558+0000] {subprocess.py:106} INFO - 26/05/09 14:26:47 INFO DAGScheduler: Submitting ShuffleMapStage 12 (MapPartitionsRDD[33] at count at NativeMethodAccessorImpl.java:0), which has no missing parents
[2026-05-09T14:26:47.559+0000] {subprocess.py:106} INFO - 26/05/09 14:26:47 INFO MemoryStore: Block broadcast_16 stored as values in memory (estimated size 18.2 KiB, free 433.3 MiB)
[2026-05-09T14:26:47.562+0000] {subprocess.py:106} INFO - 26/05/09 14:26:47 INFO MemoryStore: Block broadcast_16_piece0 stored as bytes in memory (estimated size 8.9 KiB, free 433.3 MiB)
[2026-05-09T14:26:47.563+0000] {subprocess.py:106} INFO - 26/05/09 14:26:47 INFO BlockManagerInfo: Added broadcast_16_piece0 in memory on 172.30.1.13:39053 (size: 8.9 KiB, free: 434.2 MiB)
[2026-05-09T14:26:47.564+0000] {subprocess.py:106} INFO - 26/05/09 14:26:47 INFO SparkContext: Created broadcast 16 from broadcast at DAGScheduler.scala:1580
[2026-05-09T14:26:47.564+0000] {subprocess.py:106} INFO - 26/05/09 14:26:47 INFO DAGScheduler: Submitting 2 missing tasks from ShuffleMapStage 12 (MapPartitionsRDD[33] at count at NativeMethodAccessorImpl.java:0) (first 15 tasks are for partitions Vector(0, 1))
[2026-05-09T14:26:47.565+0000] {subprocess.py:106} INFO - 26/05/09 14:26:47 INFO YarnScheduler: Adding task set 12.0 with 2 tasks resource profile 0
[2026-05-09T14:26:47.567+0000] {subprocess.py:106} INFO - 26/05/09 14:26:47 INFO TaskSetManager: Starting task 0.0 in stage 12.0 (TID 27) (00a554289257, executor 2, partition 0, RACK_LOCAL, 10394 bytes)
[2026-05-09T14:26:47.568+0000] {subprocess.py:106} INFO - 26/05/09 14:26:47 INFO TaskSetManager: Starting task 1.0 in stage 12.0 (TID 28) (6303bebb27dc, executor 1, partition 1, RACK_LOCAL, 10261 bytes)
[2026-05-09T14:26:47.589+0000] {subprocess.py:106} INFO - 26/05/09 14:26:47 INFO BlockManagerInfo: Added broadcast_16_piece0 in memory on 00a554289257:45461 (size: 8.9 KiB, free: 93.1 MiB)
[2026-05-09T14:26:47.590+0000] {subprocess.py:106} INFO - 26/05/09 14:26:47 INFO BlockManagerInfo: Added broadcast_16_piece0 in memory on 6303bebb27dc:37085 (size: 8.9 KiB, free: 93.1 MiB)
[2026-05-09T14:26:47.610+0000] {subprocess.py:106} INFO - 26/05/09 14:26:47 INFO BlockManagerInfo: Added broadcast_15_piece0 in memory on 6303bebb27dc:37085 (size: 35.1 KiB, free: 93.1 MiB)
[2026-05-09T14:26:47.611+0000] {subprocess.py:106} INFO - 26/05/09 14:26:47 INFO BlockManagerInfo: Added broadcast_15_piece0 in memory on 00a554289257:45461 (size: 35.1 KiB, free: 93.1 MiB)
[2026-05-09T14:26:47.771+0000] {subprocess.py:106} INFO - 26/05/09 14:26:47 INFO TaskSetManager: Finished task 1.0 in stage 12.0 (TID 28) in 203 ms on 6303bebb27dc (executor 1) (1/2)
[2026-05-09T14:26:47.779+0000] {subprocess.py:106} INFO - 26/05/09 14:26:47 INFO TaskSetManager: Finished task 0.0 in stage 12.0 (TID 27) in 213 ms on 00a554289257 (executor 2) (2/2)
[2026-05-09T14:26:47.780+0000] {subprocess.py:106} INFO - 26/05/09 14:26:47 INFO YarnScheduler: Removed TaskSet 12.0, whose tasks have all completed, from pool
[2026-05-09T14:26:47.780+0000] {subprocess.py:106} INFO - 26/05/09 14:26:47 INFO DAGScheduler: ShuffleMapStage 12 (count at NativeMethodAccessorImpl.java:0) finished in 0.222 s
[2026-05-09T14:26:47.781+0000] {subprocess.py:106} INFO - 26/05/09 14:26:47 INFO DAGScheduler: looking for newly runnable stages
[2026-05-09T14:26:47.781+0000] {subprocess.py:106} INFO - 26/05/09 14:26:47 INFO DAGScheduler: running: Set()
[2026-05-09T14:26:47.782+0000] {subprocess.py:106} INFO - 26/05/09 14:26:47 INFO DAGScheduler: waiting: Set()
[2026-05-09T14:26:47.782+0000] {subprocess.py:106} INFO - 26/05/09 14:26:47 INFO DAGScheduler: failed: Set()
[2026-05-09T14:26:47.814+0000] {subprocess.py:106} INFO - 26/05/09 14:26:47 INFO SparkContext: Starting job: count at NativeMethodAccessorImpl.java:0
[2026-05-09T14:26:47.816+0000] {subprocess.py:106} INFO - 26/05/09 14:26:47 INFO DAGScheduler: Got job 10 (count at NativeMethodAccessorImpl.java:0) with 1 output partitions
[2026-05-09T14:26:47.817+0000] {subprocess.py:106} INFO - 26/05/09 14:26:47 INFO DAGScheduler: Final stage: ResultStage 14 (count at NativeMethodAccessorImpl.java:0)
[2026-05-09T14:26:47.817+0000] {subprocess.py:106} INFO - 26/05/09 14:26:47 INFO DAGScheduler: Parents of final stage: List(ShuffleMapStage 13)
[2026-05-09T14:26:47.818+0000] {subprocess.py:106} INFO - 26/05/09 14:26:47 INFO DAGScheduler: Missing parents: List()
[2026-05-09T14:26:47.818+0000] {subprocess.py:106} INFO - 26/05/09 14:26:47 INFO DAGScheduler: Submitting ResultStage 14 (MapPartitionsRDD[36] at count at NativeMethodAccessorImpl.java:0), which has no missing parents
[2026-05-09T14:26:47.819+0000] {subprocess.py:106} INFO - 26/05/09 14:26:47 INFO MemoryStore: Block broadcast_17 stored as values in memory (estimated size 12.5 KiB, free 433.3 MiB)
[2026-05-09T14:26:47.820+0000] {subprocess.py:106} INFO - 26/05/09 14:26:47 INFO MemoryStore: Block broadcast_17_piece0 stored as bytes in memory (estimated size 5.9 KiB, free 433.3 MiB)
[2026-05-09T14:26:47.821+0000] {subprocess.py:106} INFO - 26/05/09 14:26:47 INFO BlockManagerInfo: Added broadcast_17_piece0 in memory on 172.30.1.13:39053 (size: 5.9 KiB, free: 434.2 MiB)
[2026-05-09T14:26:47.822+0000] {subprocess.py:106} INFO - 26/05/09 14:26:47 INFO SparkContext: Created broadcast 17 from broadcast at DAGScheduler.scala:1580
[2026-05-09T14:26:47.822+0000] {subprocess.py:106} INFO - 26/05/09 14:26:47 INFO DAGScheduler: Submitting 1 missing tasks from ResultStage 14 (MapPartitionsRDD[36] at count at NativeMethodAccessorImpl.java:0) (first 15 tasks are for partitions Vector(0))
[2026-05-09T14:26:47.823+0000] {subprocess.py:106} INFO - 26/05/09 14:26:47 INFO YarnScheduler: Adding task set 14.0 with 1 tasks resource profile 0
[2026-05-09T14:26:47.825+0000] {subprocess.py:106} INFO - 26/05/09 14:26:47 INFO TaskSetManager: Starting task 0.0 in stage 14.0 (TID 29) (00a554289257, executor 2, partition 0, NODE_LOCAL, 7626 bytes)
[2026-05-09T14:26:47.838+0000] {subprocess.py:106} INFO - 26/05/09 14:26:47 INFO BlockManagerInfo: Added broadcast_17_piece0 in memory on 00a554289257:45461 (size: 5.9 KiB, free: 93.1 MiB)
[2026-05-09T14:26:47.844+0000] {subprocess.py:106} INFO - 26/05/09 14:26:47 INFO MapOutputTrackerMasterEndpoint: Asked to send map output locations for shuffle 3 to 172.30.1.26:45270
[2026-05-09T14:26:47.859+0000] {subprocess.py:106} INFO - 26/05/09 14:26:47 INFO TaskSetManager: Finished task 0.0 in stage 14.0 (TID 29) in 34 ms on 00a554289257 (executor 2) (1/1)
[2026-05-09T14:26:47.860+0000] {subprocess.py:106} INFO - 26/05/09 14:26:47 INFO YarnScheduler: Removed TaskSet 14.0, whose tasks have all completed, from pool
[2026-05-09T14:26:47.862+0000] {subprocess.py:106} INFO - 26/05/09 14:26:47 INFO DAGScheduler: ResultStage 14 (count at NativeMethodAccessorImpl.java:0) finished in 0.042 s
[2026-05-09T14:26:47.867+0000] {subprocess.py:106} INFO - 26/05/09 14:26:47 INFO DAGScheduler: Job 10 is finished. Cancelling potential speculative or zombie tasks for this job
[2026-05-09T14:26:47.869+0000] {subprocess.py:106} INFO - 26/05/09 14:26:47 INFO YarnScheduler: Killing all running tasks in stage 14: Stage finished
[2026-05-09T14:26:47.869+0000] {subprocess.py:106} INFO - 26/05/09 14:26:47 INFO DAGScheduler: Job 10 finished: count at NativeMethodAccessorImpl.java:0, took 0.047134 s
[2026-05-09T14:26:47.870+0000] {subprocess.py:106} INFO - ⚡ 32951 rows found!
[2026-05-09T14:26:47.887+0000] {subprocess.py:106} INFO - 26/05/09 14:26:47 INFO FileSourceStrategy: Pushed Filters:
[2026-05-09T14:26:47.888+0000] {subprocess.py:106} INFO - 26/05/09 14:26:47 INFO FileSourceStrategy: Post-Scan Filters:
[2026-05-09T14:26:47.898+0000] {subprocess.py:106} INFO - 26/05/09 14:26:47 INFO ParquetUtils: Using default output committer for Parquet: org.apache.parquet.hadoop.ParquetOutputCommitter
[2026-05-09T14:26:47.900+0000] {subprocess.py:106} INFO - 26/05/09 14:26:47 INFO FileOutputCommitter: File Output Committer Algorithm version is 1
[2026-05-09T14:26:47.901+0000] {subprocess.py:106} INFO - 26/05/09 14:26:47 INFO FileOutputCommitter: FileOutputCommitter skip cleanup _temporary folders under output directory:false, ignore cleanup failures: false
[2026-05-09T14:26:47.902+0000] {subprocess.py:106} INFO - 26/05/09 14:26:47 INFO SQLHadoopMapReduceCommitProtocol: Using user defined output committer class org.apache.parquet.hadoop.ParquetOutputCommitter
[2026-05-09T14:26:47.902+0000] {subprocess.py:106} INFO - 26/05/09 14:26:47 INFO FileOutputCommitter: File Output Committer Algorithm version is 1
[2026-05-09T14:26:47.903+0000] {subprocess.py:106} INFO - 26/05/09 14:26:47 INFO FileOutputCommitter: FileOutputCommitter skip cleanup _temporary folders under output directory:false, ignore cleanup failures: false
[2026-05-09T14:26:47.903+0000] {subprocess.py:106} INFO - 26/05/09 14:26:47 INFO SQLHadoopMapReduceCommitProtocol: Using output committer class org.apache.parquet.hadoop.ParquetOutputCommitter
[2026-05-09T14:26:47.909+0000] {subprocess.py:106} INFO - 26/05/09 14:26:47 INFO MemoryStore: Block broadcast_18 stored as values in memory (estimated size 206.3 KiB, free 433.1 MiB)
[2026-05-09T14:26:47.920+0000] {subprocess.py:106} INFO - 26/05/09 14:26:47 INFO MemoryStore: Block broadcast_18_piece0 stored as bytes in memory (estimated size 35.1 KiB, free 433.1 MiB)
[2026-05-09T14:26:47.921+0000] {subprocess.py:106} INFO - 26/05/09 14:26:47 INFO BlockManagerInfo: Added broadcast_18_piece0 in memory on 172.30.1.13:39053 (size: 35.1 KiB, free: 434.2 MiB)
[2026-05-09T14:26:47.921+0000] {subprocess.py:106} INFO - 26/05/09 14:26:47 INFO SparkContext: Created broadcast 18 from save at NativeMethodAccessorImpl.java:0
[2026-05-09T14:26:47.924+0000] {subprocess.py:106} INFO - 26/05/09 14:26:47 INFO FileSourceScanExec: Planning scan with bin packing, max size: 70606685 bytes, open cost is considered as scanning 4194304 bytes.
[2026-05-09T14:26:47.944+0000] {subprocess.py:106} INFO - 26/05/09 14:26:47 INFO SparkContext: Starting job: save at NativeMethodAccessorImpl.java:0
[2026-05-09T14:26:47.945+0000] {subprocess.py:106} INFO - 26/05/09 14:26:47 INFO DAGScheduler: Got job 11 (save at NativeMethodAccessorImpl.java:0) with 2 output partitions
[2026-05-09T14:26:47.952+0000] {subprocess.py:106} INFO - 26/05/09 14:26:47 INFO DAGScheduler: Final stage: ResultStage 15 (save at NativeMethodAccessorImpl.java:0)
[2026-05-09T14:26:47.953+0000] {subprocess.py:106} INFO - 26/05/09 14:26:47 INFO DAGScheduler: Parents of final stage: List()
[2026-05-09T14:26:47.953+0000] {subprocess.py:106} INFO - 26/05/09 14:26:47 INFO DAGScheduler: Missing parents: List()
[2026-05-09T14:26:47.954+0000] {subprocess.py:106} INFO - 26/05/09 14:26:47 INFO DAGScheduler: Submitting ResultStage 15 (MapPartitionsRDD[39] at save at NativeMethodAccessorImpl.java:0), which has no missing parents
[2026-05-09T14:26:47.996+0000] {subprocess.py:106} INFO - 26/05/09 14:26:47 INFO MemoryStore: Block broadcast_19 stored as values in memory (estimated size 216.9 KiB, free 432.9 MiB)
[2026-05-09T14:26:48.008+0000] {subprocess.py:106} INFO - 26/05/09 14:26:48 INFO MemoryStore: Block broadcast_19_piece0 stored as bytes in memory (estimated size 78.7 KiB, free 432.8 MiB)
[2026-05-09T14:26:48.014+0000] {subprocess.py:106} INFO - 26/05/09 14:26:48 INFO BlockManagerInfo: Added broadcast_19_piece0 in memory on 172.30.1.13:39053 (size: 78.7 KiB, free: 434.1 MiB)
[2026-05-09T14:26:48.017+0000] {subprocess.py:106} INFO - 26/05/09 14:26:48 INFO SparkContext: Created broadcast 19 from broadcast at DAGScheduler.scala:1580
[2026-05-09T14:26:48.018+0000] {subprocess.py:106} INFO - 26/05/09 14:26:48 INFO DAGScheduler: Submitting 2 missing tasks from ResultStage 15 (MapPartitionsRDD[39] at save at NativeMethodAccessorImpl.java:0) (first 15 tasks are for partitions Vector(0, 1))
[2026-05-09T14:26:48.019+0000] {subprocess.py:106} INFO - 26/05/09 14:26:48 INFO YarnScheduler: Adding task set 15.0 with 2 tasks resource profile 0
[2026-05-09T14:26:48.020+0000] {subprocess.py:106} INFO - 26/05/09 14:26:48 INFO TaskSetManager: Starting task 0.0 in stage 15.0 (TID 30) (6303bebb27dc, executor 1, partition 0, RACK_LOCAL, 10405 bytes)
[2026-05-09T14:26:48.020+0000] {subprocess.py:106} INFO - 26/05/09 14:26:48 INFO BlockManagerInfo: Removed broadcast_17_piece0 on 172.30.1.13:39053 in memory (size: 5.9 KiB, free: 434.1 MiB)
[2026-05-09T14:26:48.021+0000] {subprocess.py:106} INFO - 26/05/09 14:26:48 INFO TaskSetManager: Starting task 1.0 in stage 15.0 (TID 31) (00a554289257, executor 2, partition 1, RACK_LOCAL, 10272 bytes)
[2026-05-09T14:26:48.022+0000] {subprocess.py:106} INFO - 26/05/09 14:26:48 INFO BlockManagerInfo: Removed broadcast_17_piece0 on 00a554289257:45461 in memory (size: 5.9 KiB, free: 93.1 MiB)
[2026-05-09T14:26:48.038+0000] {subprocess.py:106} INFO - 26/05/09 14:26:48 INFO BlockManagerInfo: Added broadcast_19_piece0 in memory on 6303bebb27dc:37085 (size: 78.7 KiB, free: 93.0 MiB)
[2026-05-09T14:26:48.039+0000] {subprocess.py:106} INFO - 26/05/09 14:26:48 INFO BlockManagerInfo: Added broadcast_19_piece0 in memory on 00a554289257:45461 (size: 78.7 KiB, free: 93.0 MiB)
[2026-05-09T14:26:48.040+0000] {subprocess.py:106} INFO - 26/05/09 14:26:48 INFO BlockManagerInfo: Removed broadcast_13_piece0 on 172.30.1.13:39053 in memory (size: 35.1 KiB, free: 434.1 MiB)
[2026-05-09T14:26:48.045+0000] {subprocess.py:106} INFO - 26/05/09 14:26:48 INFO BlockManagerInfo: Removed broadcast_13_piece0 on 00a554289257:45461 in memory (size: 35.1 KiB, free: 93.1 MiB)
[2026-05-09T14:26:48.046+0000] {subprocess.py:106} INFO - 26/05/09 14:26:48 INFO BlockManagerInfo: Removed broadcast_13_piece0 on 6303bebb27dc:37085 in memory (size: 35.1 KiB, free: 93.1 MiB)
[2026-05-09T14:26:48.059+0000] {subprocess.py:106} INFO - 26/05/09 14:26:48 INFO BlockManagerInfo: Removed broadcast_15_piece0 on 172.30.1.13:39053 in memory (size: 35.1 KiB, free: 434.2 MiB)
[2026-05-09T14:26:48.061+0000] {subprocess.py:106} INFO - 26/05/09 14:26:48 INFO BlockManagerInfo: Removed broadcast_15_piece0 on 6303bebb27dc:37085 in memory (size: 35.1 KiB, free: 93.1 MiB)
[2026-05-09T14:26:48.062+0000] {subprocess.py:106} INFO - 26/05/09 14:26:48 INFO BlockManagerInfo: Removed broadcast_15_piece0 on 00a554289257:45461 in memory (size: 35.1 KiB, free: 93.1 MiB)
[2026-05-09T14:26:48.076+0000] {subprocess.py:106} INFO - 26/05/09 14:26:48 INFO BlockManagerInfo: Removed broadcast_10_piece0 on 172.30.1.13:39053 in memory (size: 35.1 KiB, free: 434.2 MiB)
[2026-05-09T14:26:48.081+0000] {subprocess.py:106} INFO - 26/05/09 14:26:48 INFO BlockManagerInfo: Removed broadcast_10_piece0 on 00a554289257:45461 in memory (size: 35.1 KiB, free: 93.1 MiB)
[2026-05-09T14:26:48.082+0000] {subprocess.py:106} INFO - 26/05/09 14:26:48 INFO BlockManagerInfo: Removed broadcast_10_piece0 on 6303bebb27dc:37085 in memory (size: 35.1 KiB, free: 93.1 MiB)
[2026-05-09T14:26:48.092+0000] {subprocess.py:106} INFO - 26/05/09 14:26:48 INFO BlockManagerInfo: Removed broadcast_14_piece0 on 172.30.1.13:39053 in memory (size: 78.5 KiB, free: 434.3 MiB)
[2026-05-09T14:26:48.095+0000] {subprocess.py:106} INFO - 26/05/09 14:26:48 INFO BlockManagerInfo: Removed broadcast_14_piece0 on 00a554289257:45461 in memory (size: 78.5 KiB, free: 93.2 MiB)
[2026-05-09T14:26:48.096+0000] {subprocess.py:106} INFO - 26/05/09 14:26:48 INFO BlockManagerInfo: Removed broadcast_14_piece0 on 6303bebb27dc:37085 in memory (size: 78.5 KiB, free: 93.2 MiB)
[2026-05-09T14:26:48.109+0000] {subprocess.py:106} INFO - 26/05/09 14:26:48 INFO BlockManagerInfo: Removed broadcast_16_piece0 on 172.30.1.13:39053 in memory (size: 8.9 KiB, free: 434.3 MiB)
[2026-05-09T14:26:48.118+0000] {subprocess.py:106} INFO - 26/05/09 14:26:48 INFO BlockManagerInfo: Removed broadcast_16_piece0 on 6303bebb27dc:37085 in memory (size: 8.9 KiB, free: 93.2 MiB)
[2026-05-09T14:26:48.119+0000] {subprocess.py:106} INFO - 26/05/09 14:26:48 INFO BlockManagerInfo: Added broadcast_18_piece0 in memory on 00a554289257:45461 (size: 35.1 KiB, free: 93.2 MiB)
[2026-05-09T14:26:48.126+0000] {subprocess.py:106} INFO - 26/05/09 14:26:48 INFO BlockManagerInfo: Removed broadcast_16_piece0 on 00a554289257:45461 in memory (size: 8.9 KiB, free: 93.2 MiB)
[2026-05-09T14:26:48.138+0000] {subprocess.py:106} INFO - 26/05/09 14:26:48 INFO BlockManagerInfo: Added broadcast_18_piece0 in memory on 6303bebb27dc:37085 (size: 35.1 KiB, free: 93.2 MiB)
[2026-05-09T14:26:48.144+0000] {subprocess.py:106} INFO - 26/05/09 14:26:48 INFO BlockManagerInfo: Removed broadcast_11_piece0 on 172.30.1.13:39053 in memory (size: 8.9 KiB, free: 434.3 MiB)
[2026-05-09T14:26:48.149+0000] {subprocess.py:106} INFO - 26/05/09 14:26:48 INFO BlockManagerInfo: Removed broadcast_11_piece0 on 00a554289257:45461 in memory (size: 8.9 KiB, free: 93.2 MiB)
[2026-05-09T14:26:48.152+0000] {subprocess.py:106} INFO - 26/05/09 14:26:48 INFO BlockManagerInfo: Removed broadcast_11_piece0 on 6303bebb27dc:37085 in memory (size: 8.9 KiB, free: 93.2 MiB)
[2026-05-09T14:26:48.166+0000] {subprocess.py:106} INFO - 26/05/09 14:26:48 INFO BlockManagerInfo: Removed broadcast_12_piece0 on 172.30.1.13:39053 in memory (size: 5.9 KiB, free: 434.3 MiB)
[2026-05-09T14:26:48.172+0000] {subprocess.py:106} INFO - 26/05/09 14:26:48 INFO BlockManagerInfo: Removed broadcast_12_piece0 on 00a554289257:45461 in memory (size: 5.9 KiB, free: 93.2 MiB)
[2026-05-09T14:26:48.859+0000] {subprocess.py:106} INFO - 26/05/09 14:26:48 INFO TaskSetManager: Finished task 0.0 in stage 15.0 (TID 30) in 844 ms on 6303bebb27dc (executor 1) (1/2)
[2026-05-09T14:26:49.242+0000] {subprocess.py:106} INFO - 26/05/09 14:26:49 INFO TaskSetManager: Finished task 1.0 in stage 15.0 (TID 31) in 1226 ms on 00a554289257 (executor 2) (2/2)
[2026-05-09T14:26:49.243+0000] {subprocess.py:106} INFO - 26/05/09 14:26:49 INFO YarnScheduler: Removed TaskSet 15.0, whose tasks have all completed, from pool
[2026-05-09T14:26:49.244+0000] {subprocess.py:106} INFO - 26/05/09 14:26:49 INFO DAGScheduler: ResultStage 15 (save at NativeMethodAccessorImpl.java:0) finished in 1.293 s
[2026-05-09T14:26:49.245+0000] {subprocess.py:106} INFO - 26/05/09 14:26:49 INFO DAGScheduler: Job 11 is finished. Cancelling potential speculative or zombie tasks for this job
[2026-05-09T14:26:49.245+0000] {subprocess.py:106} INFO - 26/05/09 14:26:49 INFO YarnScheduler: Killing all running tasks in stage 15: Stage finished
[2026-05-09T14:26:49.246+0000] {subprocess.py:106} INFO - 26/05/09 14:26:49 INFO DAGScheduler: Job 11 finished: save at NativeMethodAccessorImpl.java:0, took 1.299302 s
[2026-05-09T14:26:49.246+0000] {subprocess.py:106} INFO - 26/05/09 14:26:49 INFO FileFormatWriter: Start to commit write Job 839f4d7d-eed8-4b91-8551-6f42436c6719.
[2026-05-09T14:26:49.271+0000] {subprocess.py:106} INFO - 26/05/09 14:26:49 INFO FileFormatWriter: Write Job 839f4d7d-eed8-4b91-8551-6f42436c6719 committed. Elapsed time: 26 ms.
[2026-05-09T14:26:49.272+0000] {subprocess.py:106} INFO - 26/05/09 14:26:49 INFO FileFormatWriter: Finished processing stats for write job 839f4d7d-eed8-4b91-8551-6f42436c6719.
[2026-05-09T14:26:49.273+0000] {subprocess.py:106} INFO - ✅ products saved to Bronze Layer!
[2026-05-09T14:26:49.273+0000] {subprocess.py:106} INFO - 📥 Reading sellers...
[2026-05-09T14:26:49.296+0000] {subprocess.py:106} INFO - 26/05/09 14:26:49 INFO InMemoryFileIndex: It took 6 ms to list leaf files for 1 paths.
[2026-05-09T14:26:49.316+0000] {subprocess.py:106} INFO - 26/05/09 14:26:49 INFO FileSourceStrategy: Pushed Filters:
[2026-05-09T14:26:49.317+0000] {subprocess.py:106} INFO - 26/05/09 14:26:49 INFO FileSourceStrategy: Post-Scan Filters:
[2026-05-09T14:26:49.329+0000] {subprocess.py:106} INFO - 26/05/09 14:26:49 INFO MemoryStore: Block broadcast_20 stored as values in memory (estimated size 206.3 KiB, free 433.7 MiB)
[2026-05-09T14:26:49.343+0000] {subprocess.py:106} INFO - 26/05/09 14:26:49 INFO MemoryStore: Block broadcast_20_piece0 stored as bytes in memory (estimated size 35.1 KiB, free 433.6 MiB)
[2026-05-09T14:26:49.344+0000] {subprocess.py:106} INFO - 26/05/09 14:26:49 INFO BlockManagerInfo: Added broadcast_20_piece0 in memory on 172.30.1.13:39053 (size: 35.1 KiB, free: 434.3 MiB)
[2026-05-09T14:26:49.345+0000] {subprocess.py:106} INFO - 26/05/09 14:26:49 INFO SparkContext: Created broadcast 20 from count at NativeMethodAccessorImpl.java:0
[2026-05-09T14:26:49.346+0000] {subprocess.py:106} INFO - 26/05/09 14:26:49 INFO FileSourceScanExec: Planning scan with bin packing, max size: 8470490 bytes, open cost is considered as scanning 4194304 bytes.
[2026-05-09T14:26:49.353+0000] {subprocess.py:106} INFO - 26/05/09 14:26:49 INFO DAGScheduler: Registering RDD 43 (count at NativeMethodAccessorImpl.java:0) as input to shuffle 4
[2026-05-09T14:26:49.354+0000] {subprocess.py:106} INFO - 26/05/09 14:26:49 INFO DAGScheduler: Got map stage job 12 (count at NativeMethodAccessorImpl.java:0) with 2 output partitions
[2026-05-09T14:26:49.355+0000] {subprocess.py:106} INFO - 26/05/09 14:26:49 INFO DAGScheduler: Final stage: ShuffleMapStage 16 (count at NativeMethodAccessorImpl.java:0)
[2026-05-09T14:26:49.355+0000] {subprocess.py:106} INFO - 26/05/09 14:26:49 INFO DAGScheduler: Parents of final stage: List()
[2026-05-09T14:26:49.356+0000] {subprocess.py:106} INFO - 26/05/09 14:26:49 INFO DAGScheduler: Missing parents: List()
[2026-05-09T14:26:49.356+0000] {subprocess.py:106} INFO - 26/05/09 14:26:49 INFO DAGScheduler: Submitting ShuffleMapStage 16 (MapPartitionsRDD[43] at count at NativeMethodAccessorImpl.java:0), which has no missing parents
[2026-05-09T14:26:49.358+0000] {subprocess.py:106} INFO - 26/05/09 14:26:49 INFO MemoryStore: Block broadcast_21 stored as values in memory (estimated size 17.9 KiB, free 433.6 MiB)
[2026-05-09T14:26:49.358+0000] {subprocess.py:106} INFO - 26/05/09 14:26:49 INFO MemoryStore: Block broadcast_21_piece0 stored as bytes in memory (estimated size 8.8 KiB, free 433.6 MiB)
[2026-05-09T14:26:49.360+0000] {subprocess.py:106} INFO - 26/05/09 14:26:49 INFO BlockManagerInfo: Added broadcast_21_piece0 in memory on 172.30.1.13:39053 (size: 8.8 KiB, free: 434.2 MiB)
[2026-05-09T14:26:49.361+0000] {subprocess.py:106} INFO - 26/05/09 14:26:49 INFO SparkContext: Created broadcast 21 from broadcast at DAGScheduler.scala:1580
[2026-05-09T14:26:49.362+0000] {subprocess.py:106} INFO - 26/05/09 14:26:49 INFO DAGScheduler: Submitting 2 missing tasks from ShuffleMapStage 16 (MapPartitionsRDD[43] at count at NativeMethodAccessorImpl.java:0) (first 15 tasks are for partitions Vector(0, 1))
[2026-05-09T14:26:49.362+0000] {subprocess.py:106} INFO - 26/05/09 14:26:49 INFO YarnScheduler: Adding task set 16.0 with 2 tasks resource profile 0
[2026-05-09T14:26:49.365+0000] {subprocess.py:106} INFO - 26/05/09 14:26:49 INFO TaskSetManager: Starting task 0.0 in stage 16.0 (TID 32) (6303bebb27dc, executor 1, partition 0, RACK_LOCAL, 8385 bytes)
[2026-05-09T14:26:49.366+0000] {subprocess.py:106} INFO - 26/05/09 14:26:49 INFO TaskSetManager: Starting task 1.0 in stage 16.0 (TID 33) (00a554289257, executor 2, partition 1, RACK_LOCAL, 8385 bytes)
[2026-05-09T14:26:49.379+0000] {subprocess.py:106} INFO - 26/05/09 14:26:49 INFO BlockManagerInfo: Added broadcast_21_piece0 in memory on 00a554289257:45461 (size: 8.8 KiB, free: 93.2 MiB)
[2026-05-09T14:26:49.380+0000] {subprocess.py:106} INFO - 26/05/09 14:26:49 INFO BlockManagerInfo: Added broadcast_21_piece0 in memory on 6303bebb27dc:37085 (size: 8.8 KiB, free: 93.2 MiB)
[2026-05-09T14:26:49.399+0000] {subprocess.py:106} INFO - 26/05/09 14:26:49 INFO BlockManagerInfo: Added broadcast_20_piece0 in memory on 6303bebb27dc:37085 (size: 35.1 KiB, free: 93.1 MiB)
[2026-05-09T14:26:49.400+0000] {subprocess.py:106} INFO - 26/05/09 14:26:49 INFO BlockManagerInfo: Added broadcast_20_piece0 in memory on 00a554289257:45461 (size: 35.1 KiB, free: 93.1 MiB)
[2026-05-09T14:26:49.436+0000] {subprocess.py:106} INFO - 26/05/09 14:26:49 INFO TaskSetManager: Finished task 1.0 in stage 16.0 (TID 33) in 70 ms on 00a554289257 (executor 2) (1/2)
[2026-05-09T14:26:49.437+0000] {subprocess.py:106} INFO - 26/05/09 14:26:49 INFO TaskSetManager: Finished task 0.0 in stage 16.0 (TID 32) in 71 ms on 6303bebb27dc (executor 1) (2/2)
[2026-05-09T14:26:49.437+0000] {subprocess.py:106} INFO - 26/05/09 14:26:49 INFO YarnScheduler: Removed TaskSet 16.0, whose tasks have all completed, from pool
[2026-05-09T14:26:49.438+0000] {subprocess.py:106} INFO - 26/05/09 14:26:49 INFO DAGScheduler: ShuffleMapStage 16 (count at NativeMethodAccessorImpl.java:0) finished in 0.081 s
[2026-05-09T14:26:49.439+0000] {subprocess.py:106} INFO - 26/05/09 14:26:49 INFO DAGScheduler: looking for newly runnable stages
[2026-05-09T14:26:49.439+0000] {subprocess.py:106} INFO - 26/05/09 14:26:49 INFO DAGScheduler: running: Set()
[2026-05-09T14:26:49.440+0000] {subprocess.py:106} INFO - 26/05/09 14:26:49 INFO DAGScheduler: waiting: Set()
[2026-05-09T14:26:49.440+0000] {subprocess.py:106} INFO - 26/05/09 14:26:49 INFO DAGScheduler: failed: Set()
[2026-05-09T14:26:49.455+0000] {subprocess.py:106} INFO - 26/05/09 14:26:49 INFO SparkContext: Starting job: count at NativeMethodAccessorImpl.java:0
[2026-05-09T14:26:49.456+0000] {subprocess.py:106} INFO - 26/05/09 14:26:49 INFO DAGScheduler: Got job 13 (count at NativeMethodAccessorImpl.java:0) with 1 output partitions
[2026-05-09T14:26:49.457+0000] {subprocess.py:106} INFO - 26/05/09 14:26:49 INFO DAGScheduler: Final stage: ResultStage 18 (count at NativeMethodAccessorImpl.java:0)
[2026-05-09T14:26:49.458+0000] {subprocess.py:106} INFO - 26/05/09 14:26:49 INFO DAGScheduler: Parents of final stage: List(ShuffleMapStage 17)
[2026-05-09T14:26:49.458+0000] {subprocess.py:106} INFO - 26/05/09 14:26:49 INFO DAGScheduler: Missing parents: List()
[2026-05-09T14:26:49.459+0000] {subprocess.py:106} INFO - 26/05/09 14:26:49 INFO DAGScheduler: Submitting ResultStage 18 (MapPartitionsRDD[46] at count at NativeMethodAccessorImpl.java:0), which has no missing parents
[2026-05-09T14:26:49.459+0000] {subprocess.py:106} INFO - 26/05/09 14:26:49 INFO MemoryStore: Block broadcast_22 stored as values in memory (estimated size 12.5 KiB, free 433.6 MiB)
[2026-05-09T14:26:49.461+0000] {subprocess.py:106} INFO - 26/05/09 14:26:49 INFO MemoryStore: Block broadcast_22_piece0 stored as bytes in memory (estimated size 5.9 KiB, free 433.6 MiB)
[2026-05-09T14:26:49.462+0000] {subprocess.py:106} INFO - 26/05/09 14:26:49 INFO BlockManagerInfo: Added broadcast_22_piece0 in memory on 172.30.1.13:39053 (size: 5.9 KiB, free: 434.2 MiB)
[2026-05-09T14:26:49.463+0000] {subprocess.py:106} INFO - 26/05/09 14:26:49 INFO SparkContext: Created broadcast 22 from broadcast at DAGScheduler.scala:1580
[2026-05-09T14:26:49.463+0000] {subprocess.py:106} INFO - 26/05/09 14:26:49 INFO DAGScheduler: Submitting 1 missing tasks from ResultStage 18 (MapPartitionsRDD[46] at count at NativeMethodAccessorImpl.java:0) (first 15 tasks are for partitions Vector(0))
[2026-05-09T14:26:49.464+0000] {subprocess.py:106} INFO - 26/05/09 14:26:49 INFO YarnScheduler: Adding task set 18.0 with 1 tasks resource profile 0
[2026-05-09T14:26:49.465+0000] {subprocess.py:106} INFO - 26/05/09 14:26:49 INFO TaskSetManager: Starting task 0.0 in stage 18.0 (TID 34) (00a554289257, executor 2, partition 0, NODE_LOCAL, 7626 bytes)
[2026-05-09T14:26:49.478+0000] {subprocess.py:106} INFO - 26/05/09 14:26:49 INFO BlockManagerInfo: Added broadcast_22_piece0 in memory on 00a554289257:45461 (size: 5.9 KiB, free: 93.1 MiB)
[2026-05-09T14:26:49.483+0000] {subprocess.py:106} INFO - 26/05/09 14:26:49 INFO MapOutputTrackerMasterEndpoint: Asked to send map output locations for shuffle 4 to 172.30.1.26:45270
[2026-05-09T14:26:49.498+0000] {subprocess.py:106} INFO - 26/05/09 14:26:49 INFO TaskSetManager: Finished task 0.0 in stage 18.0 (TID 34) in 32 ms on 00a554289257 (executor 2) (1/1)
[2026-05-09T14:26:49.499+0000] {subprocess.py:106} INFO - 26/05/09 14:26:49 INFO YarnScheduler: Removed TaskSet 18.0, whose tasks have all completed, from pool
[2026-05-09T14:26:49.499+0000] {subprocess.py:106} INFO - 26/05/09 14:26:49 INFO DAGScheduler: ResultStage 18 (count at NativeMethodAccessorImpl.java:0) finished in 0.039 s
[2026-05-09T14:26:49.502+0000] {subprocess.py:106} INFO - 26/05/09 14:26:49 INFO DAGScheduler: Job 13 is finished. Cancelling potential speculative or zombie tasks for this job
[2026-05-09T14:26:49.503+0000] {subprocess.py:106} INFO - 26/05/09 14:26:49 INFO YarnScheduler: Killing all running tasks in stage 18: Stage finished
[2026-05-09T14:26:49.504+0000] {subprocess.py:106} INFO - 26/05/09 14:26:49 INFO DAGScheduler: Job 13 finished: count at NativeMethodAccessorImpl.java:0, took 0.044168 s
[2026-05-09T14:26:49.505+0000] {subprocess.py:106} INFO - ⚡ 3095 rows found!
[2026-05-09T14:26:49.515+0000] {subprocess.py:106} INFO - 26/05/09 14:26:49 INFO FileSourceStrategy: Pushed Filters:
[2026-05-09T14:26:49.516+0000] {subprocess.py:106} INFO - 26/05/09 14:26:49 INFO FileSourceStrategy: Post-Scan Filters:
[2026-05-09T14:26:49.525+0000] {subprocess.py:106} INFO - 26/05/09 14:26:49 INFO ParquetUtils: Using default output committer for Parquet: org.apache.parquet.hadoop.ParquetOutputCommitter
[2026-05-09T14:26:49.525+0000] {subprocess.py:106} INFO - 26/05/09 14:26:49 INFO FileOutputCommitter: File Output Committer Algorithm version is 1
[2026-05-09T14:26:49.526+0000] {subprocess.py:106} INFO - 26/05/09 14:26:49 INFO FileOutputCommitter: FileOutputCommitter skip cleanup _temporary folders under output directory:false, ignore cleanup failures: false
[2026-05-09T14:26:49.527+0000] {subprocess.py:106} INFO - 26/05/09 14:26:49 INFO SQLHadoopMapReduceCommitProtocol: Using user defined output committer class org.apache.parquet.hadoop.ParquetOutputCommitter
[2026-05-09T14:26:49.527+0000] {subprocess.py:106} INFO - 26/05/09 14:26:49 INFO FileOutputCommitter: File Output Committer Algorithm version is 1
[2026-05-09T14:26:49.528+0000] {subprocess.py:106} INFO - 26/05/09 14:26:49 INFO FileOutputCommitter: FileOutputCommitter skip cleanup _temporary folders under output directory:false, ignore cleanup failures: false
[2026-05-09T14:26:49.528+0000] {subprocess.py:106} INFO - 26/05/09 14:26:49 INFO SQLHadoopMapReduceCommitProtocol: Using output committer class org.apache.parquet.hadoop.ParquetOutputCommitter
[2026-05-09T14:26:49.534+0000] {subprocess.py:106} INFO - 26/05/09 14:26:49 INFO MemoryStore: Block broadcast_23 stored as values in memory (estimated size 206.3 KiB, free 433.4 MiB)
[2026-05-09T14:26:49.547+0000] {subprocess.py:106} INFO - 26/05/09 14:26:49 INFO MemoryStore: Block broadcast_23_piece0 stored as bytes in memory (estimated size 35.1 KiB, free 433.4 MiB)
[2026-05-09T14:26:49.548+0000] {subprocess.py:106} INFO - 26/05/09 14:26:49 INFO BlockManagerInfo: Added broadcast_23_piece0 in memory on 172.30.1.13:39053 (size: 35.1 KiB, free: 434.2 MiB)
[2026-05-09T14:26:49.549+0000] {subprocess.py:106} INFO - 26/05/09 14:26:49 INFO SparkContext: Created broadcast 23 from save at NativeMethodAccessorImpl.java:0
[2026-05-09T14:26:49.550+0000] {subprocess.py:106} INFO - 26/05/09 14:26:49 INFO FileSourceScanExec: Planning scan with bin packing, max size: 8470490 bytes, open cost is considered as scanning 4194304 bytes.
[2026-05-09T14:26:49.555+0000] {subprocess.py:106} INFO - 26/05/09 14:26:49 INFO SparkContext: Starting job: save at NativeMethodAccessorImpl.java:0
[2026-05-09T14:26:49.556+0000] {subprocess.py:106} INFO - 26/05/09 14:26:49 INFO DAGScheduler: Got job 14 (save at NativeMethodAccessorImpl.java:0) with 2 output partitions
[2026-05-09T14:26:49.557+0000] {subprocess.py:106} INFO - 26/05/09 14:26:49 INFO DAGScheduler: Final stage: ResultStage 19 (save at NativeMethodAccessorImpl.java:0)
[2026-05-09T14:26:49.557+0000] {subprocess.py:106} INFO - 26/05/09 14:26:49 INFO DAGScheduler: Parents of final stage: List()
[2026-05-09T14:26:49.557+0000] {subprocess.py:106} INFO - 26/05/09 14:26:49 INFO DAGScheduler: Missing parents: List()
[2026-05-09T14:26:49.558+0000] {subprocess.py:106} INFO - 26/05/09 14:26:49 INFO DAGScheduler: Submitting ResultStage 19 (MapPartitionsRDD[49] at save at NativeMethodAccessorImpl.java:0), which has no missing parents
[2026-05-09T14:26:49.570+0000] {subprocess.py:106} INFO - 26/05/09 14:26:49 INFO MemoryStore: Block broadcast_24 stored as values in memory (estimated size 215.5 KiB, free 433.1 MiB)
[2026-05-09T14:26:49.573+0000] {subprocess.py:106} INFO - 26/05/09 14:26:49 INFO MemoryStore: Block broadcast_24_piece0 stored as bytes in memory (estimated size 78.3 KiB, free 433.1 MiB)
[2026-05-09T14:26:49.574+0000] {subprocess.py:106} INFO - 26/05/09 14:26:49 INFO BlockManagerInfo: Added broadcast_24_piece0 in memory on 172.30.1.13:39053 (size: 78.3 KiB, free: 434.1 MiB)
[2026-05-09T14:26:49.574+0000] {subprocess.py:106} INFO - 26/05/09 14:26:49 INFO SparkContext: Created broadcast 24 from broadcast at DAGScheduler.scala:1580
[2026-05-09T14:26:49.575+0000] {subprocess.py:106} INFO - 26/05/09 14:26:49 INFO DAGScheduler: Submitting 2 missing tasks from ResultStage 19 (MapPartitionsRDD[49] at save at NativeMethodAccessorImpl.java:0) (first 15 tasks are for partitions Vector(0, 1))
[2026-05-09T14:26:49.575+0000] {subprocess.py:106} INFO - 26/05/09 14:26:49 INFO YarnScheduler: Adding task set 19.0 with 2 tasks resource profile 0
[2026-05-09T14:26:49.577+0000] {subprocess.py:106} INFO - 26/05/09 14:26:49 INFO TaskSetManager: Starting task 0.0 in stage 19.0 (TID 35) (6303bebb27dc, executor 1, partition 0, RACK_LOCAL, 8396 bytes)
[2026-05-09T14:26:49.578+0000] {subprocess.py:106} INFO - 26/05/09 14:26:49 INFO TaskSetManager: Starting task 1.0 in stage 19.0 (TID 36) (00a554289257, executor 2, partition 1, RACK_LOCAL, 8396 bytes)
[2026-05-09T14:26:49.592+0000] {subprocess.py:106} INFO - 26/05/09 14:26:49 INFO BlockManagerInfo: Added broadcast_24_piece0 in memory on 00a554289257:45461 (size: 78.3 KiB, free: 93.1 MiB)
[2026-05-09T14:26:49.594+0000] {subprocess.py:106} INFO - 26/05/09 14:26:49 INFO BlockManagerInfo: Added broadcast_24_piece0 in memory on 6303bebb27dc:37085 (size: 78.3 KiB, free: 93.1 MiB)
[2026-05-09T14:26:49.648+0000] {subprocess.py:106} INFO - 26/05/09 14:26:49 INFO BlockManagerInfo: Added broadcast_23_piece0 in memory on 00a554289257:45461 (size: 35.1 KiB, free: 93.0 MiB)
[2026-05-09T14:26:49.664+0000] {subprocess.py:106} INFO - 26/05/09 14:26:49 INFO BlockManagerInfo: Added broadcast_23_piece0 in memory on 6303bebb27dc:37085 (size: 35.1 KiB, free: 93.0 MiB)
[2026-05-09T14:26:49.759+0000] {subprocess.py:106} INFO - 26/05/09 14:26:49 INFO TaskSetManager: Finished task 1.0 in stage 19.0 (TID 36) in 182 ms on 00a554289257 (executor 2) (1/2)
[2026-05-09T14:26:49.766+0000] {subprocess.py:106} INFO - 26/05/09 14:26:49 INFO TaskSetManager: Finished task 0.0 in stage 19.0 (TID 35) in 188 ms on 6303bebb27dc (executor 1) (2/2)
[2026-05-09T14:26:49.767+0000] {subprocess.py:106} INFO - 26/05/09 14:26:49 INFO YarnScheduler: Removed TaskSet 19.0, whose tasks have all completed, from pool
[2026-05-09T14:26:49.768+0000] {subprocess.py:106} INFO - 26/05/09 14:26:49 INFO DAGScheduler: ResultStage 19 (save at NativeMethodAccessorImpl.java:0) finished in 0.207 s
[2026-05-09T14:26:49.768+0000] {subprocess.py:106} INFO - 26/05/09 14:26:49 INFO DAGScheduler: Job 14 is finished. Cancelling potential speculative or zombie tasks for this job
[2026-05-09T14:26:49.769+0000] {subprocess.py:106} INFO - 26/05/09 14:26:49 INFO YarnScheduler: Killing all running tasks in stage 19: Stage finished
[2026-05-09T14:26:49.769+0000] {subprocess.py:106} INFO - 26/05/09 14:26:49 INFO DAGScheduler: Job 14 finished: save at NativeMethodAccessorImpl.java:0, took 0.211074 s
[2026-05-09T14:26:49.770+0000] {subprocess.py:106} INFO - 26/05/09 14:26:49 INFO FileFormatWriter: Start to commit write Job f6b5594b-7baa-4159-a3cd-ea15ec4b1b63.
[2026-05-09T14:26:49.798+0000] {subprocess.py:106} INFO - 26/05/09 14:26:49 INFO FileFormatWriter: Write Job f6b5594b-7baa-4159-a3cd-ea15ec4b1b63 committed. Elapsed time: 29 ms.
[2026-05-09T14:26:49.799+0000] {subprocess.py:106} INFO - 26/05/09 14:26:49 INFO FileFormatWriter: Finished processing stats for write job f6b5594b-7baa-4159-a3cd-ea15ec4b1b63.
[2026-05-09T14:26:49.801+0000] {subprocess.py:106} INFO - ✅ sellers saved to Bronze Layer!
[2026-05-09T14:26:49.802+0000] {subprocess.py:106} INFO - 📥 Reading payments...
[2026-05-09T14:26:49.876+0000] {subprocess.py:106} INFO - 26/05/09 14:26:49 INFO InMemoryFileIndex: It took 46 ms to list leaf files for 1 paths.
[2026-05-09T14:26:49.902+0000] {subprocess.py:106} INFO - 26/05/09 14:26:49 INFO FileSourceStrategy: Pushed Filters:
[2026-05-09T14:26:49.904+0000] {subprocess.py:106} INFO - 26/05/09 14:26:49 INFO FileSourceStrategy: Post-Scan Filters:
[2026-05-09T14:26:49.920+0000] {subprocess.py:106} INFO - 26/05/09 14:26:49 INFO MemoryStore: Block broadcast_25 stored as values in memory (estimated size 206.3 KiB, free 432.9 MiB)
[2026-05-09T14:26:49.930+0000] {subprocess.py:106} INFO - 26/05/09 14:26:49 INFO MemoryStore: Block broadcast_25_piece0 stored as bytes in memory (estimated size 35.1 KiB, free 432.8 MiB)
[2026-05-09T14:26:49.930+0000] {subprocess.py:106} INFO - 26/05/09 14:26:49 INFO BlockManagerInfo: Added broadcast_25_piece0 in memory on 172.30.1.13:39053 (size: 35.1 KiB, free: 434.1 MiB)
[2026-05-09T14:26:49.932+0000] {subprocess.py:106} INFO - 26/05/09 14:26:49 INFO SparkContext: Created broadcast 25 from count at NativeMethodAccessorImpl.java:0
[2026-05-09T14:26:49.935+0000] {subprocess.py:106} INFO - 26/05/09 14:26:49 INFO FileSourceScanExec: Planning scan with bin packing, max size: 134217728 bytes, open cost is considered as scanning 4194304 bytes.
[2026-05-09T14:26:49.957+0000] {subprocess.py:106} INFO - 26/05/09 14:26:49 INFO DAGScheduler: Registering RDD 53 (count at NativeMethodAccessorImpl.java:0) as input to shuffle 5
[2026-05-09T14:26:49.959+0000] {subprocess.py:106} INFO - 26/05/09 14:26:49 INFO DAGScheduler: Got map stage job 15 (count at NativeMethodAccessorImpl.java:0) with 4 output partitions
[2026-05-09T14:26:49.960+0000] {subprocess.py:106} INFO - 26/05/09 14:26:49 INFO DAGScheduler: Final stage: ShuffleMapStage 20 (count at NativeMethodAccessorImpl.java:0)
[2026-05-09T14:26:49.961+0000] {subprocess.py:106} INFO - 26/05/09 14:26:49 INFO DAGScheduler: Parents of final stage: List()
[2026-05-09T14:26:49.961+0000] {subprocess.py:106} INFO - 26/05/09 14:26:49 INFO DAGScheduler: Missing parents: List()
[2026-05-09T14:26:49.962+0000] {subprocess.py:106} INFO - 26/05/09 14:26:49 INFO DAGScheduler: Submitting ShuffleMapStage 20 (MapPartitionsRDD[53] at count at NativeMethodAccessorImpl.java:0), which has no missing parents
[2026-05-09T14:26:49.963+0000] {subprocess.py:106} INFO - 26/05/09 14:26:49 INFO MemoryStore: Block broadcast_26 stored as values in memory (estimated size 17.9 KiB, free 432.8 MiB)
[2026-05-09T14:26:49.966+0000] {subprocess.py:106} INFO - 26/05/09 14:26:49 INFO MemoryStore: Block broadcast_26_piece0 stored as bytes in memory (estimated size 8.8 KiB, free 432.8 MiB)
[2026-05-09T14:26:49.967+0000] {subprocess.py:106} INFO - 26/05/09 14:26:49 INFO BlockManagerInfo: Added broadcast_26_piece0 in memory on 172.30.1.13:39053 (size: 8.8 KiB, free: 434.1 MiB)
[2026-05-09T14:26:49.968+0000] {subprocess.py:106} INFO - 26/05/09 14:26:49 INFO SparkContext: Created broadcast 26 from broadcast at DAGScheduler.scala:1580
[2026-05-09T14:26:49.969+0000] {subprocess.py:106} INFO - 26/05/09 14:26:49 INFO DAGScheduler: Submitting 4 missing tasks from ShuffleMapStage 20 (MapPartitionsRDD[53] at count at NativeMethodAccessorImpl.java:0) (first 15 tasks are for partitions Vector(0, 1, 2, 3))
[2026-05-09T14:26:49.969+0000] {subprocess.py:106} INFO - 26/05/09 14:26:49 INFO YarnScheduler: Adding task set 20.0 with 4 tasks resource profile 0
[2026-05-09T14:26:49.970+0000] {subprocess.py:106} INFO - 26/05/09 14:26:49 INFO TaskSetManager: Starting task 0.0 in stage 20.0 (TID 37) (6303bebb27dc, executor 1, partition 0, RACK_LOCAL, 12598 bytes)
[2026-05-09T14:26:49.970+0000] {subprocess.py:106} INFO - 26/05/09 14:26:49 INFO TaskSetManager: Starting task 1.0 in stage 20.0 (TID 38) (00a554289257, executor 2, partition 1, RACK_LOCAL, 12598 bytes)
[2026-05-09T14:26:49.985+0000] {subprocess.py:106} INFO - 26/05/09 14:26:49 INFO BlockManagerInfo: Added broadcast_26_piece0 in memory on 6303bebb27dc:37085 (size: 8.8 KiB, free: 93.0 MiB)
[2026-05-09T14:26:49.986+0000] {subprocess.py:106} INFO - 26/05/09 14:26:49 INFO BlockManagerInfo: Added broadcast_26_piece0 in memory on 00a554289257:45461 (size: 8.8 KiB, free: 93.0 MiB)
[2026-05-09T14:26:50.000+0000] {subprocess.py:106} INFO - 26/05/09 14:26:49 INFO BlockManagerInfo: Added broadcast_25_piece0 in memory on 00a554289257:45461 (size: 35.1 KiB, free: 93.0 MiB)
[2026-05-09T14:26:50.001+0000] {subprocess.py:106} INFO - 26/05/09 14:26:49 INFO BlockManagerInfo: Added broadcast_25_piece0 in memory on 6303bebb27dc:37085 (size: 35.1 KiB, free: 93.0 MiB)
[2026-05-09T14:26:50.305+0000] {subprocess.py:106} INFO - 26/05/09 14:26:50 INFO TaskSetManager: Starting task 2.0 in stage 20.0 (TID 39) (6303bebb27dc, executor 1, partition 2, RACK_LOCAL, 12602 bytes)
[2026-05-09T14:26:50.306+0000] {subprocess.py:106} INFO - 26/05/09 14:26:50 INFO TaskSetManager: Finished task 0.0 in stage 20.0 (TID 37) in 337 ms on 6303bebb27dc (executor 1) (1/4)
[2026-05-09T14:26:50.310+0000] {subprocess.py:106} INFO - 26/05/09 14:26:50 INFO TaskSetManager: Starting task 3.0 in stage 20.0 (TID 40) (00a554289257, executor 2, partition 3, RACK_LOCAL, 9242 bytes)
[2026-05-09T14:26:50.311+0000] {subprocess.py:106} INFO - 26/05/09 14:26:50 INFO TaskSetManager: Finished task 1.0 in stage 20.0 (TID 38) in 341 ms on 00a554289257 (executor 2) (2/4)
[2026-05-09T14:26:50.384+0000] {subprocess.py:106} INFO - 26/05/09 14:26:50 INFO TaskSetManager: Finished task 3.0 in stage 20.0 (TID 40) in 76 ms on 00a554289257 (executor 2) (3/4)
[2026-05-09T14:26:50.566+0000] {subprocess.py:106} INFO - 26/05/09 14:26:50 INFO TaskSetManager: Finished task 2.0 in stage 20.0 (TID 39) in 261 ms on 6303bebb27dc (executor 1) (4/4)
[2026-05-09T14:26:50.566+0000] {subprocess.py:106} INFO - 26/05/09 14:26:50 INFO YarnScheduler: Removed TaskSet 20.0, whose tasks have all completed, from pool
[2026-05-09T14:26:50.567+0000] {subprocess.py:106} INFO - 26/05/09 14:26:50 INFO DAGScheduler: ShuffleMapStage 20 (count at NativeMethodAccessorImpl.java:0) finished in 0.605 s
[2026-05-09T14:26:50.567+0000] {subprocess.py:106} INFO - 26/05/09 14:26:50 INFO DAGScheduler: looking for newly runnable stages
[2026-05-09T14:26:50.568+0000] {subprocess.py:106} INFO - 26/05/09 14:26:50 INFO DAGScheduler: running: Set()
[2026-05-09T14:26:50.568+0000] {subprocess.py:106} INFO - 26/05/09 14:26:50 INFO DAGScheduler: waiting: Set()
[2026-05-09T14:26:50.569+0000] {subprocess.py:106} INFO - 26/05/09 14:26:50 INFO DAGScheduler: failed: Set()
[2026-05-09T14:26:50.583+0000] {subprocess.py:106} INFO - 26/05/09 14:26:50 INFO SparkContext: Starting job: count at NativeMethodAccessorImpl.java:0
[2026-05-09T14:26:50.585+0000] {subprocess.py:106} INFO - 26/05/09 14:26:50 INFO DAGScheduler: Got job 16 (count at NativeMethodAccessorImpl.java:0) with 1 output partitions
[2026-05-09T14:26:50.585+0000] {subprocess.py:106} INFO - 26/05/09 14:26:50 INFO DAGScheduler: Final stage: ResultStage 22 (count at NativeMethodAccessorImpl.java:0)
[2026-05-09T14:26:50.586+0000] {subprocess.py:106} INFO - 26/05/09 14:26:50 INFO DAGScheduler: Parents of final stage: List(ShuffleMapStage 21)
[2026-05-09T14:26:50.586+0000] {subprocess.py:106} INFO - 26/05/09 14:26:50 INFO DAGScheduler: Missing parents: List()
[2026-05-09T14:26:50.587+0000] {subprocess.py:106} INFO - 26/05/09 14:26:50 INFO DAGScheduler: Submitting ResultStage 22 (MapPartitionsRDD[56] at count at NativeMethodAccessorImpl.java:0), which has no missing parents
[2026-05-09T14:26:50.587+0000] {subprocess.py:106} INFO - 26/05/09 14:26:50 INFO MemoryStore: Block broadcast_27 stored as values in memory (estimated size 12.5 KiB, free 432.8 MiB)
[2026-05-09T14:26:50.589+0000] {subprocess.py:106} INFO - 26/05/09 14:26:50 INFO MemoryStore: Block broadcast_27_piece0 stored as bytes in memory (estimated size 6.0 KiB, free 432.8 MiB)
[2026-05-09T14:26:50.590+0000] {subprocess.py:106} INFO - 26/05/09 14:26:50 INFO BlockManagerInfo: Added broadcast_27_piece0 in memory on 172.30.1.13:39053 (size: 6.0 KiB, free: 434.1 MiB)
[2026-05-09T14:26:50.591+0000] {subprocess.py:106} INFO - 26/05/09 14:26:50 INFO SparkContext: Created broadcast 27 from broadcast at DAGScheduler.scala:1580
[2026-05-09T14:26:50.591+0000] {subprocess.py:106} INFO - 26/05/09 14:26:50 INFO DAGScheduler: Submitting 1 missing tasks from ResultStage 22 (MapPartitionsRDD[56] at count at NativeMethodAccessorImpl.java:0) (first 15 tasks are for partitions Vector(0))
[2026-05-09T14:26:50.592+0000] {subprocess.py:106} INFO - 26/05/09 14:26:50 INFO YarnScheduler: Adding task set 22.0 with 1 tasks resource profile 0
[2026-05-09T14:26:50.593+0000] {subprocess.py:106} INFO - 26/05/09 14:26:50 INFO TaskSetManager: Starting task 0.0 in stage 22.0 (TID 41) (6303bebb27dc, executor 1, partition 0, NODE_LOCAL, 7626 bytes)
[2026-05-09T14:26:50.610+0000] {subprocess.py:106} INFO - 26/05/09 14:26:50 INFO BlockManagerInfo: Added broadcast_27_piece0 in memory on 6303bebb27dc:37085 (size: 6.0 KiB, free: 93.0 MiB)
[2026-05-09T14:26:50.720+0000] {subprocess.py:106} INFO - 26/05/09 14:26:50 INFO MapOutputTrackerMasterEndpoint: Asked to send map output locations for shuffle 5 to 172.30.1.25:35170
[2026-05-09T14:26:50.829+0000] {subprocess.py:106} INFO - 26/05/09 14:26:50 INFO TaskSetManager: Finished task 0.0 in stage 22.0 (TID 41) in 236 ms on 6303bebb27dc (executor 1) (1/1)
[2026-05-09T14:26:50.830+0000] {subprocess.py:106} INFO - 26/05/09 14:26:50 INFO YarnScheduler: Removed TaskSet 22.0, whose tasks have all completed, from pool
[2026-05-09T14:26:50.830+0000] {subprocess.py:106} INFO - 26/05/09 14:26:50 INFO DAGScheduler: ResultStage 22 (count at NativeMethodAccessorImpl.java:0) finished in 0.243 s
[2026-05-09T14:26:50.831+0000] {subprocess.py:106} INFO - 26/05/09 14:26:50 INFO DAGScheduler: Job 16 is finished. Cancelling potential speculative or zombie tasks for this job
[2026-05-09T14:26:50.832+0000] {subprocess.py:106} INFO - 26/05/09 14:26:50 INFO YarnScheduler: Killing all running tasks in stage 22: Stage finished
[2026-05-09T14:26:50.832+0000] {subprocess.py:106} INFO - 26/05/09 14:26:50 INFO DAGScheduler: Job 16 finished: count at NativeMethodAccessorImpl.java:0, took 0.246921 s
[2026-05-09T14:26:50.833+0000] {subprocess.py:106} INFO - ⚡ 103886 rows found!
[2026-05-09T14:26:50.851+0000] {subprocess.py:106} INFO - 26/05/09 14:26:50 INFO FileSourceStrategy: Pushed Filters:
[2026-05-09T14:26:50.852+0000] {subprocess.py:106} INFO - 26/05/09 14:26:50 INFO FileSourceStrategy: Post-Scan Filters:
[2026-05-09T14:26:50.863+0000] {subprocess.py:106} INFO - 26/05/09 14:26:50 INFO ParquetUtils: Using default output committer for Parquet: org.apache.parquet.hadoop.ParquetOutputCommitter
[2026-05-09T14:26:50.864+0000] {subprocess.py:106} INFO - 26/05/09 14:26:50 INFO FileOutputCommitter: File Output Committer Algorithm version is 1
[2026-05-09T14:26:50.864+0000] {subprocess.py:106} INFO - 26/05/09 14:26:50 INFO FileOutputCommitter: FileOutputCommitter skip cleanup _temporary folders under output directory:false, ignore cleanup failures: false
[2026-05-09T14:26:50.865+0000] {subprocess.py:106} INFO - 26/05/09 14:26:50 INFO SQLHadoopMapReduceCommitProtocol: Using user defined output committer class org.apache.parquet.hadoop.ParquetOutputCommitter
[2026-05-09T14:26:50.865+0000] {subprocess.py:106} INFO - 26/05/09 14:26:50 INFO FileOutputCommitter: File Output Committer Algorithm version is 1
[2026-05-09T14:26:50.866+0000] {subprocess.py:106} INFO - 26/05/09 14:26:50 INFO FileOutputCommitter: FileOutputCommitter skip cleanup _temporary folders under output directory:false, ignore cleanup failures: false
[2026-05-09T14:26:50.866+0000] {subprocess.py:106} INFO - 26/05/09 14:26:50 INFO SQLHadoopMapReduceCommitProtocol: Using output committer class org.apache.parquet.hadoop.ParquetOutputCommitter
[2026-05-09T14:26:50.870+0000] {subprocess.py:106} INFO - 26/05/09 14:26:50 INFO MemoryStore: Block broadcast_28 stored as values in memory (estimated size 206.3 KiB, free 432.6 MiB)
[2026-05-09T14:26:50.888+0000] {subprocess.py:106} INFO - 26/05/09 14:26:50 INFO BlockManagerInfo: Removed broadcast_27_piece0 on 172.30.1.13:39053 in memory (size: 6.0 KiB, free: 434.1 MiB)
[2026-05-09T14:26:50.889+0000] {subprocess.py:106} INFO - 26/05/09 14:26:50 INFO MemoryStore: Block broadcast_28_piece0 stored as bytes in memory (estimated size 35.1 KiB, free 432.6 MiB)
[2026-05-09T14:26:50.889+0000] {subprocess.py:106} INFO - 26/05/09 14:26:50 INFO BlockManagerInfo: Added broadcast_28_piece0 in memory on 172.30.1.13:39053 (size: 35.1 KiB, free: 434.1 MiB)
[2026-05-09T14:26:50.890+0000] {subprocess.py:106} INFO - 26/05/09 14:26:50 INFO BlockManagerInfo: Removed broadcast_27_piece0 on 6303bebb27dc:37085 in memory (size: 6.0 KiB, free: 93.0 MiB)
[2026-05-09T14:26:50.891+0000] {subprocess.py:106} INFO - 26/05/09 14:26:50 INFO SparkContext: Created broadcast 28 from save at NativeMethodAccessorImpl.java:0
[2026-05-09T14:26:50.891+0000] {subprocess.py:106} INFO - 26/05/09 14:26:50 INFO FileSourceScanExec: Planning scan with bin packing, max size: 134217728 bytes, open cost is considered as scanning 4194304 bytes.
[2026-05-09T14:26:50.897+0000] {subprocess.py:106} INFO - 26/05/09 14:26:50 INFO BlockManagerInfo: Removed broadcast_25_piece0 on 172.30.1.13:39053 in memory (size: 35.1 KiB, free: 434.1 MiB)
[2026-05-09T14:26:50.899+0000] {subprocess.py:106} INFO - 26/05/09 14:26:50 INFO BlockManagerInfo: Removed broadcast_25_piece0 on 00a554289257:45461 in memory (size: 35.1 KiB, free: 93.0 MiB)
[2026-05-09T14:26:50.900+0000] {subprocess.py:106} INFO - 26/05/09 14:26:50 INFO BlockManagerInfo: Removed broadcast_25_piece0 on 6303bebb27dc:37085 in memory (size: 35.1 KiB, free: 93.0 MiB)
[2026-05-09T14:26:50.907+0000] {subprocess.py:106} INFO - 26/05/09 14:26:50 INFO BlockManagerInfo: Removed broadcast_21_piece0 on 172.30.1.13:39053 in memory (size: 8.8 KiB, free: 434.1 MiB)
[2026-05-09T14:26:50.911+0000] {subprocess.py:106} INFO - 26/05/09 14:26:50 INFO BlockManagerInfo: Removed broadcast_21_piece0 on 6303bebb27dc:37085 in memory (size: 8.8 KiB, free: 93.0 MiB)
[2026-05-09T14:26:50.912+0000] {subprocess.py:106} INFO - 26/05/09 14:26:50 INFO BlockManagerInfo: Removed broadcast_21_piece0 on 00a554289257:45461 in memory (size: 8.8 KiB, free: 93.0 MiB)
[2026-05-09T14:26:50.913+0000] {subprocess.py:106} INFO - 26/05/09 14:26:50 INFO SparkContext: Starting job: save at NativeMethodAccessorImpl.java:0
[2026-05-09T14:26:50.916+0000] {subprocess.py:106} INFO - 26/05/09 14:26:50 INFO DAGScheduler: Got job 17 (save at NativeMethodAccessorImpl.java:0) with 4 output partitions
[2026-05-09T14:26:50.917+0000] {subprocess.py:106} INFO - 26/05/09 14:26:50 INFO DAGScheduler: Final stage: ResultStage 23 (save at NativeMethodAccessorImpl.java:0)
[2026-05-09T14:26:50.918+0000] {subprocess.py:106} INFO - 26/05/09 14:26:50 INFO DAGScheduler: Parents of final stage: List()
[2026-05-09T14:26:50.918+0000] {subprocess.py:106} INFO - 26/05/09 14:26:50 INFO DAGScheduler: Missing parents: List()
[2026-05-09T14:26:50.919+0000] {subprocess.py:106} INFO - 26/05/09 14:26:50 INFO DAGScheduler: Submitting ResultStage 23 (MapPartitionsRDD[59] at save at NativeMethodAccessorImpl.java:0), which has no missing parents
[2026-05-09T14:26:50.919+0000] {subprocess.py:106} INFO - 26/05/09 14:26:50 INFO BlockManagerInfo: Removed broadcast_22_piece0 on 172.30.1.13:39053 in memory (size: 5.9 KiB, free: 434.1 MiB)
[2026-05-09T14:26:50.921+0000] {subprocess.py:106} INFO - 26/05/09 14:26:50 INFO BlockManagerInfo: Removed broadcast_22_piece0 on 00a554289257:45461 in memory (size: 5.9 KiB, free: 93.0 MiB)
[2026-05-09T14:26:50.929+0000] {subprocess.py:106} INFO - 26/05/09 14:26:50 INFO BlockManagerInfo: Removed broadcast_24_piece0 on 172.30.1.13:39053 in memory (size: 78.3 KiB, free: 434.2 MiB)
[2026-05-09T14:26:50.931+0000] {subprocess.py:106} INFO - 26/05/09 14:26:50 INFO BlockManagerInfo: Removed broadcast_24_piece0 on 00a554289257:45461 in memory (size: 78.3 KiB, free: 93.1 MiB)
[2026-05-09T14:26:50.932+0000] {subprocess.py:106} INFO - 26/05/09 14:26:50 INFO BlockManagerInfo: Removed broadcast_24_piece0 on 6303bebb27dc:37085 in memory (size: 78.3 KiB, free: 93.1 MiB)
[2026-05-09T14:26:50.936+0000] {subprocess.py:106} INFO - 26/05/09 14:26:50 INFO MemoryStore: Block broadcast_29 stored as values in memory (estimated size 215.8 KiB, free 432.9 MiB)
[2026-05-09T14:26:50.938+0000] {subprocess.py:106} INFO - 26/05/09 14:26:50 INFO MemoryStore: Block broadcast_29_piece0 stored as bytes in memory (estimated size 78.5 KiB, free 432.9 MiB)
[2026-05-09T14:26:50.939+0000] {subprocess.py:106} INFO - 26/05/09 14:26:50 INFO BlockManagerInfo: Added broadcast_29_piece0 in memory on 172.30.1.13:39053 (size: 78.5 KiB, free: 434.1 MiB)
[2026-05-09T14:26:50.941+0000] {subprocess.py:106} INFO - 26/05/09 14:26:50 INFO SparkContext: Created broadcast 29 from broadcast at DAGScheduler.scala:1580
[2026-05-09T14:26:50.943+0000] {subprocess.py:106} INFO - 26/05/09 14:26:50 INFO DAGScheduler: Submitting 4 missing tasks from ResultStage 23 (MapPartitionsRDD[59] at save at NativeMethodAccessorImpl.java:0) (first 15 tasks are for partitions Vector(0, 1, 2, 3))
[2026-05-09T14:26:50.946+0000] {subprocess.py:106} INFO - 26/05/09 14:26:50 INFO YarnScheduler: Adding task set 23.0 with 4 tasks resource profile 0
[2026-05-09T14:26:50.947+0000] {subprocess.py:106} INFO - 26/05/09 14:26:50 INFO BlockManagerInfo: Removed broadcast_19_piece0 on 172.30.1.13:39053 in memory (size: 78.7 KiB, free: 434.2 MiB)
[2026-05-09T14:26:50.949+0000] {subprocess.py:106} INFO - 26/05/09 14:26:50 INFO BlockManagerInfo: Removed broadcast_19_piece0 on 00a554289257:45461 in memory (size: 78.7 KiB, free: 93.2 MiB)
[2026-05-09T14:26:50.949+0000] {subprocess.py:106} INFO - 26/05/09 14:26:50 INFO BlockManagerInfo: Removed broadcast_19_piece0 on 6303bebb27dc:37085 in memory (size: 78.7 KiB, free: 93.2 MiB)
[2026-05-09T14:26:50.950+0000] {subprocess.py:106} INFO - 26/05/09 14:26:50 INFO TaskSetManager: Starting task 0.0 in stage 23.0 (TID 42) (6303bebb27dc, executor 1, partition 0, RACK_LOCAL, 12609 bytes)
[2026-05-09T14:26:50.951+0000] {subprocess.py:106} INFO - 26/05/09 14:26:50 INFO TaskSetManager: Starting task 1.0 in stage 23.0 (TID 43) (00a554289257, executor 2, partition 1, RACK_LOCAL, 12609 bytes)
[2026-05-09T14:26:50.952+0000] {subprocess.py:106} INFO - 26/05/09 14:26:50 INFO BlockManagerInfo: Removed broadcast_26_piece0 on 172.30.1.13:39053 in memory (size: 8.8 KiB, free: 434.2 MiB)
[2026-05-09T14:26:50.955+0000] {subprocess.py:106} INFO - 26/05/09 14:26:50 INFO BlockManagerInfo: Removed broadcast_26_piece0 on 00a554289257:45461 in memory (size: 8.8 KiB, free: 93.2 MiB)
[2026-05-09T14:26:50.956+0000] {subprocess.py:106} INFO - 26/05/09 14:26:50 INFO BlockManagerInfo: Removed broadcast_26_piece0 on 6303bebb27dc:37085 in memory (size: 8.8 KiB, free: 93.2 MiB)
[2026-05-09T14:26:50.967+0000] {subprocess.py:106} INFO - 26/05/09 14:26:50 INFO BlockManagerInfo: Removed broadcast_23_piece0 on 172.30.1.13:39053 in memory (size: 35.1 KiB, free: 434.2 MiB)
[2026-05-09T14:26:50.970+0000] {subprocess.py:106} INFO - 26/05/09 14:26:50 INFO BlockManagerInfo: Removed broadcast_23_piece0 on 6303bebb27dc:37085 in memory (size: 35.1 KiB, free: 93.2 MiB)
[2026-05-09T14:26:50.973+0000] {subprocess.py:106} INFO - 26/05/09 14:26:50 INFO BlockManagerInfo: Added broadcast_29_piece0 in memory on 00a554289257:45461 (size: 78.5 KiB, free: 93.1 MiB)
[2026-05-09T14:26:50.974+0000] {subprocess.py:106} INFO - 26/05/09 14:26:50 INFO BlockManagerInfo: Added broadcast_29_piece0 in memory on 6303bebb27dc:37085 (size: 78.5 KiB, free: 93.2 MiB)
[2026-05-09T14:26:50.974+0000] {subprocess.py:106} INFO - 26/05/09 14:26:50 INFO BlockManagerInfo: Removed broadcast_23_piece0 on 00a554289257:45461 in memory (size: 35.1 KiB, free: 93.2 MiB)
[2026-05-09T14:26:50.981+0000] {subprocess.py:106} INFO - 26/05/09 14:26:50 INFO BlockManagerInfo: Removed broadcast_18_piece0 on 172.30.1.13:39053 in memory (size: 35.1 KiB, free: 434.3 MiB)
[2026-05-09T14:26:50.983+0000] {subprocess.py:106} INFO - 26/05/09 14:26:50 INFO BlockManagerInfo: Removed broadcast_18_piece0 on 00a554289257:45461 in memory (size: 35.1 KiB, free: 93.2 MiB)
[2026-05-09T14:26:50.984+0000] {subprocess.py:106} INFO - 26/05/09 14:26:50 INFO BlockManagerInfo: Removed broadcast_18_piece0 on 6303bebb27dc:37085 in memory (size: 35.1 KiB, free: 93.2 MiB)
[2026-05-09T14:26:50.991+0000] {subprocess.py:106} INFO - 26/05/09 14:26:50 INFO BlockManagerInfo: Removed broadcast_20_piece0 on 172.30.1.13:39053 in memory (size: 35.1 KiB, free: 434.3 MiB)
[2026-05-09T14:26:50.992+0000] {subprocess.py:106} INFO - 26/05/09 14:26:50 INFO BlockManagerInfo: Removed broadcast_20_piece0 on 6303bebb27dc:37085 in memory (size: 35.1 KiB, free: 93.2 MiB)
[2026-05-09T14:26:50.993+0000] {subprocess.py:106} INFO - 26/05/09 14:26:50 INFO BlockManagerInfo: Removed broadcast_20_piece0 on 00a554289257:45461 in memory (size: 35.1 KiB, free: 93.2 MiB)
[2026-05-09T14:26:51.020+0000] {subprocess.py:106} INFO - 26/05/09 14:26:51 INFO BlockManagerInfo: Added broadcast_28_piece0 in memory on 00a554289257:45461 (size: 35.1 KiB, free: 93.2 MiB)
[2026-05-09T14:26:51.040+0000] {subprocess.py:106} INFO - 26/05/09 14:26:51 INFO BlockManagerInfo: Added broadcast_28_piece0 in memory on 6303bebb27dc:37085 (size: 35.1 KiB, free: 93.2 MiB)
[2026-05-09T14:26:51.465+0000] {subprocess.py:106} INFO - 26/05/09 14:26:51 INFO TaskSetManager: Starting task 2.0 in stage 23.0 (TID 44) (00a554289257, executor 2, partition 2, RACK_LOCAL, 12613 bytes)
[2026-05-09T14:26:51.467+0000] {subprocess.py:106} INFO - 26/05/09 14:26:51 INFO TaskSetManager: Finished task 1.0 in stage 23.0 (TID 43) in 518 ms on 00a554289257 (executor 2) (1/4)
[2026-05-09T14:26:51.481+0000] {subprocess.py:106} INFO - 26/05/09 14:26:51 INFO TaskSetManager: Starting task 3.0 in stage 23.0 (TID 45) (6303bebb27dc, executor 1, partition 3, RACK_LOCAL, 9253 bytes)
[2026-05-09T14:26:51.481+0000] {subprocess.py:106} INFO - 26/05/09 14:26:51 INFO TaskSetManager: Finished task 0.0 in stage 23.0 (TID 42) in 534 ms on 6303bebb27dc (executor 1) (2/4)
[2026-05-09T14:26:51.651+0000] {subprocess.py:106} INFO - 26/05/09 14:26:51 INFO TaskSetManager: Finished task 3.0 in stage 23.0 (TID 45) in 171 ms on 6303bebb27dc (executor 1) (3/4)
[2026-05-09T14:26:51.855+0000] {subprocess.py:106} INFO - 26/05/09 14:26:51 INFO TaskSetManager: Finished task 2.0 in stage 23.0 (TID 44) in 390 ms on 00a554289257 (executor 2) (4/4)
[2026-05-09T14:26:51.856+0000] {subprocess.py:106} INFO - 26/05/09 14:26:51 INFO YarnScheduler: Removed TaskSet 23.0, whose tasks have all completed, from pool
[2026-05-09T14:26:51.857+0000] {subprocess.py:106} INFO - 26/05/09 14:26:51 INFO DAGScheduler: ResultStage 23 (save at NativeMethodAccessorImpl.java:0) finished in 0.938 s
[2026-05-09T14:26:51.858+0000] {subprocess.py:106} INFO - 26/05/09 14:26:51 INFO DAGScheduler: Job 17 is finished. Cancelling potential speculative or zombie tasks for this job
[2026-05-09T14:26:51.858+0000] {subprocess.py:106} INFO - 26/05/09 14:26:51 INFO YarnScheduler: Killing all running tasks in stage 23: Stage finished
[2026-05-09T14:26:51.859+0000] {subprocess.py:106} INFO - 26/05/09 14:26:51 INFO DAGScheduler: Job 17 finished: save at NativeMethodAccessorImpl.java:0, took 0.943354 s
[2026-05-09T14:26:51.859+0000] {subprocess.py:106} INFO - 26/05/09 14:26:51 INFO FileFormatWriter: Start to commit write Job c4d5ac90-984b-4f87-b39d-a6ec5789b972.
[2026-05-09T14:26:51.889+0000] {subprocess.py:106} INFO - 26/05/09 14:26:51 INFO FileFormatWriter: Write Job c4d5ac90-984b-4f87-b39d-a6ec5789b972 committed. Elapsed time: 31 ms.
[2026-05-09T14:26:51.890+0000] {subprocess.py:106} INFO - 26/05/09 14:26:51 INFO FileFormatWriter: Finished processing stats for write job c4d5ac90-984b-4f87-b39d-a6ec5789b972.
[2026-05-09T14:26:51.891+0000] {subprocess.py:106} INFO - ✅ payments saved to Bronze Layer!
[2026-05-09T14:26:51.891+0000] {subprocess.py:106} INFO - 
[2026-05-09T14:26:51.892+0000] {subprocess.py:106} INFO - 🎉 Extract complete!
[2026-05-09T14:26:51.892+0000] {subprocess.py:106} INFO - 26/05/09 14:26:51 INFO SparkContext: SparkContext is stopping with exitCode 0.
[2026-05-09T14:26:51.905+0000] {subprocess.py:106} INFO - 26/05/09 14:26:51 INFO SparkUI: Stopped Spark web UI at http://172.30.1.13:4040
[2026-05-09T14:26:51.910+0000] {subprocess.py:106} INFO - 26/05/09 14:26:51 INFO YarnClientSchedulerBackend: Interrupting monitor thread
[2026-05-09T14:26:51.925+0000] {subprocess.py:106} INFO - 26/05/09 14:26:51 INFO YarnClientSchedulerBackend: Shutting down all executors
[2026-05-09T14:26:51.926+0000] {subprocess.py:106} INFO - 26/05/09 14:26:51 INFO YarnSchedulerBackend$YarnDriverEndpoint: Asking each executor to shut down
[2026-05-09T14:26:51.932+0000] {subprocess.py:106} INFO - 26/05/09 14:26:51 INFO YarnClientSchedulerBackend: YARN client scheduler backend Stopped
[2026-05-09T14:26:51.940+0000] {subprocess.py:106} INFO - 26/05/09 14:26:51 INFO MapOutputTrackerMasterEndpoint: MapOutputTrackerMasterEndpoint stopped!
[2026-05-09T14:26:51.963+0000] {subprocess.py:106} INFO - 26/05/09 14:26:51 INFO MemoryStore: MemoryStore cleared
[2026-05-09T14:26:51.965+0000] {subprocess.py:106} INFO - 26/05/09 14:26:51 INFO BlockManager: BlockManager stopped
[2026-05-09T14:26:51.969+0000] {subprocess.py:106} INFO - 26/05/09 14:26:51 INFO BlockManagerMaster: BlockManagerMaster stopped
[2026-05-09T14:26:51.973+0000] {subprocess.py:106} INFO - 26/05/09 14:26:51 INFO OutputCommitCoordinator$OutputCommitCoordinatorEndpoint: OutputCommitCoordinator stopped!
[2026-05-09T14:26:52.019+0000] {subprocess.py:106} INFO - 26/05/09 14:26:52 INFO SparkContext: Successfully stopped SparkContext
[2026-05-09T14:26:52.392+0000] {subprocess.py:106} INFO - 🛑 Spark Stopped.
[2026-05-09T14:26:52.453+0000] {subprocess.py:106} INFO - 26/05/09 14:26:52 INFO ShutdownHookManager: Shutdown hook called
[2026-05-09T14:26:52.454+0000] {subprocess.py:106} INFO - 26/05/09 14:26:52 INFO ShutdownHookManager: Deleting directory /tmp/spark-581a9323-002f-4580-9d09-ccdbebd5aa50/pyspark-29f5d430-0766-4359-b354-013f85761a87
[2026-05-09T14:26:52.460+0000] {subprocess.py:106} INFO - 26/05/09 14:26:52 INFO ShutdownHookManager: Deleting directory /tmp/spark-8d29aa64-9b23-474f-9e03-d21dcdf596f9
[2026-05-09T14:26:52.467+0000] {subprocess.py:106} INFO - 26/05/09 14:26:52 INFO ShutdownHookManager: Deleting directory /tmp/spark-581a9323-002f-4580-9d09-ccdbebd5aa50
[2026-05-09T14:26:52.616+0000] {subprocess.py:110} INFO - Command exited with return code 0
[2026-05-09T14:26:52.650+0000] {taskinstance.py:340} INFO - ::group::Post task execution logs
[2026-05-09T14:26:52.651+0000] {taskinstance.py:352} INFO - Marking task as SUCCESS. dag_id=ecommerce_etl_pipeline, task_id=extract, run_id=manual__2026-05-09T14:25:48.596565+00:00, execution_date=20260509T142548, start_date=20260509T142555, end_date=20260509T142652
[2026-05-09T14:26:52.714+0000] {local_task_job_runner.py:266} INFO - Task exited with return code 0
[2026-05-09T14:26:52.744+0000] {taskinstance.py:3895} INFO - 1 downstream tasks scheduled from follow-on schedule check
[2026-05-09T14:26:52.747+0000] {local_task_job_runner.py:245} INFO - ::endgroup::
