[2026-05-09T14:27:55.895+0000] {local_task_job_runner.py:123} INFO - ::group::Pre task execution logs
[2026-05-09T14:27:55.914+0000] {taskinstance.py:2613} INFO - Dependencies all met for dep_context=non-requeueable deps ti=<TaskInstance: ecommerce_etl_pipeline.load manual__2026-05-09T14:25:48.596565+00:00 [queued]>
[2026-05-09T14:27:55.923+0000] {taskinstance.py:2613} INFO - Dependencies all met for dep_context=requeueable deps ti=<TaskInstance: ecommerce_etl_pipeline.load manual__2026-05-09T14:25:48.596565+00:00 [queued]>
[2026-05-09T14:27:55.923+0000] {taskinstance.py:2866} INFO - Starting attempt 1 of 2
[2026-05-09T14:27:55.946+0000] {taskinstance.py:2889} INFO - Executing <Task(BashOperator): load> on 2026-05-09 14:25:48.596565+00:00
[2026-05-09T14:27:55.954+0000] {standard_task_runner.py:72} INFO - Started process 1497 to run task
[2026-05-09T14:27:55.957+0000] {standard_task_runner.py:104} INFO - Running: ['***', 'tasks', 'run', 'ecommerce_etl_pipeline', 'load', 'manual__2026-05-09T14:25:48.596565+00:00', '--job-id', '27', '--raw', '--subdir', 'DAGS_FOLDER/ecommerce_etl_dag.py', '--cfg-path', '/tmp/tmp1_156pji']
[2026-05-09T14:27:55.960+0000] {standard_task_runner.py:105} INFO - Job 27: Subtask load
[2026-05-09T14:27:56.106+0000] {task_command.py:467} INFO - Running <TaskInstance: ecommerce_etl_pipeline.load manual__2026-05-09T14:25:48.596565+00:00 [running]> on host 6de7479667a2
[2026-05-09T14:27:56.205+0000] {taskinstance.py:3132} INFO - Exporting env vars: AIRFLOW_CTX_DAG_OWNER='***' AIRFLOW_CTX_DAG_ID='ecommerce_etl_pipeline' AIRFLOW_CTX_TASK_ID='load' AIRFLOW_CTX_EXECUTION_DATE='2026-05-09T14:25:48.596565+00:00' AIRFLOW_CTX_TRY_NUMBER='1' AIRFLOW_CTX_DAG_RUN_ID='manual__2026-05-09T14:25:48.596565+00:00'
[2026-05-09T14:27:56.206+0000] {taskinstance.py:731} INFO - ::endgroup::
[2026-05-09T14:27:56.226+0000] {subprocess.py:78} INFO - Tmp dir root location: /tmp
[2026-05-09T14:27:56.227+0000] {subprocess.py:88} INFO - Running command: ['/usr/bin/bash', '-c', 'docker exec spark-jupyter spark-submit --master yarn --conf spark.driver.host=172.30.1.13 --jars /opt/spark/jars/spark-snowflake_2.12-2.12.0-spark_3.3.jar,/opt/spark/jars/snowflake-jdbc-3.13.30.jar /tmp/l.py']
[2026-05-09T14:27:56.242+0000] {subprocess.py:99} INFO - Output:
[2026-05-09T14:27:58.598+0000] {subprocess.py:106} INFO - 26/05/09 14:27:58 WARN NativeCodeLoader: Unable to load native-hadoop library for your platform... using builtin-java classes where applicable
[2026-05-09T14:27:59.796+0000] {subprocess.py:106} INFO - 26/05/09 14:27:59 INFO SparkContext: Running Spark version 3.5.0
[2026-05-09T14:27:59.798+0000] {subprocess.py:106} INFO - 26/05/09 14:27:59 INFO SparkContext: OS info Linux, 6.6.87.2-microsoft-standard-WSL2, amd64
[2026-05-09T14:27:59.801+0000] {subprocess.py:106} INFO - 26/05/09 14:27:59 INFO SparkContext: Java version 17.0.8.1
[2026-05-09T14:27:59.833+0000] {subprocess.py:106} INFO - 26/05/09 14:27:59 INFO ResourceUtils: ==============================================================
[2026-05-09T14:27:59.835+0000] {subprocess.py:106} INFO - 26/05/09 14:27:59 INFO ResourceUtils: No custom resources configured for spark.driver.
[2026-05-09T14:27:59.835+0000] {subprocess.py:106} INFO - 26/05/09 14:27:59 INFO ResourceUtils: ==============================================================
[2026-05-09T14:27:59.836+0000] {subprocess.py:106} INFO - 26/05/09 14:27:59 INFO SparkContext: Submitted application: EcommerceETL_Load
[2026-05-09T14:27:59.861+0000] {subprocess.py:106} INFO - 26/05/09 14:27:59 INFO ResourceProfile: Default ResourceProfile created, executor resources: Map(cores -> name: cores, amount: 1, script: , vendor: , memory -> name: memory, amount: 512, script: , vendor: , offHeap -> name: offHeap, amount: 0, script: , vendor: ), task resources: Map(cpus -> name: cpus, amount: 1.0)
[2026-05-09T14:27:59.868+0000] {subprocess.py:106} INFO - 26/05/09 14:27:59 INFO ResourceProfile: Limiting resource is cpus at 1 tasks per executor
[2026-05-09T14:27:59.870+0000] {subprocess.py:106} INFO - 26/05/09 14:27:59 INFO ResourceProfileManager: Added ResourceProfile id: 0
[2026-05-09T14:27:59.935+0000] {subprocess.py:106} INFO - 26/05/09 14:27:59 INFO SecurityManager: Changing view acls to: root
[2026-05-09T14:27:59.936+0000] {subprocess.py:106} INFO - 26/05/09 14:27:59 INFO SecurityManager: Changing modify acls to: root
[2026-05-09T14:27:59.937+0000] {subprocess.py:106} INFO - 26/05/09 14:27:59 INFO SecurityManager: Changing view acls groups to:
[2026-05-09T14:27:59.938+0000] {subprocess.py:106} INFO - 26/05/09 14:27:59 INFO SecurityManager: Changing modify acls groups to:
[2026-05-09T14:27:59.938+0000] {subprocess.py:106} INFO - 26/05/09 14:27:59 INFO SecurityManager: SecurityManager: authentication disabled; ui acls disabled; users with view permissions: root; groups with view permissions: EMPTY; users with modify permissions: root; groups with modify permissions: EMPTY
[2026-05-09T14:28:00.197+0000] {subprocess.py:106} INFO - 26/05/09 14:28:00 INFO Utils: Successfully started service 'sparkDriver' on port 37081.
[2026-05-09T14:28:00.234+0000] {subprocess.py:106} INFO - 26/05/09 14:28:00 INFO SparkEnv: Registering MapOutputTracker
[2026-05-09T14:28:00.280+0000] {subprocess.py:106} INFO - 26/05/09 14:28:00 INFO SparkEnv: Registering BlockManagerMaster
[2026-05-09T14:28:00.300+0000] {subprocess.py:106} INFO - 26/05/09 14:28:00 INFO BlockManagerMasterEndpoint: Using org.apache.spark.storage.DefaultTopologyMapper for getting topology information
[2026-05-09T14:28:00.301+0000] {subprocess.py:106} INFO - 26/05/09 14:28:00 INFO BlockManagerMasterEndpoint: BlockManagerMasterEndpoint up
[2026-05-09T14:28:00.340+0000] {subprocess.py:106} INFO - 26/05/09 14:28:00 INFO SparkEnv: Registering BlockManagerMasterHeartbeat
[2026-05-09T14:28:00.364+0000] {subprocess.py:106} INFO - 26/05/09 14:28:00 INFO DiskBlockManager: Created local directory at /tmp/blockmgr-c20441be-0128-497d-85b7-8eb3c6c0c8fb
[2026-05-09T14:28:00.381+0000] {subprocess.py:106} INFO - 26/05/09 14:28:00 INFO MemoryStore: MemoryStore started with capacity 434.4 MiB
[2026-05-09T14:28:00.417+0000] {subprocess.py:106} INFO - 26/05/09 14:28:00 INFO SparkEnv: Registering OutputCommitCoordinator
[2026-05-09T14:28:00.564+0000] {subprocess.py:106} INFO - 26/05/09 14:28:00 INFO JettyUtils: Start Jetty 0.0.0.0:4040 for SparkUI
[2026-05-09T14:28:00.643+0000] {subprocess.py:106} INFO - 26/05/09 14:28:00 INFO Utils: Successfully started service 'SparkUI' on port 4040.
[2026-05-09T14:28:00.859+0000] {subprocess.py:106} INFO - 26/05/09 14:28:00 INFO DefaultNoHARMFailoverProxyProvider: Connecting to ResourceManager at resourcemanager/172.30.1.24:8032
[2026-05-09T14:28:01.434+0000] {subprocess.py:106} INFO - 26/05/09 14:28:01 INFO Configuration: resource-types.xml not found
[2026-05-09T14:28:01.435+0000] {subprocess.py:106} INFO - 26/05/09 14:28:01 INFO ResourceUtils: Unable to find 'resource-types.xml'.
[2026-05-09T14:28:01.448+0000] {subprocess.py:106} INFO - 26/05/09 14:28:01 INFO Client: Verifying our application has not requested more than the maximum memory capability of the cluster (8192 MB per container)
[2026-05-09T14:28:01.449+0000] {subprocess.py:106} INFO - 26/05/09 14:28:01 INFO Client: Will allocate AM container, with 896 MB memory including 384 MB overhead
[2026-05-09T14:28:01.450+0000] {subprocess.py:106} INFO - 26/05/09 14:28:01 INFO Client: Setting up container launch context for our AM
[2026-05-09T14:28:01.451+0000] {subprocess.py:106} INFO - 26/05/09 14:28:01 INFO Client: Setting up the launch environment for our AM container
[2026-05-09T14:28:01.459+0000] {subprocess.py:106} INFO - 26/05/09 14:28:01 INFO Client: Preparing resources for our AM container
[2026-05-09T14:28:01.488+0000] {subprocess.py:106} INFO - 26/05/09 14:28:01 WARN Client: Neither spark.yarn.jars nor spark.yarn.archive is set, falling back to uploading libraries under SPARK_HOME.
[2026-05-09T14:28:04.726+0000] {subprocess.py:106} INFO - 26/05/09 14:28:04 INFO Client: Uploading resource file:/tmp/spark-c80086ff-1ce6-4a36-85a2-6a785d02a251/__spark_libs__951921373564591095.zip -> hdfs://hadoop-namenode:9000/user/root/.sparkStaging/application_1778334521111_0013/__spark_libs__951921373564591095.zip
[2026-05-09T14:28:07.106+0000] {subprocess.py:106} INFO - 26/05/09 14:28:07 INFO Client: Uploading resource file:/opt/spark/jars/spark-snowflake_2.12-2.12.0-spark_3.3.jar -> hdfs://hadoop-namenode:9000/user/root/.sparkStaging/application_1778334521111_0013/spark-snowflake_2.12-2.12.0-spark_3.3.jar
[2026-05-09T14:28:07.152+0000] {subprocess.py:106} INFO - 26/05/09 14:28:07 INFO Client: Uploading resource file:/opt/spark/jars/snowflake-jdbc-3.13.30.jar -> hdfs://hadoop-namenode:9000/user/root/.sparkStaging/application_1778334521111_0013/snowflake-jdbc-3.13.30.jar
[2026-05-09T14:28:07.742+0000] {subprocess.py:106} INFO - 26/05/09 14:28:07 INFO Client: Uploading resource file:/usr/local/spark-3.5.0-bin-hadoop3/python/lib/pyspark.zip -> hdfs://hadoop-namenode:9000/user/root/.sparkStaging/application_1778334521111_0013/pyspark.zip
[2026-05-09T14:28:07.787+0000] {subprocess.py:106} INFO - 26/05/09 14:28:07 INFO Client: Uploading resource file:/usr/local/spark-3.5.0-bin-hadoop3/python/lib/py4j-0.10.9.7-src.zip -> hdfs://hadoop-namenode:9000/user/root/.sparkStaging/application_1778334521111_0013/py4j-0.10.9.7-src.zip
[2026-05-09T14:28:07.969+0000] {subprocess.py:106} INFO - 26/05/09 14:28:07 INFO Client: Uploading resource file:/tmp/spark-c80086ff-1ce6-4a36-85a2-6a785d02a251/__spark_conf__6259037270179792062.zip -> hdfs://hadoop-namenode:9000/user/root/.sparkStaging/application_1778334521111_0013/__spark_conf__.zip
[2026-05-09T14:28:08.024+0000] {subprocess.py:106} INFO - 26/05/09 14:28:08 INFO SecurityManager: Changing view acls to: root
[2026-05-09T14:28:08.025+0000] {subprocess.py:106} INFO - 26/05/09 14:28:08 INFO SecurityManager: Changing modify acls to: root
[2026-05-09T14:28:08.025+0000] {subprocess.py:106} INFO - 26/05/09 14:28:08 INFO SecurityManager: Changing view acls groups to:
[2026-05-09T14:28:08.026+0000] {subprocess.py:106} INFO - 26/05/09 14:28:08 INFO SecurityManager: Changing modify acls groups to:
[2026-05-09T14:28:08.026+0000] {subprocess.py:106} INFO - 26/05/09 14:28:08 INFO SecurityManager: SecurityManager: authentication disabled; ui acls disabled; users with view permissions: root; groups with view permissions: EMPTY; users with modify permissions: root; groups with modify permissions: EMPTY
[2026-05-09T14:28:08.040+0000] {subprocess.py:106} INFO - 26/05/09 14:28:08 INFO Client: Submitting application application_1778334521111_0013 to ResourceManager
[2026-05-09T14:28:08.069+0000] {subprocess.py:106} INFO - 26/05/09 14:28:08 INFO YarnClientImpl: Submitted application application_1778334521111_0013
[2026-05-09T14:28:09.074+0000] {subprocess.py:106} INFO - 26/05/09 14:28:09 INFO Client: Application report for application_1778334521111_0013 (state: ACCEPTED)
[2026-05-09T14:28:09.078+0000] {subprocess.py:106} INFO - 26/05/09 14:28:09 INFO Client:
[2026-05-09T14:28:09.078+0000] {subprocess.py:106} INFO - 	 client token: N/A
[2026-05-09T14:28:09.079+0000] {subprocess.py:106} INFO - 	 diagnostics: AM container is launched, waiting for AM container to Register with RM
[2026-05-09T14:28:09.080+0000] {subprocess.py:106} INFO - 	 ApplicationMaster host: N/A
[2026-05-09T14:28:09.080+0000] {subprocess.py:106} INFO - 	 ApplicationMaster RPC port: -1
[2026-05-09T14:28:09.081+0000] {subprocess.py:106} INFO - 	 queue: default
[2026-05-09T14:28:09.081+0000] {subprocess.py:106} INFO - 	 start time: 1778336888048
[2026-05-09T14:28:09.081+0000] {subprocess.py:106} INFO - 	 final status: UNDEFINED
[2026-05-09T14:28:09.082+0000] {subprocess.py:106} INFO - 	 tracking URL: http://resourcemanager:8088/proxy/application_1778334521111_0013/
[2026-05-09T14:28:09.082+0000] {subprocess.py:106} INFO - 	 user: root
[2026-05-09T14:28:15.783+0000] {subprocess.py:106} INFO - 26/05/09 14:28:15 INFO YarnClientSchedulerBackend: Add WebUI Filter. org.apache.hadoop.yarn.server.webproxy.amfilter.AmIpFilter, Map(PROXY_HOSTS -> resourcemanager, PROXY_URI_BASES -> http://resourcemanager:8088/proxy/application_1778334521111_0013), /proxy/application_1778334521111_0013
[2026-05-09T14:28:16.098+0000] {subprocess.py:106} INFO - 26/05/09 14:28:16 INFO YarnSchedulerBackend$YarnSchedulerEndpoint: ApplicationMaster registered as NettyRpcEndpointRef(spark-client://YarnAM)
[2026-05-09T14:28:16.111+0000] {subprocess.py:106} INFO - 26/05/09 14:28:16 INFO Client: Application report for application_1778334521111_0013 (state: RUNNING)
[2026-05-09T14:28:16.115+0000] {subprocess.py:106} INFO - 26/05/09 14:28:16 INFO Client:
[2026-05-09T14:28:16.119+0000] {subprocess.py:106} INFO - 	 client token: N/A
[2026-05-09T14:28:16.120+0000] {subprocess.py:106} INFO - 	 diagnostics: N/A
[2026-05-09T14:28:16.120+0000] {subprocess.py:106} INFO - 	 ApplicationMaster host: 172.30.1.26
[2026-05-09T14:28:16.121+0000] {subprocess.py:106} INFO - 	 ApplicationMaster RPC port: -1
[2026-05-09T14:28:16.122+0000] {subprocess.py:106} INFO - 	 queue: default
[2026-05-09T14:28:16.122+0000] {subprocess.py:106} INFO - 	 start time: 1778336888048
[2026-05-09T14:28:16.123+0000] {subprocess.py:106} INFO - 	 final status: UNDEFINED
[2026-05-09T14:28:16.123+0000] {subprocess.py:106} INFO - 	 tracking URL: http://resourcemanager:8088/proxy/application_1778334521111_0013/
[2026-05-09T14:28:16.124+0000] {subprocess.py:106} INFO - 	 user: root
[2026-05-09T14:28:16.124+0000] {subprocess.py:106} INFO - 26/05/09 14:28:16 INFO YarnClientSchedulerBackend: Application application_1778334521111_0013 has started running.
[2026-05-09T14:28:16.125+0000] {subprocess.py:106} INFO - 26/05/09 14:28:16 INFO Utils: Successfully started service 'org.apache.spark.network.netty.NettyBlockTransferService' on port 36399.
[2026-05-09T14:28:16.126+0000] {subprocess.py:106} INFO - 26/05/09 14:28:16 INFO NettyBlockTransferService: Server created on 172.30.1.13 0.0.0.0:36399
[2026-05-09T14:28:16.126+0000] {subprocess.py:106} INFO - 26/05/09 14:28:16 INFO BlockManager: Using org.apache.spark.storage.RandomBlockReplicationPolicy for block replication policy
[2026-05-09T14:28:16.133+0000] {subprocess.py:106} INFO - 26/05/09 14:28:16 INFO BlockManagerMaster: Registering BlockManager BlockManagerId(driver, 172.30.1.13, 36399, None)
[2026-05-09T14:28:16.140+0000] {subprocess.py:106} INFO - 26/05/09 14:28:16 INFO BlockManagerMasterEndpoint: Registering block manager 172.30.1.13:36399 with 434.4 MiB RAM, BlockManagerId(driver, 172.30.1.13, 36399, None)
[2026-05-09T14:28:16.144+0000] {subprocess.py:106} INFO - 26/05/09 14:28:16 INFO BlockManagerMaster: Registered BlockManager BlockManagerId(driver, 172.30.1.13, 36399, None)
[2026-05-09T14:28:16.146+0000] {subprocess.py:106} INFO - 26/05/09 14:28:16 INFO BlockManager: Initialized BlockManager: BlockManagerId(driver, 172.30.1.13, 36399, None)
[2026-05-09T14:28:16.329+0000] {subprocess.py:106} INFO - 26/05/09 14:28:16 INFO ServerInfo: Adding filter to /jobs: org.apache.hadoop.yarn.server.webproxy.amfilter.AmIpFilter
[2026-05-09T14:28:16.340+0000] {subprocess.py:106} INFO - 26/05/09 14:28:16 INFO ServerInfo: Adding filter to /jobs/json: org.apache.hadoop.yarn.server.webproxy.amfilter.AmIpFilter
[2026-05-09T14:28:16.344+0000] {subprocess.py:106} INFO - 26/05/09 14:28:16 INFO ServerInfo: Adding filter to /jobs/job: org.apache.hadoop.yarn.server.webproxy.amfilter.AmIpFilter
[2026-05-09T14:28:16.347+0000] {subprocess.py:106} INFO - 26/05/09 14:28:16 INFO ServerInfo: Adding filter to /jobs/job/json: org.apache.hadoop.yarn.server.webproxy.amfilter.AmIpFilter
[2026-05-09T14:28:16.349+0000] {subprocess.py:106} INFO - 26/05/09 14:28:16 INFO ServerInfo: Adding filter to /stages: org.apache.hadoop.yarn.server.webproxy.amfilter.AmIpFilter
[2026-05-09T14:28:16.351+0000] {subprocess.py:106} INFO - 26/05/09 14:28:16 INFO ServerInfo: Adding filter to /stages/json: org.apache.hadoop.yarn.server.webproxy.amfilter.AmIpFilter
[2026-05-09T14:28:16.353+0000] {subprocess.py:106} INFO - 26/05/09 14:28:16 INFO ServerInfo: Adding filter to /stages/stage: org.apache.hadoop.yarn.server.webproxy.amfilter.AmIpFilter
[2026-05-09T14:28:16.356+0000] {subprocess.py:106} INFO - 26/05/09 14:28:16 INFO ServerInfo: Adding filter to /stages/stage/json: org.apache.hadoop.yarn.server.webproxy.amfilter.AmIpFilter
[2026-05-09T14:28:16.359+0000] {subprocess.py:106} INFO - 26/05/09 14:28:16 INFO ServerInfo: Adding filter to /stages/pool: org.apache.hadoop.yarn.server.webproxy.amfilter.AmIpFilter
[2026-05-09T14:28:16.361+0000] {subprocess.py:106} INFO - 26/05/09 14:28:16 INFO ServerInfo: Adding filter to /stages/pool/json: org.apache.hadoop.yarn.server.webproxy.amfilter.AmIpFilter
[2026-05-09T14:28:16.363+0000] {subprocess.py:106} INFO - 26/05/09 14:28:16 INFO ServerInfo: Adding filter to /storage: org.apache.hadoop.yarn.server.webproxy.amfilter.AmIpFilter
[2026-05-09T14:28:16.365+0000] {subprocess.py:106} INFO - 26/05/09 14:28:16 INFO ServerInfo: Adding filter to /storage/json: org.apache.hadoop.yarn.server.webproxy.amfilter.AmIpFilter
[2026-05-09T14:28:16.367+0000] {subprocess.py:106} INFO - 26/05/09 14:28:16 INFO ServerInfo: Adding filter to /storage/rdd: org.apache.hadoop.yarn.server.webproxy.amfilter.AmIpFilter
[2026-05-09T14:28:16.369+0000] {subprocess.py:106} INFO - 26/05/09 14:28:16 INFO ServerInfo: Adding filter to /storage/rdd/json: org.apache.hadoop.yarn.server.webproxy.amfilter.AmIpFilter
[2026-05-09T14:28:16.371+0000] {subprocess.py:106} INFO - 26/05/09 14:28:16 INFO ServerInfo: Adding filter to /environment: org.apache.hadoop.yarn.server.webproxy.amfilter.AmIpFilter
[2026-05-09T14:28:16.373+0000] {subprocess.py:106} INFO - 26/05/09 14:28:16 INFO ServerInfo: Adding filter to /environment/json: org.apache.hadoop.yarn.server.webproxy.amfilter.AmIpFilter
[2026-05-09T14:28:16.376+0000] {subprocess.py:106} INFO - 26/05/09 14:28:16 INFO ServerInfo: Adding filter to /executors: org.apache.hadoop.yarn.server.webproxy.amfilter.AmIpFilter
[2026-05-09T14:28:16.378+0000] {subprocess.py:106} INFO - 26/05/09 14:28:16 INFO ServerInfo: Adding filter to /executors/json: org.apache.hadoop.yarn.server.webproxy.amfilter.AmIpFilter
[2026-05-09T14:28:16.380+0000] {subprocess.py:106} INFO - 26/05/09 14:28:16 INFO ServerInfo: Adding filter to /executors/threadDump: org.apache.hadoop.yarn.server.webproxy.amfilter.AmIpFilter
[2026-05-09T14:28:16.382+0000] {subprocess.py:106} INFO - 26/05/09 14:28:16 INFO ServerInfo: Adding filter to /executors/threadDump/json: org.apache.hadoop.yarn.server.webproxy.amfilter.AmIpFilter
[2026-05-09T14:28:16.385+0000] {subprocess.py:106} INFO - 26/05/09 14:28:16 INFO ServerInfo: Adding filter to /executors/heapHistogram: org.apache.hadoop.yarn.server.webproxy.amfilter.AmIpFilter
[2026-05-09T14:28:16.387+0000] {subprocess.py:106} INFO - 26/05/09 14:28:16 INFO ServerInfo: Adding filter to /executors/heapHistogram/json: org.apache.hadoop.yarn.server.webproxy.amfilter.AmIpFilter
[2026-05-09T14:28:16.389+0000] {subprocess.py:106} INFO - 26/05/09 14:28:16 INFO ServerInfo: Adding filter to /static: org.apache.hadoop.yarn.server.webproxy.amfilter.AmIpFilter
[2026-05-09T14:28:16.400+0000] {subprocess.py:106} INFO - 26/05/09 14:28:16 INFO ServerInfo: Adding filter to /: org.apache.hadoop.yarn.server.webproxy.amfilter.AmIpFilter
[2026-05-09T14:28:16.402+0000] {subprocess.py:106} INFO - 26/05/09 14:28:16 INFO ServerInfo: Adding filter to /api: org.apache.hadoop.yarn.server.webproxy.amfilter.AmIpFilter
[2026-05-09T14:28:16.406+0000] {subprocess.py:106} INFO - 26/05/09 14:28:16 INFO ServerInfo: Adding filter to /jobs/job/kill: org.apache.hadoop.yarn.server.webproxy.amfilter.AmIpFilter
[2026-05-09T14:28:16.408+0000] {subprocess.py:106} INFO - 26/05/09 14:28:16 INFO ServerInfo: Adding filter to /stages/stage/kill: org.apache.hadoop.yarn.server.webproxy.amfilter.AmIpFilter
[2026-05-09T14:28:16.414+0000] {subprocess.py:106} INFO - 26/05/09 14:28:16 INFO ServerInfo: Adding filter to /metrics/json: org.apache.hadoop.yarn.server.webproxy.amfilter.AmIpFilter
[2026-05-09T14:28:20.341+0000] {subprocess.py:106} INFO - 26/05/09 14:28:20 INFO YarnSchedulerBackend$YarnDriverEndpoint: Registered executor NettyRpcEndpointRef(spark-client://Executor) (172.30.1.26:56502) with ID 1,  ResourceProfileId 0
[2026-05-09T14:28:20.443+0000] {subprocess.py:106} INFO - 26/05/09 14:28:20 INFO BlockManagerMasterEndpoint: Registering block manager 00a554289257:44789 with 93.3 MiB RAM, BlockManagerId(1, 00a554289257, 44789, None)
[2026-05-09T14:28:25.634+0000] {subprocess.py:106} INFO - 26/05/09 14:28:25 INFO YarnSchedulerBackend$YarnDriverEndpoint: Registered executor NettyRpcEndpointRef(spark-client://Executor) (172.30.1.25:33736) with ID 2,  ResourceProfileId 0
[2026-05-09T14:28:25.641+0000] {subprocess.py:106} INFO - 26/05/09 14:28:25 INFO YarnClientSchedulerBackend: SchedulerBackend is ready for scheduling beginning after reached minRegisteredResourcesRatio: 0.8
[2026-05-09T14:28:25.747+0000] {subprocess.py:106} INFO - 26/05/09 14:28:25 INFO BlockManagerMasterEndpoint: Registering block manager 6303bebb27dc:33763 with 93.3 MiB RAM, BlockManagerId(2, 6303bebb27dc, 33763, None)
[2026-05-09T14:28:25.881+0000] {subprocess.py:106} INFO - ✅ Spark Connected!
[2026-05-09T14:28:25.883+0000] {subprocess.py:106} INFO - 📤 Loading dim_date to Snowflake...
[2026-05-09T14:28:25.890+0000] {subprocess.py:106} INFO - 26/05/09 14:28:25 INFO SharedState: Setting hive.metastore.warehouse.dir ('null') to the value of spark.sql.warehouse.dir.
[2026-05-09T14:28:25.893+0000] {subprocess.py:106} INFO - 26/05/09 14:28:25 INFO SharedState: Warehouse path is 'file:/home/jovyan/spark-warehouse'.
[2026-05-09T14:28:25.908+0000] {subprocess.py:106} INFO - 26/05/09 14:28:25 INFO ServerInfo: Adding filter to /SQL: org.apache.hadoop.yarn.server.webproxy.amfilter.AmIpFilter
[2026-05-09T14:28:25.910+0000] {subprocess.py:106} INFO - 26/05/09 14:28:25 INFO ServerInfo: Adding filter to /SQL/json: org.apache.hadoop.yarn.server.webproxy.amfilter.AmIpFilter
[2026-05-09T14:28:25.912+0000] {subprocess.py:106} INFO - 26/05/09 14:28:25 INFO ServerInfo: Adding filter to /SQL/execution: org.apache.hadoop.yarn.server.webproxy.amfilter.AmIpFilter
[2026-05-09T14:28:25.914+0000] {subprocess.py:106} INFO - 26/05/09 14:28:25 INFO ServerInfo: Adding filter to /SQL/execution/json: org.apache.hadoop.yarn.server.webproxy.amfilter.AmIpFilter
[2026-05-09T14:28:25.918+0000] {subprocess.py:106} INFO - 26/05/09 14:28:25 INFO ServerInfo: Adding filter to /static/sql: org.apache.hadoop.yarn.server.webproxy.amfilter.AmIpFilter
[2026-05-09T14:28:27.030+0000] {subprocess.py:106} INFO - 26/05/09 14:28:27 INFO InMemoryFileIndex: It took 50 ms to list leaf files for 1 paths.
[2026-05-09T14:28:27.459+0000] {subprocess.py:106} INFO - 26/05/09 14:28:27 INFO SparkContext: Starting job: parquet at NativeMethodAccessorImpl.java:0
[2026-05-09T14:28:27.477+0000] {subprocess.py:106} INFO - 26/05/09 14:28:27 INFO DAGScheduler: Got job 0 (parquet at NativeMethodAccessorImpl.java:0) with 1 output partitions
[2026-05-09T14:28:27.480+0000] {subprocess.py:106} INFO - 26/05/09 14:28:27 INFO DAGScheduler: Final stage: ResultStage 0 (parquet at NativeMethodAccessorImpl.java:0)
[2026-05-09T14:28:27.480+0000] {subprocess.py:106} INFO - 26/05/09 14:28:27 INFO DAGScheduler: Parents of final stage: List()
[2026-05-09T14:28:27.481+0000] {subprocess.py:106} INFO - 26/05/09 14:28:27 INFO DAGScheduler: Missing parents: List()
[2026-05-09T14:28:27.487+0000] {subprocess.py:106} INFO - 26/05/09 14:28:27 INFO DAGScheduler: Submitting ResultStage 0 (MapPartitionsRDD[1] at parquet at NativeMethodAccessorImpl.java:0), which has no missing parents
[2026-05-09T14:28:27.539+0000] {subprocess.py:106} INFO - 26/05/09 14:28:27 INFO MemoryStore: Block broadcast_0 stored as values in memory (estimated size 105.0 KiB, free 434.3 MiB)
[2026-05-09T14:28:27.568+0000] {subprocess.py:106} INFO - 26/05/09 14:28:27 INFO MemoryStore: Block broadcast_0_piece0 stored as bytes in memory (estimated size 38.2 KiB, free 434.3 MiB)
[2026-05-09T14:28:27.571+0000] {subprocess.py:106} INFO - 26/05/09 14:28:27 INFO BlockManagerInfo: Added broadcast_0_piece0 in memory on 172.30.1.13:36399 (size: 38.2 KiB, free: 434.4 MiB)
[2026-05-09T14:28:27.576+0000] {subprocess.py:106} INFO - 26/05/09 14:28:27 INFO SparkContext: Created broadcast 0 from broadcast at DAGScheduler.scala:1580
[2026-05-09T14:28:27.591+0000] {subprocess.py:106} INFO - 26/05/09 14:28:27 INFO DAGScheduler: Submitting 1 missing tasks from ResultStage 0 (MapPartitionsRDD[1] at parquet at NativeMethodAccessorImpl.java:0) (first 15 tasks are for partitions Vector(0))
[2026-05-09T14:28:27.592+0000] {subprocess.py:106} INFO - 26/05/09 14:28:27 INFO YarnScheduler: Adding task set 0.0 with 1 tasks resource profile 0
[2026-05-09T14:28:27.623+0000] {subprocess.py:106} INFO - 26/05/09 14:28:27 INFO TaskSetManager: Starting task 0.0 in stage 0.0 (TID 0) (6303bebb27dc, executor 2, partition 0, PROCESS_LOCAL, 7839 bytes)
[2026-05-09T14:28:27.893+0000] {subprocess.py:106} INFO - 26/05/09 14:28:27 INFO BlockManagerInfo: Added broadcast_0_piece0 in memory on 6303bebb27dc:33763 (size: 38.2 KiB, free: 93.3 MiB)
[2026-05-09T14:28:29.622+0000] {subprocess.py:106} INFO - 26/05/09 14:28:29 INFO TaskSetManager: Finished task 0.0 in stage 0.0 (TID 0) in 2010 ms on 6303bebb27dc (executor 2) (1/1)
[2026-05-09T14:28:29.624+0000] {subprocess.py:106} INFO - 26/05/09 14:28:29 INFO YarnScheduler: Removed TaskSet 0.0, whose tasks have all completed, from pool
[2026-05-09T14:28:29.629+0000] {subprocess.py:106} INFO - 26/05/09 14:28:29 INFO DAGScheduler: ResultStage 0 (parquet at NativeMethodAccessorImpl.java:0) finished in 2.129 s
[2026-05-09T14:28:29.632+0000] {subprocess.py:106} INFO - 26/05/09 14:28:29 INFO DAGScheduler: Job 0 is finished. Cancelling potential speculative or zombie tasks for this job
[2026-05-09T14:28:29.632+0000] {subprocess.py:106} INFO - 26/05/09 14:28:29 INFO YarnScheduler: Killing all running tasks in stage 0: Stage finished
[2026-05-09T14:28:29.634+0000] {subprocess.py:106} INFO - 26/05/09 14:28:29 INFO DAGScheduler: Job 0 finished: parquet at NativeMethodAccessorImpl.java:0, took 2.175402 s
[2026-05-09T14:28:30.206+0000] {subprocess.py:106} INFO - 26/05/09 14:28:30 INFO BlockManagerInfo: Removed broadcast_0_piece0 on 172.30.1.13:36399 in memory (size: 38.2 KiB, free: 434.4 MiB)
[2026-05-09T14:28:30.225+0000] {subprocess.py:106} INFO - 26/05/09 14:28:30 INFO BlockManagerInfo: Removed broadcast_0_piece0 on 6303bebb27dc:33763 in memory (size: 38.2 KiB, free: 93.3 MiB)
[2026-05-09T14:28:30.657+0000] {subprocess.py:106} INFO - 26/05/09 14:28:30 WARN SnowflakeConnectorUtils$: Query pushdown is not supported because you are using Spark 3.5.0 with a connector designed to support Spark 3.3. Either use the version of Spark supported by the connector or install a version of the connector that supports your version of Spark.
[2026-05-09T14:28:30.740+0000] {subprocess.py:106} INFO - 26/05/09 14:28:30 INFO FileSourceStrategy: Pushed Filters:
[2026-05-09T14:28:30.741+0000] {subprocess.py:106} INFO - 26/05/09 14:28:30 INFO FileSourceStrategy: Post-Scan Filters:
[2026-05-09T14:28:31.041+0000] {subprocess.py:106} INFO - 26/05/09 14:28:31 INFO CodeGenerator: Code generated in 216.266267 ms
[2026-05-09T14:28:31.079+0000] {subprocess.py:106} INFO - 26/05/09 14:28:31 INFO MemoryStore: Block broadcast_1 stored as values in memory (estimated size 209.5 KiB, free 434.2 MiB)
[2026-05-09T14:28:31.092+0000] {subprocess.py:106} INFO - 26/05/09 14:28:31 INFO MemoryStore: Block broadcast_1_piece0 stored as bytes in memory (estimated size 36.2 KiB, free 434.2 MiB)
[2026-05-09T14:28:31.093+0000] {subprocess.py:106} INFO - 26/05/09 14:28:31 INFO BlockManagerInfo: Added broadcast_1_piece0 in memory on 172.30.1.13:36399 (size: 36.2 KiB, free: 434.4 MiB)
[2026-05-09T14:28:31.094+0000] {subprocess.py:106} INFO - 26/05/09 14:28:31 INFO SparkContext: Created broadcast 1 from rdd at SnowflakeWriter.scala:87
[2026-05-09T14:28:31.110+0000] {subprocess.py:106} INFO - 26/05/09 14:28:31 INFO FileSourceScanExec: Planning scan with bin packing, max size: 4194304 bytes, open cost is considered as scanning 4194304 bytes.
[2026-05-09T14:28:33.855+0000] {subprocess.py:106} INFO - 26/05/09 14:28:33 INFO ServerConnection$: Create ServerConnection with new JDBC connection: 301291955998810
[2026-05-09T14:28:33.876+0000] {subprocess.py:106} INFO - 26/05/09 14:28:33 INFO SparkConnectorContext$: Spark Connector system config: {
[2026-05-09T14:28:33.877+0000] {subprocess.py:106} INFO -   "spark_connector_version" : "2.12.0",
[2026-05-09T14:28:33.877+0000] {subprocess.py:106} INFO -   "spark_version" : "3.5.0",
[2026-05-09T14:28:33.878+0000] {subprocess.py:106} INFO -   "application_name" : "EcommerceETL_Load",
[2026-05-09T14:28:33.878+0000] {subprocess.py:106} INFO -   "scala_version" : "2.12.18",
[2026-05-09T14:28:33.878+0000] {subprocess.py:106} INFO -   "java_version" : "17.0.8.1",
[2026-05-09T14:28:33.879+0000] {subprocess.py:106} INFO -   "jdbc_version" : "3.13.30",
[2026-05-09T14:28:33.879+0000] {subprocess.py:106} INFO -   "certified_jdbc_version" : "3.13.30",
[2026-05-09T14:28:33.880+0000] {subprocess.py:106} INFO -   "os_name" : "Linux",
[2026-05-09T14:28:33.880+0000] {subprocess.py:106} INFO -   "max_memory_in_mb" : 1024,
[2026-05-09T14:28:33.881+0000] {subprocess.py:106} INFO -   "total_memory_in_mb" : 172,
[2026-05-09T14:28:33.882+0000] {subprocess.py:106} INFO -   "free_memory_in_mb" : 61,
[2026-05-09T14:28:33.882+0000] {subprocess.py:106} INFO -   "cpu_cores" : 12,
[2026-05-09T14:28:33.882+0000] {subprocess.py:106} INFO -   "spark_application_id" : "application_1778334521111_0013",
[2026-05-09T14:28:33.883+0000] {subprocess.py:106} INFO -   "spark_language" : "Scala",
[2026-05-09T14:28:33.883+0000] {subprocess.py:106} INFO -   "is_pyspark" : false,
[2026-05-09T14:28:33.884+0000] {subprocess.py:106} INFO -   "spark_config" : {
[2026-05-09T14:28:33.884+0000] {subprocess.py:106} INFO -     "spark.driver.port" : "N/A",
[2026-05-09T14:28:33.885+0000] {subprocess.py:106} INFO -     "spark.hadoop.yarn.resourcemanager.hostname" : "N/A",
[2026-05-09T14:28:33.885+0000] {subprocess.py:106} INFO -     "spark.repl.local.jars" : "file:///opt/spark/jars/spark-snowflake_2.12-2.12.0-spark_3.3.jar,file:///opt/spark/jars/snowflake-jdbc-3.13.30.jar",
[2026-05-09T14:28:33.886+0000] {subprocess.py:106} INFO -     "spark.app.startTime" : "N/A",
[2026-05-09T14:28:33.886+0000] {subprocess.py:106} INFO -     "spark.hadoop.yarn.resourcemanager.address" : "N/A",
[2026-05-09T14:28:33.887+0000] {subprocess.py:106} INFO -     "spark.yarn.am.memory" : "N/A",
[2026-05-09T14:28:33.887+0000] {subprocess.py:106} INFO -     "spark.app.name" : "EcommerceETL_Load",
[2026-05-09T14:28:33.888+0000] {subprocess.py:106} INFO -     "spark.yarn.dist.jars" : "N/A",
[2026-05-09T14:28:33.888+0000] {subprocess.py:106} INFO -     "spark.driver.appUIAddress" : "N/A",
[2026-05-09T14:28:33.889+0000] {subprocess.py:106} INFO -     "spark.driver.extraJavaOptions" : "-Djava.net.preferIPv6Addresses=false -XX:+IgnoreUnrecognizedVMOptions --add-opens=java.base/java.lang=ALL-UNNAMED --add-opens=java.base/java.lang.invoke=ALL-UNNAMED --add-opens=java.base/java.lang.reflect=ALL-UNNAMED --add-opens=java.base/java.io=ALL-UNNAMED --add-opens=java.base/java.net=ALL-UNNAMED --add-opens=java.base/java.nio=ALL-UNNAMED --add-opens=java.base/java.util=ALL-UNNAMED --add-opens=java.base/java.util.concurrent=ALL-UNNAMED --add-opens=java.base/java.util.concurrent.atomic=ALL-UNNAMED --add-opens=java.base/sun.nio.ch=ALL-UNNAMED --add-opens=java.base/sun.nio.cs=ALL-UNNAMED --add-opens=java.base/sun.security.action=ALL-UNNAMED --add-opens=java.base/sun.util.calendar=ALL-UNNAMED --add-opens=java.security.jgss/sun.security.krb5=ALL-UNNAMED -Djdk.reflect.useDirectMethodHandle=false",
[2026-05-09T14:28:33.889+0000] {subprocess.py:106} INFO -     "spark.org.apache.hadoop.yarn.server.webproxy.amfilter.AmIpFilter.param.PROXY_HOSTS" : "N/A",
[2026-05-09T14:28:33.890+0000] {subprocess.py:106} INFO -     "spark.org.apache.hadoop.yarn.server.webproxy.amfilter.AmIpFilter.param.PROXY_URI_BASES" : "N/A",
[2026-05-09T14:28:33.891+0000] {subprocess.py:106} INFO -     "spark.sql.warehouse.dir" : "N/A",
[2026-05-09T14:28:33.891+0000] {subprocess.py:106} INFO -     "spark.serializer.objectStreamReset" : "N/A",
[2026-05-09T14:28:33.892+0000] {subprocess.py:106} INFO -     "spark.submit.deployMode" : "client",
[2026-05-09T14:28:33.892+0000] {subprocess.py:106} INFO -     "spark.executorEnv.PYTHONPATH" : "N/A",
[2026-05-09T14:28:33.893+0000] {subprocess.py:106} INFO -     "spark.hadoop.fs.defaultFS" : "N/A",
[2026-05-09T14:28:33.894+0000] {subprocess.py:106} INFO -     "spark.ui.filters" : "N/A",
[2026-05-09T14:28:33.894+0000] {subprocess.py:106} INFO -     "spark.executor.extraJavaOptions" : "-Djava.net.preferIPv6Addresses=false -XX:+IgnoreUnrecognizedVMOptions --add-opens=java.base/java.lang=ALL-UNNAMED --add-opens=java.base/java.lang.invoke=ALL-UNNAMED --add-opens=java.base/java.lang.reflect=ALL-UNNAMED --add-opens=java.base/java.io=ALL-UNNAMED --add-opens=java.base/java.net=ALL-UNNAMED --add-opens=java.base/java.nio=ALL-UNNAMED --add-opens=java.base/java.util=ALL-UNNAMED --add-opens=java.base/java.util.concurrent=ALL-UNNAMED --add-opens=java.base/java.util.concurrent.atomic=ALL-UNNAMED --add-opens=java.base/sun.nio.ch=ALL-UNNAMED --add-opens=java.base/sun.nio.cs=ALL-UNNAMED --add-opens=java.base/sun.security.action=ALL-UNNAMED --add-opens=java.base/sun.util.calendar=ALL-UNNAMED --add-opens=java.security.jgss/sun.security.krb5=ALL-UNNAMED -Djdk.reflect.useDirectMethodHandle=false",
[2026-05-09T14:28:33.895+0000] {subprocess.py:106} INFO -     "spark.app.id" : "application_1778334521111_0013",
[2026-05-09T14:28:33.895+0000] {subprocess.py:106} INFO -     "spark.executor.memory" : "512m",
[2026-05-09T14:28:33.896+0000] {subprocess.py:106} INFO -     "spark.app.submitTime" : "N/A",
[2026-05-09T14:28:33.896+0000] {subprocess.py:106} INFO -     "spark.executor.id" : "driver",
[2026-05-09T14:28:33.896+0000] {subprocess.py:106} INFO -     "spark.hadoop.yarn.resourcemanager.scheduler.address" : "N/A",
[2026-05-09T14:28:33.897+0000] {subprocess.py:106} INFO -     "spark.yarn.secondary.jars" : "N/A",
[2026-05-09T14:28:33.897+0000] {subprocess.py:106} INFO -     "spark.master" : "yarn",
[2026-05-09T14:28:33.898+0000] {subprocess.py:106} INFO -     "spark.driver.bindAddress" : "N/A",
[2026-05-09T14:28:33.898+0000] {subprocess.py:106} INFO -     "spark.rdd.compress" : "N/A",
[2026-05-09T14:28:33.899+0000] {subprocess.py:106} INFO -     "spark.submit.pyFiles" : "N/A",
[2026-05-09T14:28:33.899+0000] {subprocess.py:106} INFO -     "spark.yarn.isPython" : "N/A",
[2026-05-09T14:28:33.900+0000] {subprocess.py:106} INFO -     "spark.driver.host" : "172.30.1.13"
[2026-05-09T14:28:33.900+0000] {subprocess.py:106} INFO -   },
[2026-05-09T14:28:33.901+0000] {subprocess.py:106} INFO -   "libraries" : [ "py4j", "py4j.commands", "py4j.reflection" ],
[2026-05-09T14:28:33.901+0000] {subprocess.py:106} INFO -   "dependencies" : [ ],
[2026-05-09T14:28:33.902+0000] {subprocess.py:106} INFO -   "cluster_node_count" : 3,
[2026-05-09T14:28:33.902+0000] {subprocess.py:106} INFO -   "spark_default_parallelism" : 2,
[2026-05-09T14:28:33.902+0000] {subprocess.py:106} INFO -   "deploy_mode" : "client"
[2026-05-09T14:28:33.903+0000] {subprocess.py:106} INFO - }
[2026-05-09T14:28:33.903+0000] {subprocess.py:106} INFO - 26/05/09 14:28:33 INFO SnowflakeSQLStatement: Spark Connector Master: execute query with bind variable: alter session set timezone = 'Etc/UTC' , timestamp_ntz_output_format = 'YYYY-MM-DD HH24:MI:SS.FF3', timestamp_ltz_output_format = 'TZHTZM YYYY-MM-DD HH24:MI:SS.FF3', timestamp_tz_output_format = 'TZHTZM YYYY-MM-DD HH24:MI:SS.FF3' ;
[2026-05-09T14:28:34.329+0000] {subprocess.py:106} INFO - 26/05/09 14:28:34 INFO SnowflakeSQLStatement: Spark Connector Master: execute query with bind variable: create  temporary stage if not exists identifier(?)
[2026-05-09T14:28:35.556+0000] {subprocess.py:106} INFO - 26/05/09 14:28:35 INFO CloudStorageOperations$: Spark Connector Master: Begin to process and upload data for 1 partitions: directory=n8mTWS4A2z CSV true
[2026-05-09T14:28:35.648+0000] {subprocess.py:106} INFO - 26/05/09 14:28:35 INFO SparkContext: Starting job: collect at CloudStorageOperations.scala:813
[2026-05-09T14:28:35.650+0000] {subprocess.py:106} INFO - 26/05/09 14:28:35 INFO DAGScheduler: Got job 1 (collect at CloudStorageOperations.scala:813) with 1 output partitions
[2026-05-09T14:28:35.651+0000] {subprocess.py:106} INFO - 26/05/09 14:28:35 INFO DAGScheduler: Final stage: ResultStage 1 (collect at CloudStorageOperations.scala:813)
[2026-05-09T14:28:35.652+0000] {subprocess.py:106} INFO - 26/05/09 14:28:35 INFO DAGScheduler: Parents of final stage: List()
[2026-05-09T14:28:35.653+0000] {subprocess.py:106} INFO - 26/05/09 14:28:35 INFO DAGScheduler: Missing parents: List()
[2026-05-09T14:28:35.654+0000] {subprocess.py:106} INFO - 26/05/09 14:28:35 INFO DAGScheduler: Submitting ResultStage 1 (MapPartitionsRDD[9] at mapPartitionsWithIndex at CloudStorageOperations.scala:796), which has no missing parents
[2026-05-09T14:28:35.662+0000] {subprocess.py:106} INFO - 26/05/09 14:28:35 INFO MemoryStore: Block broadcast_2 stored as values in memory (estimated size 39.1 KiB, free 434.1 MiB)
[2026-05-09T14:28:35.665+0000] {subprocess.py:106} INFO - 26/05/09 14:28:35 INFO MemoryStore: Block broadcast_2_piece0 stored as bytes in memory (estimated size 17.1 KiB, free 434.1 MiB)
[2026-05-09T14:28:35.667+0000] {subprocess.py:106} INFO - 26/05/09 14:28:35 INFO BlockManagerInfo: Added broadcast_2_piece0 in memory on 172.30.1.13:36399 (size: 17.1 KiB, free: 434.3 MiB)
[2026-05-09T14:28:35.669+0000] {subprocess.py:106} INFO - 26/05/09 14:28:35 INFO SparkContext: Created broadcast 2 from broadcast at DAGScheduler.scala:1580
[2026-05-09T14:28:35.671+0000] {subprocess.py:106} INFO - 26/05/09 14:28:35 INFO DAGScheduler: Submitting 1 missing tasks from ResultStage 1 (MapPartitionsRDD[9] at mapPartitionsWithIndex at CloudStorageOperations.scala:796) (first 15 tasks are for partitions Vector(0))
[2026-05-09T14:28:35.672+0000] {subprocess.py:106} INFO - 26/05/09 14:28:35 INFO YarnScheduler: Adding task set 1.0 with 1 tasks resource profile 0
[2026-05-09T14:28:35.684+0000] {subprocess.py:106} INFO - 26/05/09 14:28:35 INFO TaskSetManager: Starting task 0.0 in stage 1.0 (TID 1) (00a554289257, executor 1, partition 0, RACK_LOCAL, 8307 bytes)
[2026-05-09T14:28:35.962+0000] {subprocess.py:106} INFO - 26/05/09 14:28:35 INFO BlockManagerInfo: Added broadcast_2_piece0 in memory on 00a554289257:44789 (size: 17.1 KiB, free: 93.3 MiB)
[2026-05-09T14:28:38.912+0000] {subprocess.py:106} INFO - 26/05/09 14:28:38 ERROR Inbox: Ignoring error
[2026-05-09T14:28:38.912+0000] {subprocess.py:106} INFO - java.io.NotSerializableException: org.apache.spark.storage.StorageStatus
[2026-05-09T14:28:38.913+0000] {subprocess.py:106} INFO - Serialization stack:
[2026-05-09T14:28:38.913+0000] {subprocess.py:106} INFO - 	- object not serializable (class: org.apache.spark.storage.StorageStatus, value: org.apache.spark.storage.StorageStatus@5a438468)
[2026-05-09T14:28:38.914+0000] {subprocess.py:106} INFO - 	- element of array (index: 0)
[2026-05-09T14:28:38.914+0000] {subprocess.py:106} INFO - 	- array (class [Lorg.apache.spark.storage.StorageStatus;, size 3)
[2026-05-09T14:28:38.915+0000] {subprocess.py:106} INFO - 	at org.apache.spark.serializer.SerializationDebugger$.improveException(SerializationDebugger.scala:41)
[2026-05-09T14:28:38.915+0000] {subprocess.py:106} INFO - 	at org.apache.spark.serializer.JavaSerializationStream.writeObject(JavaSerializer.scala:49)
[2026-05-09T14:28:38.916+0000] {subprocess.py:106} INFO - 	at org.apache.spark.serializer.JavaSerializerInstance.serialize(JavaSerializer.scala:115)
[2026-05-09T14:28:38.916+0000] {subprocess.py:106} INFO - 	at org.apache.spark.rpc.netty.NettyRpcEnv.serialize(NettyRpcEnv.scala:286)
[2026-05-09T14:28:38.917+0000] {subprocess.py:106} INFO - 	at org.apache.spark.rpc.netty.RemoteNettyRpcCallContext.send(NettyRpcCallContext.scala:64)
[2026-05-09T14:28:38.917+0000] {subprocess.py:106} INFO - 	at org.apache.spark.rpc.netty.NettyRpcCallContext.reply(NettyRpcCallContext.scala:32)
[2026-05-09T14:28:38.918+0000] {subprocess.py:106} INFO - 	at org.apache.spark.storage.BlockManagerMasterEndpoint$$anonfun$receiveAndReply$1.applyOrElse(BlockManagerMasterEndpoint.scala:172)
[2026-05-09T14:28:38.918+0000] {subprocess.py:106} INFO - 	at org.apache.spark.rpc.netty.Inbox.$anonfun$process$1(Inbox.scala:103)
[2026-05-09T14:28:38.919+0000] {subprocess.py:106} INFO - 	at org.apache.spark.rpc.netty.Inbox.safelyCall(Inbox.scala:213)
[2026-05-09T14:28:38.919+0000] {subprocess.py:106} INFO - 	at org.apache.spark.rpc.netty.Inbox.process(Inbox.scala:100)
[2026-05-09T14:28:38.920+0000] {subprocess.py:106} INFO - 	at org.apache.spark.rpc.netty.MessageLoop.org$apache$spark$rpc$netty$MessageLoop$$receiveLoop(MessageLoop.scala:75)
[2026-05-09T14:28:38.920+0000] {subprocess.py:106} INFO - 	at org.apache.spark.rpc.netty.MessageLoop$$anon$1.run(MessageLoop.scala:41)
[2026-05-09T14:28:38.921+0000] {subprocess.py:106} INFO - 	at java.base/java.util.concurrent.ThreadPoolExecutor.runWorker(ThreadPoolExecutor.java:1136)
[2026-05-09T14:28:38.921+0000] {subprocess.py:106} INFO - 	at java.base/java.util.concurrent.ThreadPoolExecutor$Worker.run(ThreadPoolExecutor.java:635)
[2026-05-09T14:28:38.921+0000] {subprocess.py:106} INFO - 	at java.base/java.lang.Thread.run(Thread.java:833)
[2026-05-09T14:28:38.980+0000] {subprocess.py:106} INFO - 26/05/09 14:28:38 INFO BlockManagerInfo: Added broadcast_1_piece0 in memory on 00a554289257:44789 (size: 36.2 KiB, free: 93.2 MiB)
[2026-05-09T14:28:42.456+0000] {subprocess.py:106} INFO - 26/05/09 14:28:42 INFO TaskSetManager: Finished task 0.0 in stage 1.0 (TID 1) in 6776 ms on 00a554289257 (executor 1) (1/1)
[2026-05-09T14:28:42.458+0000] {subprocess.py:106} INFO - 26/05/09 14:28:42 INFO YarnScheduler: Removed TaskSet 1.0, whose tasks have all completed, from pool
[2026-05-09T14:28:42.459+0000] {subprocess.py:106} INFO - 26/05/09 14:28:42 INFO DAGScheduler: ResultStage 1 (collect at CloudStorageOperations.scala:813) finished in 6.800 s
[2026-05-09T14:28:42.459+0000] {subprocess.py:106} INFO - 26/05/09 14:28:42 INFO DAGScheduler: Job 1 is finished. Cancelling potential speculative or zombie tasks for this job
[2026-05-09T14:28:42.460+0000] {subprocess.py:106} INFO - 26/05/09 14:28:42 INFO YarnScheduler: Killing all running tasks in stage 1: Stage finished
[2026-05-09T14:28:42.460+0000] {subprocess.py:106} INFO - 26/05/09 14:28:42 INFO DAGScheduler: Job 1 finished: collect at CloudStorageOperations.scala:813, took 6.810346 s
[2026-05-09T14:28:42.462+0000] {subprocess.py:106} INFO - 26/05/09 14:28:42 INFO StageWriter$: writeToTableWithStagingTable: check table existence with "ECOMMERCE_DB"."GOLD_LAYER".DIM_DATE for DIM_DATE
[2026-05-09T14:28:42.463+0000] {subprocess.py:106} INFO - 26/05/09 14:28:42 INFO SnowflakeSQLStatement: Spark Connector Master: execute query with bind variable: desc table identifier(?)
[2026-05-09T14:28:42.566+0000] {subprocess.py:106} INFO - 26/05/09 14:28:42 INFO SnowflakeSQLStatement: Spark Connector Master: execute query with bind variable: create   table if not exists identifier(?) ("DATE_KEY" INTEGER ,"DATE" DATE ,"YEAR" INTEGER ,"MONTH" INTEGER ,"DAY" INTEGER ,"DAY_NAME" STRING ,"QUARTER" INTEGER ,"IS_WEEKEND" BOOLEAN )
[2026-05-09T14:28:42.797+0000] {subprocess.py:106} INFO - 26/05/09 14:28:42 INFO StageWriter$: Begin to write at 2026-05-09T14:28:42.795255904 (Coordinated Universal Time)
[2026-05-09T14:28:42.798+0000] {subprocess.py:106} INFO - 26/05/09 14:28:42 INFO StageWriter$: Total file count is 1, non-empty files count is 1, total file size is 85.31 KB, total row count is 1.78 KB.
[2026-05-09T14:28:42.803+0000] {subprocess.py:106} INFO - 26/05/09 14:28:42 INFO StageWriter$: Now executing below command to write into table:
[2026-05-09T14:28:42.804+0000] {subprocess.py:106} INFO - copy into DIM_DATE_staging_1921064760 FROM @spark_connector_load_stage_bNRcWGrNrb/n8mTWS4A2z/
[2026-05-09T14:28:42.805+0000] {subprocess.py:106} INFO - FILE_FORMAT = (
[2026-05-09T14:28:42.805+0000] {subprocess.py:106} INFO -     TYPE=CSV
[2026-05-09T14:28:42.806+0000] {subprocess.py:106} INFO -     FIELD_DELIMITER='|'
[2026-05-09T14:28:42.806+0000] {subprocess.py:106} INFO -     NULL_IF=()
[2026-05-09T14:28:42.807+0000] {subprocess.py:106} INFO -     FIELD_OPTIONALLY_ENCLOSED_BY='"'
[2026-05-09T14:28:42.807+0000] {subprocess.py:106} INFO -     TIMESTAMP_FORMAT='TZHTZM YYYY-MM-DD HH24:MI:SS.FF9'
[2026-05-09T14:28:42.808+0000] {subprocess.py:106} INFO -     DATE_FORMAT='TZHTZM YYYY-MM-DD HH24:MI:SS.FF9'
[2026-05-09T14:28:42.808+0000] {subprocess.py:106} INFO -     BINARY_FORMAT=BASE64
[2026-05-09T14:28:42.809+0000] {subprocess.py:106} INFO -   )
[2026-05-09T14:28:42.809+0000] {subprocess.py:106} INFO - 
[2026-05-09T14:28:42.810+0000] {subprocess.py:106} INFO - 26/05/09 14:28:42 INFO SnowflakeSQLStatement: Spark Connector Master: execute query with bind variable: copy into DIM_DATE_staging_1921064760 FROM @spark_connector_load_stage_bNRcWGrNrb/n8mTWS4A2z/
[2026-05-09T14:28:42.810+0000] {subprocess.py:106} INFO - FILE_FORMAT = (
[2026-05-09T14:28:42.811+0000] {subprocess.py:106} INFO -     TYPE=CSV
[2026-05-09T14:28:42.811+0000] {subprocess.py:106} INFO -     FIELD_DELIMITER='|'
[2026-05-09T14:28:42.812+0000] {subprocess.py:106} INFO -     NULL_IF=()
[2026-05-09T14:28:42.812+0000] {subprocess.py:106} INFO -     FIELD_OPTIONALLY_ENCLOSED_BY='"'
[2026-05-09T14:28:42.813+0000] {subprocess.py:106} INFO -     TIMESTAMP_FORMAT='TZHTZM YYYY-MM-DD HH24:MI:SS.FF9'
[2026-05-09T14:28:42.813+0000] {subprocess.py:106} INFO -     DATE_FORMAT='TZHTZM YYYY-MM-DD HH24:MI:SS.FF9'
[2026-05-09T14:28:42.814+0000] {subprocess.py:106} INFO -     BINARY_FORMAT=BASE64
[2026-05-09T14:28:42.814+0000] {subprocess.py:106} INFO -   )
[2026-05-09T14:28:42.815+0000] {subprocess.py:106} INFO - 
[2026-05-09T14:28:42.925+0000] {subprocess.py:106} INFO - 26/05/09 14:28:42 INFO SparkConnectorContext$: Spark connector register listener for: application_1778334521111_0013
[2026-05-09T14:28:42.927+0000] {subprocess.py:106} INFO - 26/05/09 14:28:42 INFO SparkConnectorContext$: Add running query for application_1778334521111_0013 session: 301291955998810 queryId: 01c44124-0000-d29e-0001-120600077312
[2026-05-09T14:28:42.930+0000] {subprocess.py:106} INFO - 26/05/09 14:28:42 INFO StageWriter$: The query ID for async writing into table command is: 01c44124-0000-d29e-0001-120600077312; The query ID URL is:
[2026-05-09T14:28:42.931+0000] {subprocess.py:106} INFO - https://yjmwqyd-am21544.snowflakecomputing.com/console#/monitoring/queries/detail?queryId=01c44124-0000-d29e-0001-120600077312
[2026-05-09T14:28:47.579+0000] {subprocess.py:106} INFO - 26/05/09 14:28:47 INFO BlockManagerInfo: Removed broadcast_2_piece0 on 172.30.1.13:36399 in memory (size: 17.1 KiB, free: 434.4 MiB)
[2026-05-09T14:28:47.585+0000] {subprocess.py:106} INFO - 26/05/09 14:28:47 INFO BlockManagerInfo: Removed broadcast_2_piece0 on 00a554289257:44789 in memory (size: 17.1 KiB, free: 93.3 MiB)
[2026-05-09T14:28:47.781+0000] {subprocess.py:106} INFO - 26/05/09 14:28:47 INFO SparkConnectorContext$: Remove running query for application_1778334521111_0013 session: 301291955998810 queryId: 01c44124-0000-d29e-0001-120600077312
[2026-05-09T14:28:47.782+0000] {subprocess.py:106} INFO - 26/05/09 14:28:47 INFO StageWriter$: First COPY command is done in 4.99 seconds at 2026-05-09T14:28:47.780274369, queryID is 01c44124-0000-d29e-0001-120600077312
[2026-05-09T14:28:47.792+0000] {subprocess.py:106} INFO - 26/05/09 14:28:47 INFO StageWriter$: Succeed to write in 5.00 seconds at 2026-05-09T14:28:47.791189390
[2026-05-09T14:28:47.794+0000] {subprocess.py:106} INFO - 26/05/09 14:28:47 INFO SnowflakeSQLStatement: Spark Connector Master: execute query with bind variable: alter table identifier(?) swap with identifier(?)
[2026-05-09T14:28:47.945+0000] {subprocess.py:106} INFO - 26/05/09 14:28:47 INFO SnowflakeSQLStatement: Spark Connector Master: execute query with bind variable: drop table identifier(?)
[2026-05-09T14:28:48.086+0000] {subprocess.py:106} INFO - 26/05/09 14:28:48 INFO StageWriter$: Spark Connector Master: Total job time is 12.67 seconds including read & upload time: 7.05 seconds and COPY time: 5.62 seconds.
[2026-05-09T14:28:48.086+0000] {subprocess.py:106} INFO - 26/05/09 14:28:48 WARN SnowflakeConnectorUtils$: Query pushdown is not supported because you are using Spark 3.5.0 with a connector designed to support Spark 3.3. Either use the version of Spark supported by the connector or install a version of the connector that supports your version of Spark.
[2026-05-09T14:28:48.091+0000] {subprocess.py:106} INFO - 26/05/09 14:28:48 INFO ServerConnection$: Create ServerConnection with cached JDBC connection: 301291955998810
[2026-05-09T14:28:48.092+0000] {subprocess.py:106} INFO - 26/05/09 14:28:48 INFO SnowflakeSQLStatement: Spark Connector Master: execute query with bind variable: select * from DIM_DATE where 1 = 0
[2026-05-09T14:28:48.226+0000] {subprocess.py:106} INFO - ✅ dim_date loaded successfully!
[2026-05-09T14:28:48.227+0000] {subprocess.py:106} INFO - 📤 Loading dim_customer to Snowflake...
[2026-05-09T14:28:48.252+0000] {subprocess.py:106} INFO - 26/05/09 14:28:48 INFO InMemoryFileIndex: It took 5 ms to list leaf files for 1 paths.
[2026-05-09T14:28:48.282+0000] {subprocess.py:106} INFO - 26/05/09 14:28:48 INFO SparkContext: Starting job: parquet at NativeMethodAccessorImpl.java:0
[2026-05-09T14:28:48.284+0000] {subprocess.py:106} INFO - 26/05/09 14:28:48 INFO DAGScheduler: Got job 2 (parquet at NativeMethodAccessorImpl.java:0) with 1 output partitions
[2026-05-09T14:28:48.285+0000] {subprocess.py:106} INFO - 26/05/09 14:28:48 INFO DAGScheduler: Final stage: ResultStage 2 (parquet at NativeMethodAccessorImpl.java:0)
[2026-05-09T14:28:48.285+0000] {subprocess.py:106} INFO - 26/05/09 14:28:48 INFO DAGScheduler: Parents of final stage: List()
[2026-05-09T14:28:48.286+0000] {subprocess.py:106} INFO - 26/05/09 14:28:48 INFO DAGScheduler: Missing parents: List()
[2026-05-09T14:28:48.287+0000] {subprocess.py:106} INFO - 26/05/09 14:28:48 INFO DAGScheduler: Submitting ResultStage 2 (MapPartitionsRDD[11] at parquet at NativeMethodAccessorImpl.java:0), which has no missing parents
[2026-05-09T14:28:48.294+0000] {subprocess.py:106} INFO - 26/05/09 14:28:48 INFO MemoryStore: Block broadcast_3 stored as values in memory (estimated size 105.0 KiB, free 434.1 MiB)
[2026-05-09T14:28:48.297+0000] {subprocess.py:106} INFO - 26/05/09 14:28:48 INFO MemoryStore: Block broadcast_3_piece0 stored as bytes in memory (estimated size 38.2 KiB, free 434.0 MiB)
[2026-05-09T14:28:48.298+0000] {subprocess.py:106} INFO - 26/05/09 14:28:48 INFO BlockManagerInfo: Added broadcast_3_piece0 in memory on 172.30.1.13:36399 (size: 38.2 KiB, free: 434.3 MiB)
[2026-05-09T14:28:48.299+0000] {subprocess.py:106} INFO - 26/05/09 14:28:48 INFO SparkContext: Created broadcast 3 from broadcast at DAGScheduler.scala:1580
[2026-05-09T14:28:48.302+0000] {subprocess.py:106} INFO - 26/05/09 14:28:48 INFO DAGScheduler: Submitting 1 missing tasks from ResultStage 2 (MapPartitionsRDD[11] at parquet at NativeMethodAccessorImpl.java:0) (first 15 tasks are for partitions Vector(0))
[2026-05-09T14:28:48.303+0000] {subprocess.py:106} INFO - 26/05/09 14:28:48 INFO YarnScheduler: Adding task set 2.0 with 1 tasks resource profile 0
[2026-05-09T14:28:48.303+0000] {subprocess.py:106} INFO - 26/05/09 14:28:48 INFO TaskSetManager: Starting task 0.0 in stage 2.0 (TID 2) (00a554289257, executor 1, partition 0, PROCESS_LOCAL, 7843 bytes)
[2026-05-09T14:28:48.338+0000] {subprocess.py:106} INFO - 26/05/09 14:28:48 INFO BlockManagerInfo: Added broadcast_3_piece0 in memory on 00a554289257:44789 (size: 38.2 KiB, free: 93.2 MiB)
[2026-05-09T14:28:48.410+0000] {subprocess.py:106} INFO - 26/05/09 14:28:48 INFO TaskSetManager: Finished task 0.0 in stage 2.0 (TID 2) in 107 ms on 00a554289257 (executor 1) (1/1)
[2026-05-09T14:28:48.411+0000] {subprocess.py:106} INFO - 26/05/09 14:28:48 INFO YarnScheduler: Removed TaskSet 2.0, whose tasks have all completed, from pool
[2026-05-09T14:28:48.411+0000] {subprocess.py:106} INFO - 26/05/09 14:28:48 INFO DAGScheduler: ResultStage 2 (parquet at NativeMethodAccessorImpl.java:0) finished in 0.125 s
[2026-05-09T14:28:48.412+0000] {subprocess.py:106} INFO - 26/05/09 14:28:48 INFO DAGScheduler: Job 2 is finished. Cancelling potential speculative or zombie tasks for this job
[2026-05-09T14:28:48.412+0000] {subprocess.py:106} INFO - 26/05/09 14:28:48 INFO YarnScheduler: Killing all running tasks in stage 2: Stage finished
[2026-05-09T14:28:48.413+0000] {subprocess.py:106} INFO - 26/05/09 14:28:48 INFO DAGScheduler: Job 2 finished: parquet at NativeMethodAccessorImpl.java:0, took 0.130036 s
[2026-05-09T14:28:48.451+0000] {subprocess.py:106} INFO - 26/05/09 14:28:48 WARN SnowflakeConnectorUtils$: Query pushdown is not supported because you are using Spark 3.5.0 with a connector designed to support Spark 3.3. Either use the version of Spark supported by the connector or install a version of the connector that supports your version of Spark.
[2026-05-09T14:28:48.465+0000] {subprocess.py:106} INFO - 26/05/09 14:28:48 INFO FileSourceStrategy: Pushed Filters:
[2026-05-09T14:28:48.466+0000] {subprocess.py:106} INFO - 26/05/09 14:28:48 INFO FileSourceStrategy: Post-Scan Filters:
[2026-05-09T14:28:48.494+0000] {subprocess.py:106} INFO - 26/05/09 14:28:48 INFO CodeGenerator: Code generated in 21.142698 ms
[2026-05-09T14:28:48.501+0000] {subprocess.py:106} INFO - 26/05/09 14:28:48 INFO MemoryStore: Block broadcast_4 stored as values in memory (estimated size 209.0 KiB, free 433.8 MiB)
[2026-05-09T14:28:48.508+0000] {subprocess.py:106} INFO - 26/05/09 14:28:48 INFO MemoryStore: Block broadcast_4_piece0 stored as bytes in memory (estimated size 36.1 KiB, free 433.8 MiB)
[2026-05-09T14:28:48.510+0000] {subprocess.py:106} INFO - 26/05/09 14:28:48 INFO BlockManagerInfo: Added broadcast_4_piece0 in memory on 172.30.1.13:36399 (size: 36.1 KiB, free: 434.3 MiB)
[2026-05-09T14:28:48.511+0000] {subprocess.py:106} INFO - 26/05/09 14:28:48 INFO SparkContext: Created broadcast 4 from rdd at SnowflakeWriter.scala:87
[2026-05-09T14:28:48.513+0000] {subprocess.py:106} INFO - 26/05/09 14:28:48 INFO FileSourceScanExec: Planning scan with bin packing, max size: 7495368 bytes, open cost is considered as scanning 4194304 bytes.
[2026-05-09T14:28:48.524+0000] {subprocess.py:106} INFO - 26/05/09 14:28:48 INFO ServerConnection$: Create ServerConnection with cached JDBC connection: 301291955998810
[2026-05-09T14:28:48.524+0000] {subprocess.py:106} INFO - 26/05/09 14:28:48 INFO SnowflakeSQLStatement: Spark Connector Master: execute query with bind variable: alter session set timezone = 'Etc/UTC' , timestamp_ntz_output_format = 'YYYY-MM-DD HH24:MI:SS.FF3', timestamp_ltz_output_format = 'TZHTZM YYYY-MM-DD HH24:MI:SS.FF3', timestamp_tz_output_format = 'TZHTZM YYYY-MM-DD HH24:MI:SS.FF3' ;
[2026-05-09T14:28:48.621+0000] {subprocess.py:106} INFO - 26/05/09 14:28:48 INFO SnowflakeSQLStatement: Spark Connector Master: execute query with bind variable: create  temporary stage if not exists identifier(?)
[2026-05-09T14:28:49.308+0000] {subprocess.py:106} INFO - 26/05/09 14:28:49 INFO CloudStorageOperations$: Spark Connector Master: Begin to process and upload data for 2 partitions: directory=pufARkD2SY CSV true
[2026-05-09T14:28:49.326+0000] {subprocess.py:106} INFO - 26/05/09 14:28:49 INFO SparkContext: Starting job: collect at CloudStorageOperations.scala:813
[2026-05-09T14:28:49.329+0000] {subprocess.py:106} INFO - 26/05/09 14:28:49 INFO DAGScheduler: Got job 3 (collect at CloudStorageOperations.scala:813) with 2 output partitions
[2026-05-09T14:28:49.329+0000] {subprocess.py:106} INFO - 26/05/09 14:28:49 INFO DAGScheduler: Final stage: ResultStage 3 (collect at CloudStorageOperations.scala:813)
[2026-05-09T14:28:49.330+0000] {subprocess.py:106} INFO - 26/05/09 14:28:49 INFO DAGScheduler: Parents of final stage: List()
[2026-05-09T14:28:49.331+0000] {subprocess.py:106} INFO - 26/05/09 14:28:49 INFO DAGScheduler: Missing parents: List()
[2026-05-09T14:28:49.331+0000] {subprocess.py:106} INFO - 26/05/09 14:28:49 INFO DAGScheduler: Submitting ResultStage 3 (MapPartitionsRDD[19] at mapPartitionsWithIndex at CloudStorageOperations.scala:796), which has no missing parents
[2026-05-09T14:28:49.334+0000] {subprocess.py:106} INFO - 26/05/09 14:28:49 INFO MemoryStore: Block broadcast_5 stored as values in memory (estimated size 34.9 KiB, free 433.7 MiB)
[2026-05-09T14:28:49.336+0000] {subprocess.py:106} INFO - 26/05/09 14:28:49 INFO MemoryStore: Block broadcast_5_piece0 stored as bytes in memory (estimated size 15.8 KiB, free 433.7 MiB)
[2026-05-09T14:28:49.338+0000] {subprocess.py:106} INFO - 26/05/09 14:28:49 INFO BlockManagerInfo: Added broadcast_5_piece0 in memory on 172.30.1.13:36399 (size: 15.8 KiB, free: 434.3 MiB)
[2026-05-09T14:28:49.339+0000] {subprocess.py:106} INFO - 26/05/09 14:28:49 INFO SparkContext: Created broadcast 5 from broadcast at DAGScheduler.scala:1580
[2026-05-09T14:28:49.340+0000] {subprocess.py:106} INFO - 26/05/09 14:28:49 INFO DAGScheduler: Submitting 2 missing tasks from ResultStage 3 (MapPartitionsRDD[19] at mapPartitionsWithIndex at CloudStorageOperations.scala:796) (first 15 tasks are for partitions Vector(0, 1))
[2026-05-09T14:28:49.343+0000] {subprocess.py:106} INFO - 26/05/09 14:28:49 INFO YarnScheduler: Adding task set 3.0 with 2 tasks resource profile 0
[2026-05-09T14:28:49.344+0000] {subprocess.py:106} INFO - 26/05/09 14:28:49 INFO TaskSetManager: Starting task 0.0 in stage 3.0 (TID 3) (00a554289257, executor 1, partition 0, RACK_LOCAL, 8311 bytes)
[2026-05-09T14:28:49.345+0000] {subprocess.py:106} INFO - 26/05/09 14:28:49 INFO TaskSetManager: Starting task 1.0 in stage 3.0 (TID 4) (6303bebb27dc, executor 2, partition 1, RACK_LOCAL, 8311 bytes)
[2026-05-09T14:28:49.367+0000] {subprocess.py:106} INFO - 26/05/09 14:28:49 INFO BlockManagerInfo: Added broadcast_5_piece0 in memory on 00a554289257:44789 (size: 15.8 KiB, free: 93.2 MiB)
[2026-05-09T14:28:49.412+0000] {subprocess.py:106} INFO - 26/05/09 14:28:49 INFO BlockManagerInfo: Added broadcast_5_piece0 in memory on 6303bebb27dc:33763 (size: 15.8 KiB, free: 93.3 MiB)
[2026-05-09T14:28:49.471+0000] {subprocess.py:106} INFO - 26/05/09 14:28:49 INFO BlockManagerInfo: Added broadcast_4_piece0 in memory on 00a554289257:44789 (size: 36.1 KiB, free: 93.2 MiB)
[2026-05-09T14:28:51.881+0000] {subprocess.py:106} INFO - 26/05/09 14:28:51 ERROR Inbox: Ignoring error
[2026-05-09T14:28:51.882+0000] {subprocess.py:106} INFO - java.io.NotSerializableException: org.apache.spark.storage.StorageStatus
[2026-05-09T14:28:51.883+0000] {subprocess.py:106} INFO - Serialization stack:
[2026-05-09T14:28:51.884+0000] {subprocess.py:106} INFO - 	- object not serializable (class: org.apache.spark.storage.StorageStatus, value: org.apache.spark.storage.StorageStatus@1ff2247a)
[2026-05-09T14:28:51.884+0000] {subprocess.py:106} INFO - 	- element of array (index: 0)
[2026-05-09T14:28:51.885+0000] {subprocess.py:106} INFO - 	- array (class [Lorg.apache.spark.storage.StorageStatus;, size 3)
[2026-05-09T14:28:51.886+0000] {subprocess.py:106} INFO - 	at org.apache.spark.serializer.SerializationDebugger$.improveException(SerializationDebugger.scala:41)
[2026-05-09T14:28:51.886+0000] {subprocess.py:106} INFO - 	at org.apache.spark.serializer.JavaSerializationStream.writeObject(JavaSerializer.scala:49)
[2026-05-09T14:28:51.887+0000] {subprocess.py:106} INFO - 	at org.apache.spark.serializer.JavaSerializerInstance.serialize(JavaSerializer.scala:115)
[2026-05-09T14:28:51.888+0000] {subprocess.py:106} INFO - 	at org.apache.spark.rpc.netty.NettyRpcEnv.serialize(NettyRpcEnv.scala:286)
[2026-05-09T14:28:51.889+0000] {subprocess.py:106} INFO - 	at org.apache.spark.rpc.netty.RemoteNettyRpcCallContext.send(NettyRpcCallContext.scala:64)
[2026-05-09T14:28:51.889+0000] {subprocess.py:106} INFO - 	at org.apache.spark.rpc.netty.NettyRpcCallContext.reply(NettyRpcCallContext.scala:32)
[2026-05-09T14:28:51.890+0000] {subprocess.py:106} INFO - 	at org.apache.spark.storage.BlockManagerMasterEndpoint$$anonfun$receiveAndReply$1.applyOrElse(BlockManagerMasterEndpoint.scala:172)
[2026-05-09T14:28:51.891+0000] {subprocess.py:106} INFO - 	at org.apache.spark.rpc.netty.Inbox.$anonfun$process$1(Inbox.scala:103)
[2026-05-09T14:28:51.892+0000] {subprocess.py:106} INFO - 	at org.apache.spark.rpc.netty.Inbox.safelyCall(Inbox.scala:213)
[2026-05-09T14:28:51.893+0000] {subprocess.py:106} INFO - 	at org.apache.spark.rpc.netty.Inbox.process(Inbox.scala:100)
[2026-05-09T14:28:51.893+0000] {subprocess.py:106} INFO - 	at org.apache.spark.rpc.netty.MessageLoop.org$apache$spark$rpc$netty$MessageLoop$$receiveLoop(MessageLoop.scala:75)
[2026-05-09T14:28:51.894+0000] {subprocess.py:106} INFO - 	at org.apache.spark.rpc.netty.MessageLoop$$anon$1.run(MessageLoop.scala:41)
[2026-05-09T14:28:51.895+0000] {subprocess.py:106} INFO - 	at java.base/java.util.concurrent.ThreadPoolExecutor.runWorker(ThreadPoolExecutor.java:1136)
[2026-05-09T14:28:51.895+0000] {subprocess.py:106} INFO - 	at java.base/java.util.concurrent.ThreadPoolExecutor$Worker.run(ThreadPoolExecutor.java:635)
[2026-05-09T14:28:51.896+0000] {subprocess.py:106} INFO - 	at java.base/java.lang.Thread.run(Thread.java:833)
[2026-05-09T14:28:51.961+0000] {subprocess.py:106} INFO - 26/05/09 14:28:51 INFO BlockManagerInfo: Added broadcast_4_piece0 in memory on 6303bebb27dc:33763 (size: 36.1 KiB, free: 93.2 MiB)
[2026-05-09T14:28:52.691+0000] {subprocess.py:106} INFO - 26/05/09 14:28:52 INFO TaskSetManager: Finished task 0.0 in stage 3.0 (TID 3) in 3348 ms on 00a554289257 (executor 1) (1/2)
[2026-05-09T14:28:55.886+0000] {subprocess.py:106} INFO - 26/05/09 14:28:55 INFO TaskSetManager: Finished task 1.0 in stage 3.0 (TID 4) in 6539 ms on 6303bebb27dc (executor 2) (2/2)
[2026-05-09T14:28:55.888+0000] {subprocess.py:106} INFO - 26/05/09 14:28:55 INFO YarnScheduler: Removed TaskSet 3.0, whose tasks have all completed, from pool
[2026-05-09T14:28:55.889+0000] {subprocess.py:106} INFO - 26/05/09 14:28:55 INFO DAGScheduler: ResultStage 3 (collect at CloudStorageOperations.scala:813) finished in 6.553 s
[2026-05-09T14:28:55.890+0000] {subprocess.py:106} INFO - 26/05/09 14:28:55 INFO DAGScheduler: Job 3 is finished. Cancelling potential speculative or zombie tasks for this job
[2026-05-09T14:28:55.890+0000] {subprocess.py:106} INFO - 26/05/09 14:28:55 INFO YarnScheduler: Killing all running tasks in stage 3: Stage finished
[2026-05-09T14:28:55.891+0000] {subprocess.py:106} INFO - 26/05/09 14:28:55 INFO DAGScheduler: Job 3 finished: collect at CloudStorageOperations.scala:813, took 6.559710 s
[2026-05-09T14:28:55.892+0000] {subprocess.py:106} INFO - 26/05/09 14:28:55 INFO StageWriter$: writeToTableWithStagingTable: check table existence with "ECOMMERCE_DB"."GOLD_LAYER".DIM_CUSTOMER for DIM_CUSTOMER
[2026-05-09T14:28:55.894+0000] {subprocess.py:106} INFO - 26/05/09 14:28:55 INFO SnowflakeSQLStatement: Spark Connector Master: execute query with bind variable: desc table identifier(?)
[2026-05-09T14:28:55.993+0000] {subprocess.py:106} INFO - 26/05/09 14:28:55 INFO SnowflakeSQLStatement: Spark Connector Master: execute query with bind variable: create   table if not exists identifier(?) ("CUSTOMER_ID" STRING ,"CUSTOMER_UNIQUE_ID" STRING ,"CUSTOMER_CITY" STRING ,"CUSTOMER_STATE" STRING )
[2026-05-09T14:28:56.198+0000] {subprocess.py:106} INFO - 26/05/09 14:28:56 INFO StageWriter$: Begin to write at 2026-05-09T14:28:56.196520474 (Coordinated Universal Time)
[2026-05-09T14:28:56.200+0000] {subprocess.py:106} INFO - 26/05/09 14:28:56 INFO StageWriter$: Total file count is 2, non-empty files count is 2, total file size is 8.38 MB, total row count is 97.11 KB.
[2026-05-09T14:28:56.201+0000] {subprocess.py:106} INFO - 26/05/09 14:28:56 INFO StageWriter$: Now executing below command to write into table:
[2026-05-09T14:28:56.202+0000] {subprocess.py:106} INFO - copy into DIM_CUSTOMER_staging_698037670 FROM @spark_connector_load_stage_NbxXKuvWlE/pufARkD2SY/
[2026-05-09T14:28:56.203+0000] {subprocess.py:106} INFO - FILE_FORMAT = (
[2026-05-09T14:28:56.203+0000] {subprocess.py:106} INFO -     TYPE=CSV
[2026-05-09T14:28:56.204+0000] {subprocess.py:106} INFO -     FIELD_DELIMITER='|'
[2026-05-09T14:28:56.204+0000] {subprocess.py:106} INFO -     NULL_IF=()
[2026-05-09T14:28:56.205+0000] {subprocess.py:106} INFO -     FIELD_OPTIONALLY_ENCLOSED_BY='"'
[2026-05-09T14:28:56.205+0000] {subprocess.py:106} INFO -     TIMESTAMP_FORMAT='TZHTZM YYYY-MM-DD HH24:MI:SS.FF9'
[2026-05-09T14:28:56.206+0000] {subprocess.py:106} INFO -     DATE_FORMAT='TZHTZM YYYY-MM-DD HH24:MI:SS.FF9'
[2026-05-09T14:28:56.206+0000] {subprocess.py:106} INFO -     BINARY_FORMAT=BASE64
[2026-05-09T14:28:56.206+0000] {subprocess.py:106} INFO -   )
[2026-05-09T14:28:56.207+0000] {subprocess.py:106} INFO - 
[2026-05-09T14:28:56.207+0000] {subprocess.py:106} INFO - 26/05/09 14:28:56 INFO SnowflakeSQLStatement: Spark Connector Master: execute query with bind variable: copy into DIM_CUSTOMER_staging_698037670 FROM @spark_connector_load_stage_NbxXKuvWlE/pufARkD2SY/
[2026-05-09T14:28:56.208+0000] {subprocess.py:106} INFO - FILE_FORMAT = (
[2026-05-09T14:28:56.208+0000] {subprocess.py:106} INFO -     TYPE=CSV
[2026-05-09T14:28:56.209+0000] {subprocess.py:106} INFO -     FIELD_DELIMITER='|'
[2026-05-09T14:28:56.209+0000] {subprocess.py:106} INFO -     NULL_IF=()
[2026-05-09T14:28:56.210+0000] {subprocess.py:106} INFO -     FIELD_OPTIONALLY_ENCLOSED_BY='"'
[2026-05-09T14:28:56.210+0000] {subprocess.py:106} INFO -     TIMESTAMP_FORMAT='TZHTZM YYYY-MM-DD HH24:MI:SS.FF9'
[2026-05-09T14:28:56.210+0000] {subprocess.py:106} INFO -     DATE_FORMAT='TZHTZM YYYY-MM-DD HH24:MI:SS.FF9'
[2026-05-09T14:28:56.211+0000] {subprocess.py:106} INFO -     BINARY_FORMAT=BASE64
[2026-05-09T14:28:56.211+0000] {subprocess.py:106} INFO -   )
[2026-05-09T14:28:56.212+0000] {subprocess.py:106} INFO - 
[2026-05-09T14:28:56.287+0000] {subprocess.py:106} INFO - 26/05/09 14:28:56 INFO SparkConnectorContext$: Add running query for application_1778334521111_0013 session: 301291955998810 queryId: 01c44124-0000-d29e-0001-120600077326
[2026-05-09T14:28:56.288+0000] {subprocess.py:106} INFO - 26/05/09 14:28:56 INFO StageWriter$: The query ID for async writing into table command is: 01c44124-0000-d29e-0001-120600077326; The query ID URL is:
[2026-05-09T14:28:56.289+0000] {subprocess.py:106} INFO - https://yjmwqyd-am21544.snowflakecomputing.com/console#/monitoring/queries/detail?queryId=01c44124-0000-d29e-0001-120600077326
[2026-05-09T14:28:57.793+0000] {subprocess.py:106} INFO - 26/05/09 14:28:57 INFO SparkConnectorContext$: Remove running query for application_1778334521111_0013 session: 301291955998810 queryId: 01c44124-0000-d29e-0001-120600077326
[2026-05-09T14:28:57.800+0000] {subprocess.py:106} INFO - 26/05/09 14:28:57 INFO StageWriter$: First COPY command is done in 1.59 seconds at 2026-05-09T14:28:57.790856080, queryID is 01c44124-0000-d29e-0001-120600077326
[2026-05-09T14:28:57.800+0000] {subprocess.py:106} INFO - 26/05/09 14:28:57 INFO StageWriter$: Succeed to write in 1.60 seconds at 2026-05-09T14:28:57.791915503
[2026-05-09T14:28:57.801+0000] {subprocess.py:106} INFO - 26/05/09 14:28:57 INFO SnowflakeSQLStatement: Spark Connector Master: execute query with bind variable: alter table identifier(?) swap with identifier(?)
[2026-05-09T14:28:57.912+0000] {subprocess.py:106} INFO - 26/05/09 14:28:57 INFO SnowflakeSQLStatement: Spark Connector Master: execute query with bind variable: drop table identifier(?)
[2026-05-09T14:28:58.044+0000] {subprocess.py:106} INFO - 26/05/09 14:28:58 INFO StageWriter$: Spark Connector Master: Total job time is 8.87 seconds including read & upload time: 6.71 seconds and COPY time: 2.16 seconds.
[2026-05-09T14:28:58.045+0000] {subprocess.py:106} INFO - 26/05/09 14:28:58 WARN SnowflakeConnectorUtils$: Query pushdown is not supported because you are using Spark 3.5.0 with a connector designed to support Spark 3.3. Either use the version of Spark supported by the connector or install a version of the connector that supports your version of Spark.
[2026-05-09T14:28:58.046+0000] {subprocess.py:106} INFO - 26/05/09 14:28:58 INFO ServerConnection$: Create ServerConnection with cached JDBC connection: 301291955998810
[2026-05-09T14:28:58.046+0000] {subprocess.py:106} INFO - 26/05/09 14:28:58 INFO SnowflakeSQLStatement: Spark Connector Master: execute query with bind variable: select * from DIM_CUSTOMER where 1 = 0
[2026-05-09T14:28:58.169+0000] {subprocess.py:106} INFO - ✅ dim_customer loaded successfully!
[2026-05-09T14:28:58.170+0000] {subprocess.py:106} INFO - 📤 Loading dim_product to Snowflake...
[2026-05-09T14:28:58.192+0000] {subprocess.py:106} INFO - 26/05/09 14:28:58 INFO InMemoryFileIndex: It took 5 ms to list leaf files for 1 paths.
[2026-05-09T14:28:58.219+0000] {subprocess.py:106} INFO - 26/05/09 14:28:58 INFO SparkContext: Starting job: parquet at NativeMethodAccessorImpl.java:0
[2026-05-09T14:28:58.220+0000] {subprocess.py:106} INFO - 26/05/09 14:28:58 INFO DAGScheduler: Got job 4 (parquet at NativeMethodAccessorImpl.java:0) with 1 output partitions
[2026-05-09T14:28:58.221+0000] {subprocess.py:106} INFO - 26/05/09 14:28:58 INFO DAGScheduler: Final stage: ResultStage 4 (parquet at NativeMethodAccessorImpl.java:0)
[2026-05-09T14:28:58.221+0000] {subprocess.py:106} INFO - 26/05/09 14:28:58 INFO DAGScheduler: Parents of final stage: List()
[2026-05-09T14:28:58.222+0000] {subprocess.py:106} INFO - 26/05/09 14:28:58 INFO DAGScheduler: Missing parents: List()
[2026-05-09T14:28:58.222+0000] {subprocess.py:106} INFO - 26/05/09 14:28:58 INFO DAGScheduler: Submitting ResultStage 4 (MapPartitionsRDD[21] at parquet at NativeMethodAccessorImpl.java:0), which has no missing parents
[2026-05-09T14:28:58.233+0000] {subprocess.py:106} INFO - 26/05/09 14:28:58 INFO MemoryStore: Block broadcast_6 stored as values in memory (estimated size 105.0 KiB, free 433.6 MiB)
[2026-05-09T14:28:58.236+0000] {subprocess.py:106} INFO - 26/05/09 14:28:58 INFO MemoryStore: Block broadcast_6_piece0 stored as bytes in memory (estimated size 38.2 KiB, free 433.6 MiB)
[2026-05-09T14:28:58.239+0000] {subprocess.py:106} INFO - 26/05/09 14:28:58 INFO BlockManagerInfo: Added broadcast_6_piece0 in memory on 172.30.1.13:36399 (size: 38.2 KiB, free: 434.2 MiB)
[2026-05-09T14:28:58.241+0000] {subprocess.py:106} INFO - 26/05/09 14:28:58 INFO SparkContext: Created broadcast 6 from broadcast at DAGScheduler.scala:1580
[2026-05-09T14:28:58.242+0000] {subprocess.py:106} INFO - 26/05/09 14:28:58 INFO DAGScheduler: Submitting 1 missing tasks from ResultStage 4 (MapPartitionsRDD[21] at parquet at NativeMethodAccessorImpl.java:0) (first 15 tasks are for partitions Vector(0))
[2026-05-09T14:28:58.242+0000] {subprocess.py:106} INFO - 26/05/09 14:28:58 INFO YarnScheduler: Adding task set 4.0 with 1 tasks resource profile 0
[2026-05-09T14:28:58.243+0000] {subprocess.py:106} INFO - 26/05/09 14:28:58 INFO TaskSetManager: Starting task 0.0 in stage 4.0 (TID 5) (6303bebb27dc, executor 2, partition 0, PROCESS_LOCAL, 7842 bytes)
[2026-05-09T14:28:58.265+0000] {subprocess.py:106} INFO - 26/05/09 14:28:58 INFO BlockManagerInfo: Added broadcast_6_piece0 in memory on 6303bebb27dc:33763 (size: 38.2 KiB, free: 93.2 MiB)
[2026-05-09T14:28:58.298+0000] {subprocess.py:106} INFO - 26/05/09 14:28:58 INFO TaskSetManager: Finished task 0.0 in stage 4.0 (TID 5) in 54 ms on 6303bebb27dc (executor 2) (1/1)
[2026-05-09T14:28:58.299+0000] {subprocess.py:106} INFO - 26/05/09 14:28:58 INFO YarnScheduler: Removed TaskSet 4.0, whose tasks have all completed, from pool
[2026-05-09T14:28:58.300+0000] {subprocess.py:106} INFO - 26/05/09 14:28:58 INFO DAGScheduler: ResultStage 4 (parquet at NativeMethodAccessorImpl.java:0) finished in 0.076 s
[2026-05-09T14:28:58.301+0000] {subprocess.py:106} INFO - 26/05/09 14:28:58 INFO DAGScheduler: Job 4 is finished. Cancelling potential speculative or zombie tasks for this job
[2026-05-09T14:28:58.301+0000] {subprocess.py:106} INFO - 26/05/09 14:28:58 INFO YarnScheduler: Killing all running tasks in stage 4: Stage finished
[2026-05-09T14:28:58.302+0000] {subprocess.py:106} INFO - 26/05/09 14:28:58 INFO DAGScheduler: Job 4 finished: parquet at NativeMethodAccessorImpl.java:0, took 0.081921 s
[2026-05-09T14:28:58.335+0000] {subprocess.py:106} INFO - 26/05/09 14:28:58 WARN SnowflakeConnectorUtils$: Query pushdown is not supported because you are using Spark 3.5.0 with a connector designed to support Spark 3.3. Either use the version of Spark supported by the connector or install a version of the connector that supports your version of Spark.
[2026-05-09T14:28:58.347+0000] {subprocess.py:106} INFO - 26/05/09 14:28:58 INFO FileSourceStrategy: Pushed Filters:
[2026-05-09T14:28:58.348+0000] {subprocess.py:106} INFO - 26/05/09 14:28:58 INFO FileSourceStrategy: Post-Scan Filters:
[2026-05-09T14:28:58.374+0000] {subprocess.py:106} INFO - 26/05/09 14:28:58 INFO CodeGenerator: Code generated in 19.861433 ms
[2026-05-09T14:28:58.379+0000] {subprocess.py:106} INFO - 26/05/09 14:28:58 INFO MemoryStore: Block broadcast_7 stored as values in memory (estimated size 209.4 KiB, free 433.4 MiB)
[2026-05-09T14:28:58.393+0000] {subprocess.py:106} INFO - 26/05/09 14:28:58 INFO BlockManagerInfo: Removed broadcast_3_piece0 on 172.30.1.13:36399 in memory (size: 38.2 KiB, free: 434.3 MiB)
[2026-05-09T14:28:58.395+0000] {subprocess.py:106} INFO - 26/05/09 14:28:58 INFO MemoryStore: Block broadcast_7_piece0 stored as bytes in memory (estimated size 36.3 KiB, free 433.5 MiB)
[2026-05-09T14:28:58.397+0000] {subprocess.py:106} INFO - 26/05/09 14:28:58 INFO BlockManagerInfo: Removed broadcast_3_piece0 on 00a554289257:44789 in memory (size: 38.2 KiB, free: 93.2 MiB)
[2026-05-09T14:28:58.398+0000] {subprocess.py:106} INFO - 26/05/09 14:28:58 INFO BlockManagerInfo: Added broadcast_7_piece0 in memory on 172.30.1.13:36399 (size: 36.3 KiB, free: 434.2 MiB)
[2026-05-09T14:28:58.400+0000] {subprocess.py:106} INFO - 26/05/09 14:28:58 INFO SparkContext: Created broadcast 7 from rdd at SnowflakeWriter.scala:87
[2026-05-09T14:28:58.402+0000] {subprocess.py:106} INFO - 26/05/09 14:28:58 INFO FileSourceScanExec: Planning scan with bin packing, max size: 4803924 bytes, open cost is considered as scanning 4194304 bytes.
[2026-05-09T14:28:58.409+0000] {subprocess.py:106} INFO - 26/05/09 14:28:58 INFO BlockManagerInfo: Removed broadcast_6_piece0 on 172.30.1.13:36399 in memory (size: 38.2 KiB, free: 434.3 MiB)
[2026-05-09T14:28:58.413+0000] {subprocess.py:106} INFO - 26/05/09 14:28:58 INFO BlockManagerInfo: Removed broadcast_6_piece0 on 6303bebb27dc:33763 in memory (size: 38.2 KiB, free: 93.2 MiB)
[2026-05-09T14:28:58.418+0000] {subprocess.py:106} INFO - 26/05/09 14:28:58 INFO ServerConnection$: Create ServerConnection with cached JDBC connection: 301291955998810
[2026-05-09T14:28:58.419+0000] {subprocess.py:106} INFO - 26/05/09 14:28:58 INFO SnowflakeSQLStatement: Spark Connector Master: execute query with bind variable: alter session set timezone = 'Etc/UTC' , timestamp_ntz_output_format = 'YYYY-MM-DD HH24:MI:SS.FF3', timestamp_ltz_output_format = 'TZHTZM YYYY-MM-DD HH24:MI:SS.FF3', timestamp_tz_output_format = 'TZHTZM YYYY-MM-DD HH24:MI:SS.FF3' ;
[2026-05-09T14:28:58.424+0000] {subprocess.py:106} INFO - 26/05/09 14:28:58 INFO BlockManagerInfo: Removed broadcast_4_piece0 on 172.30.1.13:36399 in memory (size: 36.1 KiB, free: 434.3 MiB)
[2026-05-09T14:28:58.427+0000] {subprocess.py:106} INFO - 26/05/09 14:28:58 INFO BlockManagerInfo: Removed broadcast_4_piece0 on 6303bebb27dc:33763 in memory (size: 36.1 KiB, free: 93.3 MiB)
[2026-05-09T14:28:58.429+0000] {subprocess.py:106} INFO - 26/05/09 14:28:58 INFO BlockManagerInfo: Removed broadcast_4_piece0 on 00a554289257:44789 in memory (size: 36.1 KiB, free: 93.2 MiB)
[2026-05-09T14:28:58.440+0000] {subprocess.py:106} INFO - 26/05/09 14:28:58 INFO BlockManagerInfo: Removed broadcast_5_piece0 on 172.30.1.13:36399 in memory (size: 15.8 KiB, free: 434.3 MiB)
[2026-05-09T14:28:58.444+0000] {subprocess.py:106} INFO - 26/05/09 14:28:58 INFO BlockManagerInfo: Removed broadcast_5_piece0 on 00a554289257:44789 in memory (size: 15.8 KiB, free: 93.3 MiB)
[2026-05-09T14:28:58.446+0000] {subprocess.py:106} INFO - 26/05/09 14:28:58 INFO BlockManagerInfo: Removed broadcast_5_piece0 on 6303bebb27dc:33763 in memory (size: 15.8 KiB, free: 93.3 MiB)
[2026-05-09T14:28:58.514+0000] {subprocess.py:106} INFO - 26/05/09 14:28:58 INFO SnowflakeSQLStatement: Spark Connector Master: execute query with bind variable: create  temporary stage if not exists identifier(?)
[2026-05-09T14:28:58.896+0000] {subprocess.py:106} INFO - 26/05/09 14:28:58 INFO CloudStorageOperations$: Spark Connector Master: Begin to process and upload data for 2 partitions: directory=Mtu447sm2y CSV true
[2026-05-09T14:28:58.906+0000] {subprocess.py:106} INFO - 26/05/09 14:28:58 INFO SparkContext: Starting job: collect at CloudStorageOperations.scala:813
[2026-05-09T14:28:58.907+0000] {subprocess.py:106} INFO - 26/05/09 14:28:58 INFO DAGScheduler: Got job 5 (collect at CloudStorageOperations.scala:813) with 2 output partitions
[2026-05-09T14:28:58.909+0000] {subprocess.py:106} INFO - 26/05/09 14:28:58 INFO DAGScheduler: Final stage: ResultStage 5 (collect at CloudStorageOperations.scala:813)
[2026-05-09T14:28:58.910+0000] {subprocess.py:106} INFO - 26/05/09 14:28:58 INFO DAGScheduler: Parents of final stage: List()
[2026-05-09T14:28:58.910+0000] {subprocess.py:106} INFO - 26/05/09 14:28:58 INFO DAGScheduler: Missing parents: List()
[2026-05-09T14:28:58.910+0000] {subprocess.py:106} INFO - 26/05/09 14:28:58 INFO DAGScheduler: Submitting ResultStage 5 (MapPartitionsRDD[29] at mapPartitionsWithIndex at CloudStorageOperations.scala:796), which has no missing parents
[2026-05-09T14:28:58.913+0000] {subprocess.py:106} INFO - 26/05/09 14:28:58 INFO MemoryStore: Block broadcast_8 stored as values in memory (estimated size 37.2 KiB, free 433.9 MiB)
[2026-05-09T14:28:58.915+0000] {subprocess.py:106} INFO - 26/05/09 14:28:58 INFO MemoryStore: Block broadcast_8_piece0 stored as bytes in memory (estimated size 16.4 KiB, free 433.9 MiB)
[2026-05-09T14:28:58.916+0000] {subprocess.py:106} INFO - 26/05/09 14:28:58 INFO BlockManagerInfo: Added broadcast_8_piece0 in memory on 172.30.1.13:36399 (size: 16.4 KiB, free: 434.3 MiB)
[2026-05-09T14:28:58.917+0000] {subprocess.py:106} INFO - 26/05/09 14:28:58 INFO SparkContext: Created broadcast 8 from broadcast at DAGScheduler.scala:1580
[2026-05-09T14:28:58.918+0000] {subprocess.py:106} INFO - 26/05/09 14:28:58 INFO DAGScheduler: Submitting 2 missing tasks from ResultStage 5 (MapPartitionsRDD[29] at mapPartitionsWithIndex at CloudStorageOperations.scala:796) (first 15 tasks are for partitions Vector(0, 1))
[2026-05-09T14:28:58.919+0000] {subprocess.py:106} INFO - 26/05/09 14:28:58 INFO YarnScheduler: Adding task set 5.0 with 2 tasks resource profile 0
[2026-05-09T14:28:58.921+0000] {subprocess.py:106} INFO - 26/05/09 14:28:58 INFO TaskSetManager: Starting task 0.0 in stage 5.0 (TID 6) (00a554289257, executor 1, partition 0, RACK_LOCAL, 8310 bytes)
[2026-05-09T14:28:58.922+0000] {subprocess.py:106} INFO - 26/05/09 14:28:58 INFO TaskSetManager: Starting task 1.0 in stage 5.0 (TID 7) (6303bebb27dc, executor 2, partition 1, RACK_LOCAL, 8310 bytes)
[2026-05-09T14:28:58.944+0000] {subprocess.py:106} INFO - 26/05/09 14:28:58 INFO BlockManagerInfo: Added broadcast_8_piece0 in memory on 00a554289257:44789 (size: 16.4 KiB, free: 93.2 MiB)
[2026-05-09T14:28:58.946+0000] {subprocess.py:106} INFO - 26/05/09 14:28:58 INFO BlockManagerInfo: Added broadcast_8_piece0 in memory on 6303bebb27dc:33763 (size: 16.4 KiB, free: 93.3 MiB)
[2026-05-09T14:28:59.042+0000] {subprocess.py:106} INFO - 26/05/09 14:28:59 INFO BlockManagerInfo: Added broadcast_7_piece0 in memory on 00a554289257:44789 (size: 36.3 KiB, free: 93.2 MiB)
[2026-05-09T14:28:59.097+0000] {subprocess.py:106} INFO - 26/05/09 14:28:59 INFO BlockManagerInfo: Added broadcast_7_piece0 in memory on 6303bebb27dc:33763 (size: 36.3 KiB, free: 93.2 MiB)
[2026-05-09T14:28:59.951+0000] {subprocess.py:106} INFO - 26/05/09 14:28:59 INFO TaskSetManager: Finished task 1.0 in stage 5.0 (TID 7) in 1027 ms on 6303bebb27dc (executor 2) (1/2)
[2026-05-09T14:29:00.248+0000] {subprocess.py:106} INFO - 26/05/09 14:29:00 INFO TaskSetManager: Finished task 0.0 in stage 5.0 (TID 6) in 1327 ms on 00a554289257 (executor 1) (2/2)
[2026-05-09T14:29:00.250+0000] {subprocess.py:106} INFO - 26/05/09 14:29:00 INFO YarnScheduler: Removed TaskSet 5.0, whose tasks have all completed, from pool
[2026-05-09T14:29:00.250+0000] {subprocess.py:106} INFO - 26/05/09 14:29:00 INFO DAGScheduler: ResultStage 5 (collect at CloudStorageOperations.scala:813) finished in 1.338 s
[2026-05-09T14:29:00.251+0000] {subprocess.py:106} INFO - 26/05/09 14:29:00 INFO DAGScheduler: Job 5 is finished. Cancelling potential speculative or zombie tasks for this job
[2026-05-09T14:29:00.251+0000] {subprocess.py:106} INFO - 26/05/09 14:29:00 INFO YarnScheduler: Killing all running tasks in stage 5: Stage finished
[2026-05-09T14:29:00.252+0000] {subprocess.py:106} INFO - 26/05/09 14:29:00 INFO DAGScheduler: Job 5 finished: collect at CloudStorageOperations.scala:813, took 1.344062 s
[2026-05-09T14:29:00.253+0000] {subprocess.py:106} INFO - 26/05/09 14:29:00 INFO StageWriter$: writeToTableWithStagingTable: check table existence with "ECOMMERCE_DB"."GOLD_LAYER".DIM_PRODUCT for DIM_PRODUCT
[2026-05-09T14:29:00.253+0000] {subprocess.py:106} INFO - 26/05/09 14:29:00 INFO SnowflakeSQLStatement: Spark Connector Master: execute query with bind variable: desc table identifier(?)
[2026-05-09T14:29:00.359+0000] {subprocess.py:106} INFO - 26/05/09 14:29:00 INFO SnowflakeSQLStatement: Spark Connector Master: execute query with bind variable: create   table if not exists identifier(?) ("PRODUCT_ID" STRING ,"PRODUCT_CATEGORY_NAME" STRING ,"PRODUCT_WEIGHT_G" DOUBLE ,"PRODUCT_LENGTH_CM" DOUBLE ,"PRODUCT_HEIGHT_CM" DOUBLE ,"PRODUCT_WIDTH_CM" DOUBLE )
[2026-05-09T14:29:00.586+0000] {subprocess.py:106} INFO - 26/05/09 14:29:00 INFO StageWriter$: Begin to write at 2026-05-09T14:29:00.584945061 (Coordinated Universal Time)
[2026-05-09T14:29:00.587+0000] {subprocess.py:106} INFO - 26/05/09 14:29:00 INFO StageWriter$: Total file count is 2, non-empty files count is 2, total file size is 2.32 MB, total row count is 32.18 KB.
[2026-05-09T14:29:00.588+0000] {subprocess.py:106} INFO - 26/05/09 14:29:00 INFO StageWriter$: Now executing below command to write into table:
[2026-05-09T14:29:00.589+0000] {subprocess.py:106} INFO - copy into DIM_PRODUCT_staging_1264795012 FROM @spark_connector_load_stage_ApAuptQwwM/Mtu447sm2y/
[2026-05-09T14:29:00.590+0000] {subprocess.py:106} INFO - FILE_FORMAT = (
[2026-05-09T14:29:00.591+0000] {subprocess.py:106} INFO -     TYPE=CSV
[2026-05-09T14:29:00.591+0000] {subprocess.py:106} INFO -     FIELD_DELIMITER='|'
[2026-05-09T14:29:00.592+0000] {subprocess.py:106} INFO -     NULL_IF=()
[2026-05-09T14:29:00.592+0000] {subprocess.py:106} INFO -     FIELD_OPTIONALLY_ENCLOSED_BY='"'
[2026-05-09T14:29:00.593+0000] {subprocess.py:106} INFO -     TIMESTAMP_FORMAT='TZHTZM YYYY-MM-DD HH24:MI:SS.FF9'
[2026-05-09T14:29:00.593+0000] {subprocess.py:106} INFO -     DATE_FORMAT='TZHTZM YYYY-MM-DD HH24:MI:SS.FF9'
[2026-05-09T14:29:00.594+0000] {subprocess.py:106} INFO -     BINARY_FORMAT=BASE64
[2026-05-09T14:29:00.594+0000] {subprocess.py:106} INFO -   )
[2026-05-09T14:29:00.595+0000] {subprocess.py:106} INFO - 
[2026-05-09T14:29:00.595+0000] {subprocess.py:106} INFO - 26/05/09 14:29:00 INFO SnowflakeSQLStatement: Spark Connector Master: execute query with bind variable: copy into DIM_PRODUCT_staging_1264795012 FROM @spark_connector_load_stage_ApAuptQwwM/Mtu447sm2y/
[2026-05-09T14:29:00.596+0000] {subprocess.py:106} INFO - FILE_FORMAT = (
[2026-05-09T14:29:00.596+0000] {subprocess.py:106} INFO -     TYPE=CSV
[2026-05-09T14:29:00.597+0000] {subprocess.py:106} INFO -     FIELD_DELIMITER='|'
[2026-05-09T14:29:00.597+0000] {subprocess.py:106} INFO -     NULL_IF=()
[2026-05-09T14:29:00.597+0000] {subprocess.py:106} INFO -     FIELD_OPTIONALLY_ENCLOSED_BY='"'
[2026-05-09T14:29:00.598+0000] {subprocess.py:106} INFO -     TIMESTAMP_FORMAT='TZHTZM YYYY-MM-DD HH24:MI:SS.FF9'
[2026-05-09T14:29:00.598+0000] {subprocess.py:106} INFO -     DATE_FORMAT='TZHTZM YYYY-MM-DD HH24:MI:SS.FF9'
[2026-05-09T14:29:00.599+0000] {subprocess.py:106} INFO -     BINARY_FORMAT=BASE64
[2026-05-09T14:29:00.599+0000] {subprocess.py:106} INFO -   )
[2026-05-09T14:29:00.599+0000] {subprocess.py:106} INFO - 
[2026-05-09T14:29:00.673+0000] {subprocess.py:106} INFO - 26/05/09 14:29:00 INFO SparkConnectorContext$: Add running query for application_1778334521111_0013 session: 301291955998810 queryId: 01c44125-0000-d2b7-0001-120600076312
[2026-05-09T14:29:00.673+0000] {subprocess.py:106} INFO - 26/05/09 14:29:00 INFO StageWriter$: The query ID for async writing into table command is: 01c44125-0000-d2b7-0001-120600076312; The query ID URL is:
[2026-05-09T14:29:00.674+0000] {subprocess.py:106} INFO - https://yjmwqyd-am21544.snowflakecomputing.com/console#/monitoring/queries/detail?queryId=01c44125-0000-d2b7-0001-120600076312
[2026-05-09T14:29:01.601+0000] {subprocess.py:106} INFO - 26/05/09 14:29:01 INFO SparkConnectorContext$: Remove running query for application_1778334521111_0013 session: 301291955998810 queryId: 01c44125-0000-d2b7-0001-120600076312
[2026-05-09T14:29:01.602+0000] {subprocess.py:106} INFO - 26/05/09 14:29:01 INFO StageWriter$: First COPY command is done in 1.01 seconds at 2026-05-09T14:29:01.598122173, queryID is 01c44125-0000-d2b7-0001-120600076312
[2026-05-09T14:29:01.603+0000] {subprocess.py:106} INFO - 26/05/09 14:29:01 INFO StageWriter$: Succeed to write in 1.01 seconds at 2026-05-09T14:29:01.599031330
[2026-05-09T14:29:01.605+0000] {subprocess.py:106} INFO - 26/05/09 14:29:01 INFO SnowflakeSQLStatement: Spark Connector Master: execute query with bind variable: alter table identifier(?) swap with identifier(?)
[2026-05-09T14:29:01.733+0000] {subprocess.py:106} INFO - 26/05/09 14:29:01 INFO SnowflakeSQLStatement: Spark Connector Master: execute query with bind variable: drop table identifier(?)
[2026-05-09T14:29:01.870+0000] {subprocess.py:106} INFO - 26/05/09 14:29:01 INFO StageWriter$: Spark Connector Master: Total job time is 3.10 seconds including read & upload time: 1.48 seconds and COPY time: 1.62 seconds.
[2026-05-09T14:29:01.871+0000] {subprocess.py:106} INFO - 26/05/09 14:29:01 WARN SnowflakeConnectorUtils$: Query pushdown is not supported because you are using Spark 3.5.0 with a connector designed to support Spark 3.3. Either use the version of Spark supported by the connector or install a version of the connector that supports your version of Spark.
[2026-05-09T14:29:01.871+0000] {subprocess.py:106} INFO - 26/05/09 14:29:01 INFO ServerConnection$: Create ServerConnection with cached JDBC connection: 301291955998810
[2026-05-09T14:29:01.872+0000] {subprocess.py:106} INFO - 26/05/09 14:29:01 INFO SnowflakeSQLStatement: Spark Connector Master: execute query with bind variable: select * from DIM_PRODUCT where 1 = 0
[2026-05-09T14:29:01.995+0000] {subprocess.py:106} INFO - ✅ dim_product loaded successfully!
[2026-05-09T14:29:01.997+0000] {subprocess.py:106} INFO - 📤 Loading dim_seller to Snowflake...
[2026-05-09T14:29:02.017+0000] {subprocess.py:106} INFO - 26/05/09 14:29:02 INFO InMemoryFileIndex: It took 5 ms to list leaf files for 1 paths.
[2026-05-09T14:29:02.044+0000] {subprocess.py:106} INFO - 26/05/09 14:29:02 INFO SparkContext: Starting job: parquet at NativeMethodAccessorImpl.java:0
[2026-05-09T14:29:02.047+0000] {subprocess.py:106} INFO - 26/05/09 14:29:02 INFO DAGScheduler: Got job 6 (parquet at NativeMethodAccessorImpl.java:0) with 1 output partitions
[2026-05-09T14:29:02.047+0000] {subprocess.py:106} INFO - 26/05/09 14:29:02 INFO DAGScheduler: Final stage: ResultStage 6 (parquet at NativeMethodAccessorImpl.java:0)
[2026-05-09T14:29:02.048+0000] {subprocess.py:106} INFO - 26/05/09 14:29:02 INFO DAGScheduler: Parents of final stage: List()
[2026-05-09T14:29:02.048+0000] {subprocess.py:106} INFO - 26/05/09 14:29:02 INFO DAGScheduler: Missing parents: List()
[2026-05-09T14:29:02.049+0000] {subprocess.py:106} INFO - 26/05/09 14:29:02 INFO DAGScheduler: Submitting ResultStage 6 (MapPartitionsRDD[31] at parquet at NativeMethodAccessorImpl.java:0), which has no missing parents
[2026-05-09T14:29:02.057+0000] {subprocess.py:106} INFO - 26/05/09 14:29:02 INFO MemoryStore: Block broadcast_9 stored as values in memory (estimated size 105.0 KiB, free 433.8 MiB)
[2026-05-09T14:29:02.067+0000] {subprocess.py:106} INFO - 26/05/09 14:29:02 INFO MemoryStore: Block broadcast_9_piece0 stored as bytes in memory (estimated size 38.2 KiB, free 433.7 MiB)
[2026-05-09T14:29:02.071+0000] {subprocess.py:106} INFO - 26/05/09 14:29:02 INFO BlockManagerInfo: Added broadcast_9_piece0 in memory on 172.30.1.13:36399 (size: 38.2 KiB, free: 434.3 MiB)
[2026-05-09T14:29:02.076+0000] {subprocess.py:106} INFO - 26/05/09 14:29:02 INFO BlockManagerInfo: Removed broadcast_7_piece0 on 172.30.1.13:36399 in memory (size: 36.3 KiB, free: 434.3 MiB)
[2026-05-09T14:29:02.078+0000] {subprocess.py:106} INFO - 26/05/09 14:29:02 INFO SparkContext: Created broadcast 9 from broadcast at DAGScheduler.scala:1580
[2026-05-09T14:29:02.079+0000] {subprocess.py:106} INFO - 26/05/09 14:29:02 INFO DAGScheduler: Submitting 1 missing tasks from ResultStage 6 (MapPartitionsRDD[31] at parquet at NativeMethodAccessorImpl.java:0) (first 15 tasks are for partitions Vector(0))
[2026-05-09T14:29:02.080+0000] {subprocess.py:106} INFO - 26/05/09 14:29:02 INFO YarnScheduler: Adding task set 6.0 with 1 tasks resource profile 0
[2026-05-09T14:29:02.081+0000] {subprocess.py:106} INFO - 26/05/09 14:29:02 INFO BlockManagerInfo: Removed broadcast_7_piece0 on 00a554289257:44789 in memory (size: 36.3 KiB, free: 93.2 MiB)
[2026-05-09T14:29:02.082+0000] {subprocess.py:106} INFO - 26/05/09 14:29:02 INFO BlockManagerInfo: Removed broadcast_7_piece0 on 6303bebb27dc:33763 in memory (size: 36.3 KiB, free: 93.3 MiB)
[2026-05-09T14:29:02.082+0000] {subprocess.py:106} INFO - 26/05/09 14:29:02 INFO TaskSetManager: Starting task 0.0 in stage 6.0 (TID 8) (6303bebb27dc, executor 2, partition 0, PROCESS_LOCAL, 7841 bytes)
[2026-05-09T14:29:02.089+0000] {subprocess.py:106} INFO - 26/05/09 14:29:02 INFO BlockManagerInfo: Removed broadcast_8_piece0 on 172.30.1.13:36399 in memory (size: 16.4 KiB, free: 434.3 MiB)
[2026-05-09T14:29:02.090+0000] {subprocess.py:106} INFO - 26/05/09 14:29:02 INFO BlockManagerInfo: Removed broadcast_8_piece0 on 00a554289257:44789 in memory (size: 16.4 KiB, free: 93.3 MiB)
[2026-05-09T14:29:02.091+0000] {subprocess.py:106} INFO - 26/05/09 14:29:02 INFO BlockManagerInfo: Removed broadcast_8_piece0 on 6303bebb27dc:33763 in memory (size: 16.4 KiB, free: 93.3 MiB)
[2026-05-09T14:29:02.098+0000] {subprocess.py:106} INFO - 26/05/09 14:29:02 INFO BlockManagerInfo: Added broadcast_9_piece0 in memory on 6303bebb27dc:33763 (size: 38.2 KiB, free: 93.3 MiB)
[2026-05-09T14:29:02.127+0000] {subprocess.py:106} INFO - 26/05/09 14:29:02 INFO TaskSetManager: Finished task 0.0 in stage 6.0 (TID 8) in 54 ms on 6303bebb27dc (executor 2) (1/1)
[2026-05-09T14:29:02.128+0000] {subprocess.py:106} INFO - 26/05/09 14:29:02 INFO YarnScheduler: Removed TaskSet 6.0, whose tasks have all completed, from pool
[2026-05-09T14:29:02.128+0000] {subprocess.py:106} INFO - 26/05/09 14:29:02 INFO DAGScheduler: ResultStage 6 (parquet at NativeMethodAccessorImpl.java:0) finished in 0.079 s
[2026-05-09T14:29:02.129+0000] {subprocess.py:106} INFO - 26/05/09 14:29:02 INFO DAGScheduler: Job 6 is finished. Cancelling potential speculative or zombie tasks for this job
[2026-05-09T14:29:02.130+0000] {subprocess.py:106} INFO - 26/05/09 14:29:02 INFO YarnScheduler: Killing all running tasks in stage 6: Stage finished
[2026-05-09T14:29:02.130+0000] {subprocess.py:106} INFO - 26/05/09 14:29:02 INFO DAGScheduler: Job 6 finished: parquet at NativeMethodAccessorImpl.java:0, took 0.084481 s
[2026-05-09T14:29:02.163+0000] {subprocess.py:106} INFO - 26/05/09 14:29:02 WARN SnowflakeConnectorUtils$: Query pushdown is not supported because you are using Spark 3.5.0 with a connector designed to support Spark 3.3. Either use the version of Spark supported by the connector or install a version of the connector that supports your version of Spark.
[2026-05-09T14:29:02.177+0000] {subprocess.py:106} INFO - 26/05/09 14:29:02 INFO FileSourceStrategy: Pushed Filters:
[2026-05-09T14:29:02.178+0000] {subprocess.py:106} INFO - 26/05/09 14:29:02 INFO FileSourceStrategy: Post-Scan Filters:
[2026-05-09T14:29:02.199+0000] {subprocess.py:106} INFO - 26/05/09 14:29:02 INFO CodeGenerator: Code generated in 16.360452 ms
[2026-05-09T14:29:02.205+0000] {subprocess.py:106} INFO - 26/05/09 14:29:02 INFO MemoryStore: Block broadcast_10 stored as values in memory (estimated size 208.9 KiB, free 433.8 MiB)
[2026-05-09T14:29:02.212+0000] {subprocess.py:106} INFO - 26/05/09 14:29:02 INFO MemoryStore: Block broadcast_10_piece0 stored as bytes in memory (estimated size 36.0 KiB, free 433.8 MiB)
[2026-05-09T14:29:02.213+0000] {subprocess.py:106} INFO - 26/05/09 14:29:02 INFO BlockManagerInfo: Added broadcast_10_piece0 in memory on 172.30.1.13:36399 (size: 36.0 KiB, free: 434.3 MiB)
[2026-05-09T14:29:02.215+0000] {subprocess.py:106} INFO - 26/05/09 14:29:02 INFO SparkContext: Created broadcast 10 from rdd at SnowflakeWriter.scala:87
[2026-05-09T14:29:02.217+0000] {subprocess.py:106} INFO - 26/05/09 14:29:02 INFO FileSourceScanExec: Planning scan with bin packing, max size: 4194304 bytes, open cost is considered as scanning 4194304 bytes.
[2026-05-09T14:29:02.228+0000] {subprocess.py:106} INFO - 26/05/09 14:29:02 INFO ServerConnection$: Create ServerConnection with cached JDBC connection: 301291955998810
[2026-05-09T14:29:02.229+0000] {subprocess.py:106} INFO - 26/05/09 14:29:02 INFO SnowflakeSQLStatement: Spark Connector Master: execute query with bind variable: alter session set timezone = 'Etc/UTC' , timestamp_ntz_output_format = 'YYYY-MM-DD HH24:MI:SS.FF3', timestamp_ltz_output_format = 'TZHTZM YYYY-MM-DD HH24:MI:SS.FF3', timestamp_tz_output_format = 'TZHTZM YYYY-MM-DD HH24:MI:SS.FF3' ;
[2026-05-09T14:29:02.331+0000] {subprocess.py:106} INFO - 26/05/09 14:29:02 INFO SnowflakeSQLStatement: Spark Connector Master: execute query with bind variable: create  temporary stage if not exists identifier(?)
[2026-05-09T14:29:02.719+0000] {subprocess.py:106} INFO - 26/05/09 14:29:02 INFO CloudStorageOperations$: Spark Connector Master: Begin to process and upload data for 1 partitions: directory=LlHloFqQZj CSV true
[2026-05-09T14:29:02.729+0000] {subprocess.py:106} INFO - 26/05/09 14:29:02 INFO SparkContext: Starting job: collect at CloudStorageOperations.scala:813
[2026-05-09T14:29:02.732+0000] {subprocess.py:106} INFO - 26/05/09 14:29:02 INFO DAGScheduler: Got job 7 (collect at CloudStorageOperations.scala:813) with 1 output partitions
[2026-05-09T14:29:02.732+0000] {subprocess.py:106} INFO - 26/05/09 14:29:02 INFO DAGScheduler: Final stage: ResultStage 7 (collect at CloudStorageOperations.scala:813)
[2026-05-09T14:29:02.733+0000] {subprocess.py:106} INFO - 26/05/09 14:29:02 INFO DAGScheduler: Parents of final stage: List()
[2026-05-09T14:29:02.733+0000] {subprocess.py:106} INFO - 26/05/09 14:29:02 INFO DAGScheduler: Missing parents: List()
[2026-05-09T14:29:02.734+0000] {subprocess.py:106} INFO - 26/05/09 14:29:02 INFO DAGScheduler: Submitting ResultStage 7 (MapPartitionsRDD[39] at mapPartitionsWithIndex at CloudStorageOperations.scala:796), which has no missing parents
[2026-05-09T14:29:02.736+0000] {subprocess.py:106} INFO - 26/05/09 14:29:02 INFO MemoryStore: Block broadcast_11 stored as values in memory (estimated size 34.1 KiB, free 433.7 MiB)
[2026-05-09T14:29:02.744+0000] {subprocess.py:106} INFO - 26/05/09 14:29:02 INFO MemoryStore: Block broadcast_11_piece0 stored as bytes in memory (estimated size 15.6 KiB, free 433.7 MiB)
[2026-05-09T14:29:02.749+0000] {subprocess.py:106} INFO - 26/05/09 14:29:02 INFO BlockManagerInfo: Added broadcast_11_piece0 in memory on 172.30.1.13:36399 (size: 15.6 KiB, free: 434.3 MiB)
[2026-05-09T14:29:02.750+0000] {subprocess.py:106} INFO - 26/05/09 14:29:02 INFO BlockManagerInfo: Removed broadcast_9_piece0 on 172.30.1.13:36399 in memory (size: 38.2 KiB, free: 434.3 MiB)
[2026-05-09T14:29:02.750+0000] {subprocess.py:106} INFO - 26/05/09 14:29:02 INFO SparkContext: Created broadcast 11 from broadcast at DAGScheduler.scala:1580
[2026-05-09T14:29:02.751+0000] {subprocess.py:106} INFO - 26/05/09 14:29:02 INFO BlockManagerInfo: Removed broadcast_9_piece0 on 6303bebb27dc:33763 in memory (size: 38.2 KiB, free: 93.3 MiB)
[2026-05-09T14:29:02.752+0000] {subprocess.py:106} INFO - 26/05/09 14:29:02 INFO DAGScheduler: Submitting 1 missing tasks from ResultStage 7 (MapPartitionsRDD[39] at mapPartitionsWithIndex at CloudStorageOperations.scala:796) (first 15 tasks are for partitions Vector(0))
[2026-05-09T14:29:02.753+0000] {subprocess.py:106} INFO - 26/05/09 14:29:02 INFO YarnScheduler: Adding task set 7.0 with 1 tasks resource profile 0
[2026-05-09T14:29:02.755+0000] {subprocess.py:106} INFO - 26/05/09 14:29:02 INFO TaskSetManager: Starting task 0.0 in stage 7.0 (TID 9) (00a554289257, executor 1, partition 0, RACK_LOCAL, 8309 bytes)
[2026-05-09T14:29:02.773+0000] {subprocess.py:106} INFO - 26/05/09 14:29:02 INFO BlockManagerInfo: Added broadcast_11_piece0 in memory on 00a554289257:44789 (size: 15.6 KiB, free: 93.2 MiB)
[2026-05-09T14:29:02.834+0000] {subprocess.py:106} INFO - 26/05/09 14:29:02 INFO BlockManagerInfo: Added broadcast_10_piece0 in memory on 00a554289257:44789 (size: 36.0 KiB, free: 93.2 MiB)
[2026-05-09T14:29:03.201+0000] {subprocess.py:106} INFO - 26/05/09 14:29:03 INFO TaskSetManager: Finished task 0.0 in stage 7.0 (TID 9) in 447 ms on 00a554289257 (executor 1) (1/1)
[2026-05-09T14:29:03.203+0000] {subprocess.py:106} INFO - 26/05/09 14:29:03 INFO YarnScheduler: Removed TaskSet 7.0, whose tasks have all completed, from pool
[2026-05-09T14:29:03.205+0000] {subprocess.py:106} INFO - 26/05/09 14:29:03 INFO DAGScheduler: ResultStage 7 (collect at CloudStorageOperations.scala:813) finished in 0.468 s
[2026-05-09T14:29:03.206+0000] {subprocess.py:106} INFO - 26/05/09 14:29:03 INFO DAGScheduler: Job 7 is finished. Cancelling potential speculative or zombie tasks for this job
[2026-05-09T14:29:03.206+0000] {subprocess.py:106} INFO - 26/05/09 14:29:03 INFO YarnScheduler: Killing all running tasks in stage 7: Stage finished
[2026-05-09T14:29:03.206+0000] {subprocess.py:106} INFO - 26/05/09 14:29:03 INFO DAGScheduler: Job 7 finished: collect at CloudStorageOperations.scala:813, took 0.473990 s
[2026-05-09T14:29:03.207+0000] {subprocess.py:106} INFO - 26/05/09 14:29:03 INFO StageWriter$: writeToTableWithStagingTable: check table existence with "ECOMMERCE_DB"."GOLD_LAYER".DIM_SELLER for DIM_SELLER
[2026-05-09T14:29:03.207+0000] {subprocess.py:106} INFO - 26/05/09 14:29:03 INFO SnowflakeSQLStatement: Spark Connector Master: execute query with bind variable: desc table identifier(?)
[2026-05-09T14:29:03.300+0000] {subprocess.py:106} INFO - 26/05/09 14:29:03 INFO SnowflakeSQLStatement: Spark Connector Master: execute query with bind variable: create   table if not exists identifier(?) ("SELLER_ID" STRING ,"SELLER_CITY" STRING ,"SELLER_STATE" STRING )
[2026-05-09T14:29:03.485+0000] {subprocess.py:106} INFO - 26/05/09 14:29:03 INFO StageWriter$: Begin to write at 2026-05-09T14:29:03.484018974 (Coordinated Universal Time)
[2026-05-09T14:29:03.487+0000] {subprocess.py:106} INFO - 26/05/09 14:29:03 INFO StageWriter$: Total file count is 1, non-empty files count is 1, total file size is 160.70 KB, total row count is 3.02 KB.
[2026-05-09T14:29:03.488+0000] {subprocess.py:106} INFO - 26/05/09 14:29:03 INFO StageWriter$: Now executing below command to write into table:
[2026-05-09T14:29:03.488+0000] {subprocess.py:106} INFO - copy into DIM_SELLER_staging_424175471 FROM @spark_connector_load_stage_fgQsg4I15E/LlHloFqQZj/
[2026-05-09T14:29:03.489+0000] {subprocess.py:106} INFO - FILE_FORMAT = (
[2026-05-09T14:29:03.489+0000] {subprocess.py:106} INFO -     TYPE=CSV
[2026-05-09T14:29:03.490+0000] {subprocess.py:106} INFO -     FIELD_DELIMITER='|'
[2026-05-09T14:29:03.490+0000] {subprocess.py:106} INFO -     NULL_IF=()
[2026-05-09T14:29:03.490+0000] {subprocess.py:106} INFO -     FIELD_OPTIONALLY_ENCLOSED_BY='"'
[2026-05-09T14:29:03.491+0000] {subprocess.py:106} INFO -     TIMESTAMP_FORMAT='TZHTZM YYYY-MM-DD HH24:MI:SS.FF9'
[2026-05-09T14:29:03.491+0000] {subprocess.py:106} INFO -     DATE_FORMAT='TZHTZM YYYY-MM-DD HH24:MI:SS.FF9'
[2026-05-09T14:29:03.492+0000] {subprocess.py:106} INFO -     BINARY_FORMAT=BASE64
[2026-05-09T14:29:03.492+0000] {subprocess.py:106} INFO -   )
[2026-05-09T14:29:03.493+0000] {subprocess.py:106} INFO - 
[2026-05-09T14:29:03.493+0000] {subprocess.py:106} INFO - 26/05/09 14:29:03 INFO SnowflakeSQLStatement: Spark Connector Master: execute query with bind variable: copy into DIM_SELLER_staging_424175471 FROM @spark_connector_load_stage_fgQsg4I15E/LlHloFqQZj/
[2026-05-09T14:29:03.493+0000] {subprocess.py:106} INFO - FILE_FORMAT = (
[2026-05-09T14:29:03.494+0000] {subprocess.py:106} INFO -     TYPE=CSV
[2026-05-09T14:29:03.494+0000] {subprocess.py:106} INFO -     FIELD_DELIMITER='|'
[2026-05-09T14:29:03.495+0000] {subprocess.py:106} INFO -     NULL_IF=()
[2026-05-09T14:29:03.495+0000] {subprocess.py:106} INFO -     FIELD_OPTIONALLY_ENCLOSED_BY='"'
[2026-05-09T14:29:03.496+0000] {subprocess.py:106} INFO -     TIMESTAMP_FORMAT='TZHTZM YYYY-MM-DD HH24:MI:SS.FF9'
[2026-05-09T14:29:03.496+0000] {subprocess.py:106} INFO -     DATE_FORMAT='TZHTZM YYYY-MM-DD HH24:MI:SS.FF9'
[2026-05-09T14:29:03.496+0000] {subprocess.py:106} INFO -     BINARY_FORMAT=BASE64
[2026-05-09T14:29:03.497+0000] {subprocess.py:106} INFO -   )
[2026-05-09T14:29:03.497+0000] {subprocess.py:106} INFO - 
[2026-05-09T14:29:03.573+0000] {subprocess.py:106} INFO - 26/05/09 14:29:03 INFO SparkConnectorContext$: Add running query for application_1778334521111_0013 session: 301291955998810 queryId: 01c44125-0000-d2b7-0001-120600076326
[2026-05-09T14:29:03.574+0000] {subprocess.py:106} INFO - 26/05/09 14:29:03 INFO StageWriter$: The query ID for async writing into table command is: 01c44125-0000-d2b7-0001-120600076326; The query ID URL is:
[2026-05-09T14:29:03.575+0000] {subprocess.py:106} INFO - https://yjmwqyd-am21544.snowflakecomputing.com/console#/monitoring/queries/detail?queryId=01c44125-0000-d2b7-0001-120600076326
[2026-05-09T14:29:04.483+0000] {subprocess.py:106} INFO - 26/05/09 14:29:04 INFO SparkConnectorContext$: Remove running query for application_1778334521111_0013 session: 301291955998810 queryId: 01c44125-0000-d2b7-0001-120600076326
[2026-05-09T14:29:04.484+0000] {subprocess.py:106} INFO - 26/05/09 14:29:04 INFO StageWriter$: First COPY command is done in 997 ms at 2026-05-09T14:29:04.482000053, queryID is 01c44125-0000-d2b7-0001-120600076326
[2026-05-09T14:29:04.485+0000] {subprocess.py:106} INFO - 26/05/09 14:29:04 INFO StageWriter$: Succeed to write in 999 ms at 2026-05-09T14:29:04.483846751
[2026-05-09T14:29:04.489+0000] {subprocess.py:106} INFO - 26/05/09 14:29:04 INFO SnowflakeSQLStatement: Spark Connector Master: execute query with bind variable: alter table identifier(?) swap with identifier(?)
[2026-05-09T14:29:04.607+0000] {subprocess.py:106} INFO - 26/05/09 14:29:04 INFO SnowflakeSQLStatement: Spark Connector Master: execute query with bind variable: drop table identifier(?)
[2026-05-09T14:29:04.745+0000] {subprocess.py:106} INFO - 26/05/09 14:29:04 INFO StageWriter$: Spark Connector Master: Total job time is 2.15 seconds including read & upload time: 612 ms and COPY time: 1.54 seconds.
[2026-05-09T14:29:04.746+0000] {subprocess.py:106} INFO - 26/05/09 14:29:04 WARN SnowflakeConnectorUtils$: Query pushdown is not supported because you are using Spark 3.5.0 with a connector designed to support Spark 3.3. Either use the version of Spark supported by the connector or install a version of the connector that supports your version of Spark.
[2026-05-09T14:29:04.748+0000] {subprocess.py:106} INFO - 26/05/09 14:29:04 INFO ServerConnection$: Create ServerConnection with cached JDBC connection: 301291955998810
[2026-05-09T14:29:04.748+0000] {subprocess.py:106} INFO - 26/05/09 14:29:04 INFO SnowflakeSQLStatement: Spark Connector Master: execute query with bind variable: select * from DIM_SELLER where 1 = 0
[2026-05-09T14:29:04.870+0000] {subprocess.py:106} INFO - ✅ dim_seller loaded successfully!
[2026-05-09T14:29:04.871+0000] {subprocess.py:106} INFO - 📤 Loading fact_orders to Snowflake...
[2026-05-09T14:29:04.899+0000] {subprocess.py:106} INFO - 26/05/09 14:29:04 INFO InMemoryFileIndex: It took 7 ms to list leaf files for 1 paths.
[2026-05-09T14:29:04.926+0000] {subprocess.py:106} INFO - 26/05/09 14:29:04 INFO SparkContext: Starting job: parquet at NativeMethodAccessorImpl.java:0
[2026-05-09T14:29:04.929+0000] {subprocess.py:106} INFO - 26/05/09 14:29:04 INFO DAGScheduler: Got job 8 (parquet at NativeMethodAccessorImpl.java:0) with 1 output partitions
[2026-05-09T14:29:04.930+0000] {subprocess.py:106} INFO - 26/05/09 14:29:04 INFO DAGScheduler: Final stage: ResultStage 8 (parquet at NativeMethodAccessorImpl.java:0)
[2026-05-09T14:29:04.931+0000] {subprocess.py:106} INFO - 26/05/09 14:29:04 INFO DAGScheduler: Parents of final stage: List()
[2026-05-09T14:29:04.931+0000] {subprocess.py:106} INFO - 26/05/09 14:29:04 INFO DAGScheduler: Missing parents: List()
[2026-05-09T14:29:04.932+0000] {subprocess.py:106} INFO - 26/05/09 14:29:04 INFO DAGScheduler: Submitting ResultStage 8 (MapPartitionsRDD[41] at parquet at NativeMethodAccessorImpl.java:0), which has no missing parents
[2026-05-09T14:29:04.938+0000] {subprocess.py:106} INFO - 26/05/09 14:29:04 INFO MemoryStore: Block broadcast_12 stored as values in memory (estimated size 105.0 KiB, free 433.8 MiB)
[2026-05-09T14:29:04.942+0000] {subprocess.py:106} INFO - 26/05/09 14:29:04 INFO MemoryStore: Block broadcast_12_piece0 stored as bytes in memory (estimated size 38.2 KiB, free 433.7 MiB)
[2026-05-09T14:29:04.946+0000] {subprocess.py:106} INFO - 26/05/09 14:29:04 INFO BlockManagerInfo: Added broadcast_12_piece0 in memory on 172.30.1.13:36399 (size: 38.2 KiB, free: 434.3 MiB)
[2026-05-09T14:29:04.949+0000] {subprocess.py:106} INFO - 26/05/09 14:29:04 INFO SparkContext: Created broadcast 12 from broadcast at DAGScheduler.scala:1580
[2026-05-09T14:29:04.950+0000] {subprocess.py:106} INFO - 26/05/09 14:29:04 INFO DAGScheduler: Submitting 1 missing tasks from ResultStage 8 (MapPartitionsRDD[41] at parquet at NativeMethodAccessorImpl.java:0) (first 15 tasks are for partitions Vector(0))
[2026-05-09T14:29:04.951+0000] {subprocess.py:106} INFO - 26/05/09 14:29:04 INFO YarnScheduler: Adding task set 8.0 with 1 tasks resource profile 0
[2026-05-09T14:29:04.953+0000] {subprocess.py:106} INFO - 26/05/09 14:29:04 INFO TaskSetManager: Starting task 0.0 in stage 8.0 (TID 10) (00a554289257, executor 1, partition 0, PROCESS_LOCAL, 7842 bytes)
[2026-05-09T14:29:04.969+0000] {subprocess.py:106} INFO - 26/05/09 14:29:04 INFO BlockManagerInfo: Added broadcast_12_piece0 in memory on 00a554289257:44789 (size: 38.2 KiB, free: 93.2 MiB)
[2026-05-09T14:29:05.015+0000] {subprocess.py:106} INFO - 26/05/09 14:29:05 INFO TaskSetManager: Finished task 0.0 in stage 8.0 (TID 10) in 66 ms on 00a554289257 (executor 1) (1/1)
[2026-05-09T14:29:05.017+0000] {subprocess.py:106} INFO - 26/05/09 14:29:05 INFO YarnScheduler: Removed TaskSet 8.0, whose tasks have all completed, from pool
[2026-05-09T14:29:05.018+0000] {subprocess.py:106} INFO - 26/05/09 14:29:05 INFO DAGScheduler: ResultStage 8 (parquet at NativeMethodAccessorImpl.java:0) finished in 0.087 s
[2026-05-09T14:29:05.019+0000] {subprocess.py:106} INFO - 26/05/09 14:29:05 INFO DAGScheduler: Job 8 is finished. Cancelling potential speculative or zombie tasks for this job
[2026-05-09T14:29:05.020+0000] {subprocess.py:106} INFO - 26/05/09 14:29:05 INFO YarnScheduler: Killing all running tasks in stage 8: Stage finished
[2026-05-09T14:29:05.021+0000] {subprocess.py:106} INFO - 26/05/09 14:29:05 INFO DAGScheduler: Job 8 finished: parquet at NativeMethodAccessorImpl.java:0, took 0.090970 s
[2026-05-09T14:29:05.074+0000] {subprocess.py:106} INFO - 26/05/09 14:29:05 WARN SnowflakeConnectorUtils$: Query pushdown is not supported because you are using Spark 3.5.0 with a connector designed to support Spark 3.3. Either use the version of Spark supported by the connector or install a version of the connector that supports your version of Spark.
[2026-05-09T14:29:05.098+0000] {subprocess.py:106} INFO - 26/05/09 14:29:05 INFO FileSourceStrategy: Pushed Filters:
[2026-05-09T14:29:05.100+0000] {subprocess.py:106} INFO - 26/05/09 14:29:05 INFO FileSourceStrategy: Post-Scan Filters:
[2026-05-09T14:29:05.145+0000] {subprocess.py:106} INFO - 26/05/09 14:29:05 INFO CodeGenerator: Code generated in 34.503762 ms
[2026-05-09T14:29:05.152+0000] {subprocess.py:106} INFO - 26/05/09 14:29:05 INFO MemoryStore: Block broadcast_13 stored as values in memory (estimated size 210.0 KiB, free 433.5 MiB)
[2026-05-09T14:29:05.168+0000] {subprocess.py:106} INFO - 26/05/09 14:29:05 INFO BlockManagerInfo: Removed broadcast_10_piece0 on 172.30.1.13:36399 in memory (size: 36.0 KiB, free: 434.3 MiB)
[2026-05-09T14:29:05.172+0000] {subprocess.py:106} INFO - 26/05/09 14:29:05 INFO BlockManagerInfo: Removed broadcast_10_piece0 on 00a554289257:44789 in memory (size: 36.0 KiB, free: 93.2 MiB)
[2026-05-09T14:29:05.174+0000] {subprocess.py:106} INFO - 26/05/09 14:29:05 INFO MemoryStore: Block broadcast_13_piece0 stored as bytes in memory (estimated size 36.4 KiB, free 433.7 MiB)
[2026-05-09T14:29:05.177+0000] {subprocess.py:106} INFO - 26/05/09 14:29:05 INFO BlockManagerInfo: Added broadcast_13_piece0 in memory on 172.30.1.13:36399 (size: 36.4 KiB, free: 434.3 MiB)
[2026-05-09T14:29:05.178+0000] {subprocess.py:106} INFO - 26/05/09 14:29:05 INFO SparkContext: Created broadcast 13 from rdd at SnowflakeWriter.scala:87
[2026-05-09T14:29:05.179+0000] {subprocess.py:106} INFO - 26/05/09 14:29:05 INFO FileSourceScanExec: Planning scan with bin packing, max size: 9641316 bytes, open cost is considered as scanning 4194304 bytes.
[2026-05-09T14:29:05.186+0000] {subprocess.py:106} INFO - 26/05/09 14:29:05 INFO BlockManagerInfo: Removed broadcast_11_piece0 on 172.30.1.13:36399 in memory (size: 15.6 KiB, free: 434.3 MiB)
[2026-05-09T14:29:05.193+0000] {subprocess.py:106} INFO - 26/05/09 14:29:05 INFO BlockManagerInfo: Removed broadcast_11_piece0 on 00a554289257:44789 in memory (size: 15.6 KiB, free: 93.2 MiB)
[2026-05-09T14:29:05.197+0000] {subprocess.py:106} INFO - 26/05/09 14:29:05 INFO ServerConnection$: Create ServerConnection with cached JDBC connection: 301291955998810
[2026-05-09T14:29:05.199+0000] {subprocess.py:106} INFO - 26/05/09 14:29:05 INFO SnowflakeSQLStatement: Spark Connector Master: execute query with bind variable: alter session set timezone = 'Etc/UTC' , timestamp_ntz_output_format = 'YYYY-MM-DD HH24:MI:SS.FF3', timestamp_ltz_output_format = 'TZHTZM YYYY-MM-DD HH24:MI:SS.FF3', timestamp_tz_output_format = 'TZHTZM YYYY-MM-DD HH24:MI:SS.FF3' ;
[2026-05-09T14:29:05.203+0000] {subprocess.py:106} INFO - 26/05/09 14:29:05 INFO BlockManagerInfo: Removed broadcast_12_piece0 on 172.30.1.13:36399 in memory (size: 38.2 KiB, free: 434.3 MiB)
[2026-05-09T14:29:05.206+0000] {subprocess.py:106} INFO - 26/05/09 14:29:05 INFO BlockManagerInfo: Removed broadcast_12_piece0 on 00a554289257:44789 in memory (size: 38.2 KiB, free: 93.3 MiB)
[2026-05-09T14:29:05.298+0000] {subprocess.py:106} INFO - 26/05/09 14:29:05 INFO SnowflakeSQLStatement: Spark Connector Master: execute query with bind variable: create  temporary stage if not exists identifier(?)
[2026-05-09T14:29:05.705+0000] {subprocess.py:106} INFO - 26/05/09 14:29:05 INFO CloudStorageOperations$: Spark Connector Master: Begin to process and upload data for 2 partitions: directory=IsJIxWNoQa CSV true
[2026-05-09T14:29:05.714+0000] {subprocess.py:106} INFO - 26/05/09 14:29:05 INFO SparkContext: Starting job: collect at CloudStorageOperations.scala:813
[2026-05-09T14:29:05.715+0000] {subprocess.py:106} INFO - 26/05/09 14:29:05 INFO DAGScheduler: Got job 9 (collect at CloudStorageOperations.scala:813) with 2 output partitions
[2026-05-09T14:29:05.716+0000] {subprocess.py:106} INFO - 26/05/09 14:29:05 INFO DAGScheduler: Final stage: ResultStage 9 (collect at CloudStorageOperations.scala:813)
[2026-05-09T14:29:05.716+0000] {subprocess.py:106} INFO - 26/05/09 14:29:05 INFO DAGScheduler: Parents of final stage: List()
[2026-05-09T14:29:05.717+0000] {subprocess.py:106} INFO - 26/05/09 14:29:05 INFO DAGScheduler: Missing parents: List()
[2026-05-09T14:29:05.718+0000] {subprocess.py:106} INFO - 26/05/09 14:29:05 INFO DAGScheduler: Submitting ResultStage 9 (MapPartitionsRDD[49] at mapPartitionsWithIndex at CloudStorageOperations.scala:796), which has no missing parents
[2026-05-09T14:29:05.720+0000] {subprocess.py:106} INFO - 26/05/09 14:29:05 INFO MemoryStore: Block broadcast_14 stored as values in memory (estimated size 41.3 KiB, free 433.9 MiB)
[2026-05-09T14:29:05.721+0000] {subprocess.py:106} INFO - 26/05/09 14:29:05 INFO MemoryStore: Block broadcast_14_piece0 stored as bytes in memory (estimated size 17.2 KiB, free 433.9 MiB)
[2026-05-09T14:29:05.722+0000] {subprocess.py:106} INFO - 26/05/09 14:29:05 INFO BlockManagerInfo: Added broadcast_14_piece0 in memory on 172.30.1.13:36399 (size: 17.2 KiB, free: 434.3 MiB)
[2026-05-09T14:29:05.723+0000] {subprocess.py:106} INFO - 26/05/09 14:29:05 INFO SparkContext: Created broadcast 14 from broadcast at DAGScheduler.scala:1580
[2026-05-09T14:29:05.724+0000] {subprocess.py:106} INFO - 26/05/09 14:29:05 INFO DAGScheduler: Submitting 2 missing tasks from ResultStage 9 (MapPartitionsRDD[49] at mapPartitionsWithIndex at CloudStorageOperations.scala:796) (first 15 tasks are for partitions Vector(0, 1))
[2026-05-09T14:29:05.724+0000] {subprocess.py:106} INFO - 26/05/09 14:29:05 INFO YarnScheduler: Adding task set 9.0 with 2 tasks resource profile 0
[2026-05-09T14:29:05.727+0000] {subprocess.py:106} INFO - 26/05/09 14:29:05 INFO TaskSetManager: Starting task 0.0 in stage 9.0 (TID 11) (00a554289257, executor 1, partition 0, RACK_LOCAL, 8310 bytes)
[2026-05-09T14:29:05.728+0000] {subprocess.py:106} INFO - 26/05/09 14:29:05 INFO TaskSetManager: Starting task 1.0 in stage 9.0 (TID 12) (6303bebb27dc, executor 2, partition 1, RACK_LOCAL, 8310 bytes)
[2026-05-09T14:29:05.745+0000] {subprocess.py:106} INFO - 26/05/09 14:29:05 INFO BlockManagerInfo: Added broadcast_14_piece0 in memory on 00a554289257:44789 (size: 17.2 KiB, free: 93.2 MiB)
[2026-05-09T14:29:05.746+0000] {subprocess.py:106} INFO - 26/05/09 14:29:05 INFO BlockManagerInfo: Added broadcast_14_piece0 in memory on 6303bebb27dc:33763 (size: 17.2 KiB, free: 93.3 MiB)
[2026-05-09T14:29:05.857+0000] {subprocess.py:106} INFO - 26/05/09 14:29:05 INFO BlockManagerInfo: Added broadcast_13_piece0 in memory on 00a554289257:44789 (size: 36.4 KiB, free: 93.2 MiB)
[2026-05-09T14:29:05.900+0000] {subprocess.py:106} INFO - 26/05/09 14:29:05 INFO BlockManagerInfo: Added broadcast_13_piece0 in memory on 6303bebb27dc:33763 (size: 36.4 KiB, free: 93.2 MiB)
[2026-05-09T14:29:14.848+0000] {subprocess.py:106} INFO - 26/05/09 14:29:14 INFO TaskSetManager: Finished task 1.0 in stage 9.0 (TID 12) in 9119 ms on 6303bebb27dc (executor 2) (1/2)
[2026-05-09T14:29:16.098+0000] {subprocess.py:106} INFO - 26/05/09 14:29:16 INFO TaskSetManager: Finished task 0.0 in stage 9.0 (TID 11) in 10370 ms on 00a554289257 (executor 1) (2/2)
[2026-05-09T14:29:16.099+0000] {subprocess.py:106} INFO - 26/05/09 14:29:16 INFO YarnScheduler: Removed TaskSet 9.0, whose tasks have all completed, from pool
[2026-05-09T14:29:16.101+0000] {subprocess.py:106} INFO - 26/05/09 14:29:16 INFO DAGScheduler: ResultStage 9 (collect at CloudStorageOperations.scala:813) finished in 10.379 s
[2026-05-09T14:29:16.102+0000] {subprocess.py:106} INFO - 26/05/09 14:29:16 INFO DAGScheduler: Job 9 is finished. Cancelling potential speculative or zombie tasks for this job
[2026-05-09T14:29:16.102+0000] {subprocess.py:106} INFO - 26/05/09 14:29:16 INFO YarnScheduler: Killing all running tasks in stage 9: Stage finished
[2026-05-09T14:29:16.103+0000] {subprocess.py:106} INFO - 26/05/09 14:29:16 INFO DAGScheduler: Job 9 finished: collect at CloudStorageOperations.scala:813, took 10.384648 s
[2026-05-09T14:29:16.104+0000] {subprocess.py:106} INFO - 26/05/09 14:29:16 INFO StageWriter$: writeToTableWithStagingTable: check table existence with "ECOMMERCE_DB"."GOLD_LAYER".FACT_ORDERS for FACT_ORDERS
[2026-05-09T14:29:16.104+0000] {subprocess.py:106} INFO - 26/05/09 14:29:16 INFO SnowflakeSQLStatement: Spark Connector Master: execute query with bind variable: desc table identifier(?)
[2026-05-09T14:29:16.195+0000] {subprocess.py:106} INFO - 26/05/09 14:29:16 INFO StageWriter$: Begin to write at 2026-05-09T14:29:16.193651439 (Coordinated Universal Time)
[2026-05-09T14:29:16.196+0000] {subprocess.py:106} INFO - 26/05/09 14:29:16 INFO StageWriter$: Total file count is 2, non-empty files count is 2, total file size is 25.19 MB, total row count is 115.66 KB.
[2026-05-09T14:29:16.197+0000] {subprocess.py:106} INFO - 26/05/09 14:29:16 INFO StageWriter$: Now executing below command to write into table:
[2026-05-09T14:29:16.197+0000] {subprocess.py:106} INFO - copy into FACT_ORDERS FROM @spark_connector_load_stage_o3pzTe5sW9/IsJIxWNoQa/
[2026-05-09T14:29:16.198+0000] {subprocess.py:106} INFO - FILE_FORMAT = (
[2026-05-09T14:29:16.198+0000] {subprocess.py:106} INFO -     TYPE=CSV
[2026-05-09T14:29:16.199+0000] {subprocess.py:106} INFO -     FIELD_DELIMITER='|'
[2026-05-09T14:29:16.199+0000] {subprocess.py:106} INFO -     NULL_IF=()
[2026-05-09T14:29:16.199+0000] {subprocess.py:106} INFO -     FIELD_OPTIONALLY_ENCLOSED_BY='"'
[2026-05-09T14:29:16.200+0000] {subprocess.py:106} INFO -     TIMESTAMP_FORMAT='TZHTZM YYYY-MM-DD HH24:MI:SS.FF9'
[2026-05-09T14:29:16.200+0000] {subprocess.py:106} INFO -     DATE_FORMAT='TZHTZM YYYY-MM-DD HH24:MI:SS.FF9'
[2026-05-09T14:29:16.201+0000] {subprocess.py:106} INFO -     BINARY_FORMAT=BASE64
[2026-05-09T14:29:16.201+0000] {subprocess.py:106} INFO -   )
[2026-05-09T14:29:16.202+0000] {subprocess.py:106} INFO - 
[2026-05-09T14:29:16.202+0000] {subprocess.py:106} INFO - 26/05/09 14:29:16 INFO SnowflakeSQLStatement: Spark Connector Master: execute query with bind variable: copy into FACT_ORDERS FROM @spark_connector_load_stage_o3pzTe5sW9/IsJIxWNoQa/
[2026-05-09T14:29:16.203+0000] {subprocess.py:106} INFO - FILE_FORMAT = (
[2026-05-09T14:29:16.203+0000] {subprocess.py:106} INFO -     TYPE=CSV
[2026-05-09T14:29:16.203+0000] {subprocess.py:106} INFO -     FIELD_DELIMITER='|'
[2026-05-09T14:29:16.204+0000] {subprocess.py:106} INFO -     NULL_IF=()
[2026-05-09T14:29:16.204+0000] {subprocess.py:106} INFO -     FIELD_OPTIONALLY_ENCLOSED_BY='"'
[2026-05-09T14:29:16.204+0000] {subprocess.py:106} INFO -     TIMESTAMP_FORMAT='TZHTZM YYYY-MM-DD HH24:MI:SS.FF9'
[2026-05-09T14:29:16.205+0000] {subprocess.py:106} INFO -     DATE_FORMAT='TZHTZM YYYY-MM-DD HH24:MI:SS.FF9'
[2026-05-09T14:29:16.205+0000] {subprocess.py:106} INFO -     BINARY_FORMAT=BASE64
[2026-05-09T14:29:16.205+0000] {subprocess.py:106} INFO -   )
[2026-05-09T14:29:16.206+0000] {subprocess.py:106} INFO - 
[2026-05-09T14:29:16.290+0000] {subprocess.py:106} INFO - 26/05/09 14:29:16 INFO SparkConnectorContext$: Add running query for application_1778334521111_0013 session: 301291955998810 queryId: 01c44125-0000-d2b7-0001-12060007633a
[2026-05-09T14:29:16.291+0000] {subprocess.py:106} INFO - 26/05/09 14:29:16 INFO StageWriter$: The query ID for async writing into table command is: 01c44125-0000-d2b7-0001-12060007633a; The query ID URL is:
[2026-05-09T14:29:16.292+0000] {subprocess.py:106} INFO - https://yjmwqyd-am21544.snowflakecomputing.com/console#/monitoring/queries/detail?queryId=01c44125-0000-d2b7-0001-12060007633a
[2026-05-09T14:29:17.786+0000] {subprocess.py:106} INFO - 26/05/09 14:29:17 INFO SparkConnectorContext$: Remove running query for application_1778334521111_0013 session: 301291955998810 queryId: 01c44125-0000-d2b7-0001-12060007633a
[2026-05-09T14:29:17.787+0000] {subprocess.py:106} INFO - 26/05/09 14:29:17 INFO StageWriter$: First COPY command is done in 1.59 seconds at 2026-05-09T14:29:17.783050324, queryID is 01c44125-0000-d2b7-0001-12060007633a
[2026-05-09T14:29:17.787+0000] {subprocess.py:106} INFO - 26/05/09 14:29:17 INFO StageWriter$: Succeed to write in 1.59 seconds at 2026-05-09T14:29:17.784195165
[2026-05-09T14:29:17.881+0000] {subprocess.py:106} INFO - 26/05/09 14:29:17 INFO StageWriter$: Spark Connector Master: Total job time is 12.31 seconds including read & upload time: 10.53 seconds and COPY time: 1.78 seconds.
[2026-05-09T14:29:17.883+0000] {subprocess.py:106} INFO - 26/05/09 14:29:17 WARN SnowflakeConnectorUtils$: Query pushdown is not supported because you are using Spark 3.5.0 with a connector designed to support Spark 3.3. Either use the version of Spark supported by the connector or install a version of the connector that supports your version of Spark.
[2026-05-09T14:29:17.883+0000] {subprocess.py:106} INFO - 26/05/09 14:29:17 INFO ServerConnection$: Create ServerConnection with cached JDBC connection: 301291955998810
[2026-05-09T14:29:17.884+0000] {subprocess.py:106} INFO - 26/05/09 14:29:17 INFO SnowflakeSQLStatement: Spark Connector Master: execute query with bind variable: select * from FACT_ORDERS where 1 = 0
[2026-05-09T14:29:18.009+0000] {subprocess.py:106} INFO - ✅ fact_orders loaded successfully!
[2026-05-09T14:29:18.013+0000] {subprocess.py:106} INFO - 
[2026-05-09T14:29:18.014+0000] {subprocess.py:106} INFO - 🎉 ALL TABLES LOADED TO SNOWFLAKE!
[2026-05-09T14:29:18.015+0000] {subprocess.py:106} INFO - 26/05/09 14:29:18 INFO SparkContext: SparkContext is stopping with exitCode 0.
[2026-05-09T14:29:18.015+0000] {subprocess.py:106} INFO - 26/05/09 14:29:18 WARN SparkConnectorContext$: Finish cancelling all queries for application_1778334521111_0013
[2026-05-09T14:29:18.016+0000] {subprocess.py:106} INFO - 26/05/09 14:29:18 INFO ServerConnection$: Close all 1 cached connection.
[2026-05-09T14:29:18.029+0000] {subprocess.py:106} INFO - 26/05/09 14:29:18 INFO SparkUI: Stopped Spark web UI at http://172.30.1.13:4040
[2026-05-09T14:29:18.036+0000] {subprocess.py:106} INFO - 26/05/09 14:29:18 INFO YarnClientSchedulerBackend: Interrupting monitor thread
[2026-05-09T14:29:18.052+0000] {subprocess.py:106} INFO - 26/05/09 14:29:18 INFO YarnClientSchedulerBackend: Shutting down all executors
[2026-05-09T14:29:18.052+0000] {subprocess.py:106} INFO - 26/05/09 14:29:18 INFO YarnSchedulerBackend$YarnDriverEndpoint: Asking each executor to shut down
[2026-05-09T14:29:18.058+0000] {subprocess.py:106} INFO - 26/05/09 14:29:18 INFO YarnClientSchedulerBackend: YARN client scheduler backend Stopped
[2026-05-09T14:29:18.172+0000] {subprocess.py:106} INFO - 26/05/09 14:29:18 INFO MapOutputTrackerMasterEndpoint: MapOutputTrackerMasterEndpoint stopped!
[2026-05-09T14:29:18.195+0000] {subprocess.py:106} INFO - 26/05/09 14:29:18 INFO MemoryStore: MemoryStore cleared
[2026-05-09T14:29:18.196+0000] {subprocess.py:106} INFO - 26/05/09 14:29:18 INFO BlockManager: BlockManager stopped
[2026-05-09T14:29:18.200+0000] {subprocess.py:106} INFO - 26/05/09 14:29:18 INFO BlockManagerMaster: BlockManagerMaster stopped
[2026-05-09T14:29:18.206+0000] {subprocess.py:106} INFO - 26/05/09 14:29:18 INFO OutputCommitCoordinator$OutputCommitCoordinatorEndpoint: OutputCommitCoordinator stopped!
[2026-05-09T14:29:18.226+0000] {subprocess.py:106} INFO - 26/05/09 14:29:18 INFO SparkContext: Successfully stopped SparkContext
[2026-05-09T14:29:18.237+0000] {subprocess.py:106} INFO - 🛑 Spark Stopped.
[2026-05-09T14:29:19.165+0000] {subprocess.py:106} INFO - 26/05/09 14:29:19 INFO ShutdownHookManager: Shutdown hook called
[2026-05-09T14:29:19.166+0000] {subprocess.py:106} INFO - 26/05/09 14:29:19 INFO ShutdownHookManager: Deleting directory /tmp/spark-f6f0fa2a-6a7e-414d-b4c3-87cc052e84f6
[2026-05-09T14:29:19.172+0000] {subprocess.py:106} INFO - 26/05/09 14:29:19 INFO ShutdownHookManager: Deleting directory /tmp/spark-c80086ff-1ce6-4a36-85a2-6a785d02a251/pyspark-f19e59e7-956c-4a08-89a2-f476f2d4b14f
[2026-05-09T14:29:19.177+0000] {subprocess.py:106} INFO - 26/05/09 14:29:19 INFO ShutdownHookManager: Deleting directory /tmp/spark-c80086ff-1ce6-4a36-85a2-6a785d02a251
[2026-05-09T14:29:19.328+0000] {subprocess.py:110} INFO - Command exited with return code 0
[2026-05-09T14:29:19.363+0000] {taskinstance.py:340} INFO - ::group::Post task execution logs
[2026-05-09T14:29:19.364+0000] {taskinstance.py:352} INFO - Marking task as SUCCESS. dag_id=ecommerce_etl_pipeline, task_id=load, run_id=manual__2026-05-09T14:25:48.596565+00:00, execution_date=20260509T142548, start_date=20260509T142755, end_date=20260509T142919
[2026-05-09T14:29:19.404+0000] {local_task_job_runner.py:266} INFO - Task exited with return code 0
[2026-05-09T14:29:19.420+0000] {taskinstance.py:3895} INFO - 0 downstream tasks scheduled from follow-on schedule check
[2026-05-09T14:29:19.423+0000] {local_task_job_runner.py:245} INFO - ::endgroup::
