[2026-05-09T14:26:57.994+0000] {local_task_job_runner.py:123} INFO - ::group::Pre task execution logs
[2026-05-09T14:26:58.024+0000] {taskinstance.py:2613} INFO - Dependencies all met for dep_context=non-requeueable deps ti=<TaskInstance: ecommerce_etl_pipeline.transform manual__2026-05-09T14:25:48.596565+00:00 [queued]>
[2026-05-09T14:26:58.042+0000] {taskinstance.py:2613} INFO - Dependencies all met for dep_context=requeueable deps ti=<TaskInstance: ecommerce_etl_pipeline.transform manual__2026-05-09T14:25:48.596565+00:00 [queued]>
[2026-05-09T14:26:58.043+0000] {taskinstance.py:2866} INFO - Starting attempt 1 of 2
[2026-05-09T14:26:58.063+0000] {taskinstance.py:2889} INFO - Executing <Task(BashOperator): transform> on 2026-05-09 14:25:48.596565+00:00
[2026-05-09T14:26:58.073+0000] {standard_task_runner.py:72} INFO - Started process 1449 to run task
[2026-05-09T14:26:58.077+0000] {standard_task_runner.py:104} INFO - Running: ['***', 'tasks', 'run', 'ecommerce_etl_pipeline', 'transform', 'manual__2026-05-09T14:25:48.596565+00:00', '--job-id', '26', '--raw', '--subdir', 'DAGS_FOLDER/ecommerce_etl_dag.py', '--cfg-path', '/tmp/tmp2_eh_m5h']
[2026-05-09T14:26:58.081+0000] {standard_task_runner.py:105} INFO - Job 26: Subtask transform
[2026-05-09T14:26:58.148+0000] {task_command.py:467} INFO - Running <TaskInstance: ecommerce_etl_pipeline.transform manual__2026-05-09T14:25:48.596565+00:00 [running]> on host 6de7479667a2
[2026-05-09T14:26:58.282+0000] {taskinstance.py:3132} INFO - Exporting env vars: AIRFLOW_CTX_DAG_OWNER='***' AIRFLOW_CTX_DAG_ID='ecommerce_etl_pipeline' AIRFLOW_CTX_TASK_ID='transform' AIRFLOW_CTX_EXECUTION_DATE='2026-05-09T14:25:48.596565+00:00' AIRFLOW_CTX_TRY_NUMBER='1' AIRFLOW_CTX_DAG_RUN_ID='manual__2026-05-09T14:25:48.596565+00:00'
[2026-05-09T14:26:58.283+0000] {taskinstance.py:731} INFO - ::endgroup::
[2026-05-09T14:26:58.307+0000] {subprocess.py:78} INFO - Tmp dir root location: /tmp
[2026-05-09T14:26:58.308+0000] {subprocess.py:88} INFO - Running command: ['/usr/bin/bash', '-c', 'docker exec spark-jupyter spark-submit --master yarn --conf spark.driver.host=172.30.1.13 /tmp/t.py']
[2026-05-09T14:26:58.323+0000] {subprocess.py:99} INFO - Output:
[2026-05-09T14:27:01.204+0000] {subprocess.py:106} INFO - 26/05/09 14:27:01 INFO SparkContext: Running Spark version 3.5.0
[2026-05-09T14:27:01.207+0000] {subprocess.py:106} INFO - 26/05/09 14:27:01 INFO SparkContext: OS info Linux, 6.6.87.2-microsoft-standard-WSL2, amd64
[2026-05-09T14:27:01.208+0000] {subprocess.py:106} INFO - 26/05/09 14:27:01 INFO SparkContext: Java version 17.0.8.1
[2026-05-09T14:27:01.270+0000] {subprocess.py:106} INFO - 26/05/09 14:27:01 WARN NativeCodeLoader: Unable to load native-hadoop library for your platform... using builtin-java classes where applicable
[2026-05-09T14:27:01.362+0000] {subprocess.py:106} INFO - 26/05/09 14:27:01 INFO ResourceUtils: ==============================================================
[2026-05-09T14:27:01.363+0000] {subprocess.py:106} INFO - 26/05/09 14:27:01 INFO ResourceUtils: No custom resources configured for spark.driver.
[2026-05-09T14:27:01.366+0000] {subprocess.py:106} INFO - 26/05/09 14:27:01 INFO ResourceUtils: ==============================================================
[2026-05-09T14:27:01.366+0000] {subprocess.py:106} INFO - 26/05/09 14:27:01 INFO SparkContext: Submitted application: EcommerceETL_Transform
[2026-05-09T14:27:01.387+0000] {subprocess.py:106} INFO - 26/05/09 14:27:01 INFO ResourceProfile: Default ResourceProfile created, executor resources: Map(cores -> name: cores, amount: 1, script: , vendor: , memory -> name: memory, amount: 512, script: , vendor: , offHeap -> name: offHeap, amount: 0, script: , vendor: ), task resources: Map(cpus -> name: cpus, amount: 1.0)
[2026-05-09T14:27:01.397+0000] {subprocess.py:106} INFO - 26/05/09 14:27:01 INFO ResourceProfile: Limiting resource is cpus at 1 tasks per executor
[2026-05-09T14:27:01.399+0000] {subprocess.py:106} INFO - 26/05/09 14:27:01 INFO ResourceProfileManager: Added ResourceProfile id: 0
[2026-05-09T14:27:01.457+0000] {subprocess.py:106} INFO - 26/05/09 14:27:01 INFO SecurityManager: Changing view acls to: root
[2026-05-09T14:27:01.458+0000] {subprocess.py:106} INFO - 26/05/09 14:27:01 INFO SecurityManager: Changing modify acls to: root
[2026-05-09T14:27:01.460+0000] {subprocess.py:106} INFO - 26/05/09 14:27:01 INFO SecurityManager: Changing view acls groups to:
[2026-05-09T14:27:01.461+0000] {subprocess.py:106} INFO - 26/05/09 14:27:01 INFO SecurityManager: Changing modify acls groups to:
[2026-05-09T14:27:01.463+0000] {subprocess.py:106} INFO - 26/05/09 14:27:01 INFO SecurityManager: SecurityManager: authentication disabled; ui acls disabled; users with view permissions: root; groups with view permissions: EMPTY; users with modify permissions: root; groups with modify permissions: EMPTY
[2026-05-09T14:27:01.710+0000] {subprocess.py:106} INFO - 26/05/09 14:27:01 INFO Utils: Successfully started service 'sparkDriver' on port 40543.
[2026-05-09T14:27:01.740+0000] {subprocess.py:106} INFO - 26/05/09 14:27:01 INFO SparkEnv: Registering MapOutputTracker
[2026-05-09T14:27:01.785+0000] {subprocess.py:106} INFO - 26/05/09 14:27:01 INFO SparkEnv: Registering BlockManagerMaster
[2026-05-09T14:27:01.804+0000] {subprocess.py:106} INFO - 26/05/09 14:27:01 INFO BlockManagerMasterEndpoint: Using org.apache.spark.storage.DefaultTopologyMapper for getting topology information
[2026-05-09T14:27:01.806+0000] {subprocess.py:106} INFO - 26/05/09 14:27:01 INFO BlockManagerMasterEndpoint: BlockManagerMasterEndpoint up
[2026-05-09T14:27:01.846+0000] {subprocess.py:106} INFO - 26/05/09 14:27:01 INFO SparkEnv: Registering BlockManagerMasterHeartbeat
[2026-05-09T14:27:01.873+0000] {subprocess.py:106} INFO - 26/05/09 14:27:01 INFO DiskBlockManager: Created local directory at /tmp/blockmgr-9cb3bcfc-22ef-46d8-85d8-98b44ee1b12a
[2026-05-09T14:27:01.889+0000] {subprocess.py:106} INFO - 26/05/09 14:27:01 INFO MemoryStore: MemoryStore started with capacity 434.4 MiB
[2026-05-09T14:27:01.934+0000] {subprocess.py:106} INFO - 26/05/09 14:27:01 INFO SparkEnv: Registering OutputCommitCoordinator
[2026-05-09T14:27:02.078+0000] {subprocess.py:106} INFO - 26/05/09 14:27:02 INFO JettyUtils: Start Jetty 0.0.0.0:4040 for SparkUI
[2026-05-09T14:27:02.158+0000] {subprocess.py:106} INFO - 26/05/09 14:27:02 INFO Utils: Successfully started service 'SparkUI' on port 4040.
[2026-05-09T14:27:02.383+0000] {subprocess.py:106} INFO - 26/05/09 14:27:02 INFO DefaultNoHARMFailoverProxyProvider: Connecting to ResourceManager at resourcemanager/172.30.1.24:8032
[2026-05-09T14:27:02.871+0000] {subprocess.py:106} INFO - 26/05/09 14:27:02 INFO Configuration: resource-types.xml not found
[2026-05-09T14:27:02.874+0000] {subprocess.py:106} INFO - 26/05/09 14:27:02 INFO ResourceUtils: Unable to find 'resource-types.xml'.
[2026-05-09T14:27:02.883+0000] {subprocess.py:106} INFO - 26/05/09 14:27:02 INFO Client: Verifying our application has not requested more than the maximum memory capability of the cluster (8192 MB per container)
[2026-05-09T14:27:02.884+0000] {subprocess.py:106} INFO - 26/05/09 14:27:02 INFO Client: Will allocate AM container, with 896 MB memory including 384 MB overhead
[2026-05-09T14:27:02.885+0000] {subprocess.py:106} INFO - 26/05/09 14:27:02 INFO Client: Setting up container launch context for our AM
[2026-05-09T14:27:02.887+0000] {subprocess.py:106} INFO - 26/05/09 14:27:02 INFO Client: Setting up the launch environment for our AM container
[2026-05-09T14:27:02.894+0000] {subprocess.py:106} INFO - 26/05/09 14:27:02 INFO Client: Preparing resources for our AM container
[2026-05-09T14:27:02.922+0000] {subprocess.py:106} INFO - 26/05/09 14:27:02 WARN Client: Neither spark.yarn.jars nor spark.yarn.archive is set, falling back to uploading libraries under SPARK_HOME.
[2026-05-09T14:27:06.603+0000] {subprocess.py:106} INFO - 26/05/09 14:27:06 INFO Client: Uploading resource file:/tmp/spark-7852c0c3-4039-4ace-b7a4-771f238b4800/__spark_libs__5227510992822815694.zip -> hdfs://hadoop-namenode:9000/user/root/.sparkStaging/application_1778334521111_0012/__spark_libs__5227510992822815694.zip
[2026-05-09T14:27:09.230+0000] {subprocess.py:106} INFO - 26/05/09 14:27:09 INFO Client: Uploading resource file:/usr/local/spark-3.5.0-bin-hadoop3/python/lib/pyspark.zip -> hdfs://hadoop-namenode:9000/user/root/.sparkStaging/application_1778334521111_0012/pyspark.zip
[2026-05-09T14:27:09.276+0000] {subprocess.py:106} INFO - 26/05/09 14:27:09 INFO Client: Uploading resource file:/usr/local/spark-3.5.0-bin-hadoop3/python/lib/py4j-0.10.9.7-src.zip -> hdfs://hadoop-namenode:9000/user/root/.sparkStaging/application_1778334521111_0012/py4j-0.10.9.7-src.zip
[2026-05-09T14:27:09.507+0000] {subprocess.py:106} INFO - 26/05/09 14:27:09 INFO Client: Uploading resource file:/tmp/spark-7852c0c3-4039-4ace-b7a4-771f238b4800/__spark_conf__9634165495671775184.zip -> hdfs://hadoop-namenode:9000/user/root/.sparkStaging/application_1778334521111_0012/__spark_conf__.zip
[2026-05-09T14:27:09.568+0000] {subprocess.py:106} INFO - 26/05/09 14:27:09 INFO SecurityManager: Changing view acls to: root
[2026-05-09T14:27:09.569+0000] {subprocess.py:106} INFO - 26/05/09 14:27:09 INFO SecurityManager: Changing modify acls to: root
[2026-05-09T14:27:09.569+0000] {subprocess.py:106} INFO - 26/05/09 14:27:09 INFO SecurityManager: Changing view acls groups to:
[2026-05-09T14:27:09.570+0000] {subprocess.py:106} INFO - 26/05/09 14:27:09 INFO SecurityManager: Changing modify acls groups to:
[2026-05-09T14:27:09.571+0000] {subprocess.py:106} INFO - 26/05/09 14:27:09 INFO SecurityManager: SecurityManager: authentication disabled; ui acls disabled; users with view permissions: root; groups with view permissions: EMPTY; users with modify permissions: root; groups with modify permissions: EMPTY
[2026-05-09T14:27:09.592+0000] {subprocess.py:106} INFO - 26/05/09 14:27:09 INFO Client: Submitting application application_1778334521111_0012 to ResourceManager
[2026-05-09T14:27:09.651+0000] {subprocess.py:106} INFO - 26/05/09 14:27:09 INFO YarnClientImpl: Submitted application application_1778334521111_0012
[2026-05-09T14:27:10.656+0000] {subprocess.py:106} INFO - 26/05/09 14:27:10 INFO Client: Application report for application_1778334521111_0012 (state: ACCEPTED)
[2026-05-09T14:27:10.659+0000] {subprocess.py:106} INFO - 26/05/09 14:27:10 INFO Client:
[2026-05-09T14:27:10.659+0000] {subprocess.py:106} INFO - 	 client token: N/A
[2026-05-09T14:27:10.660+0000] {subprocess.py:106} INFO - 	 diagnostics: AM container is launched, waiting for AM container to Register with RM
[2026-05-09T14:27:10.661+0000] {subprocess.py:106} INFO - 	 ApplicationMaster host: N/A
[2026-05-09T14:27:10.661+0000] {subprocess.py:106} INFO - 	 ApplicationMaster RPC port: -1
[2026-05-09T14:27:10.662+0000] {subprocess.py:106} INFO - 	 queue: default
[2026-05-09T14:27:10.662+0000] {subprocess.py:106} INFO - 	 start time: 1778336829611
[2026-05-09T14:27:10.662+0000] {subprocess.py:106} INFO - 	 final status: UNDEFINED
[2026-05-09T14:27:10.663+0000] {subprocess.py:106} INFO - 	 tracking URL: http://resourcemanager:8088/proxy/application_1778334521111_0012/
[2026-05-09T14:27:10.663+0000] {subprocess.py:106} INFO - 	 user: root
[2026-05-09T14:27:19.161+0000] {subprocess.py:106} INFO - 26/05/09 14:27:19 INFO YarnClientSchedulerBackend: Add WebUI Filter. org.apache.hadoop.yarn.server.webproxy.amfilter.AmIpFilter, Map(PROXY_HOSTS -> resourcemanager, PROXY_URI_BASES -> http://resourcemanager:8088/proxy/application_1778334521111_0012), /proxy/application_1778334521111_0012
[2026-05-09T14:27:19.471+0000] {subprocess.py:106} INFO - 26/05/09 14:27:19 INFO YarnSchedulerBackend$YarnSchedulerEndpoint: ApplicationMaster registered as NettyRpcEndpointRef(spark-client://YarnAM)
[2026-05-09T14:27:19.684+0000] {subprocess.py:106} INFO - 26/05/09 14:27:19 INFO Client: Application report for application_1778334521111_0012 (state: RUNNING)
[2026-05-09T14:27:19.685+0000] {subprocess.py:106} INFO - 26/05/09 14:27:19 INFO Client:
[2026-05-09T14:27:19.686+0000] {subprocess.py:106} INFO - 	 client token: N/A
[2026-05-09T14:27:19.686+0000] {subprocess.py:106} INFO - 	 diagnostics: N/A
[2026-05-09T14:27:19.687+0000] {subprocess.py:106} INFO - 	 ApplicationMaster host: 172.30.1.26
[2026-05-09T14:27:19.687+0000] {subprocess.py:106} INFO - 	 ApplicationMaster RPC port: -1
[2026-05-09T14:27:19.688+0000] {subprocess.py:106} INFO - 	 queue: default
[2026-05-09T14:27:19.688+0000] {subprocess.py:106} INFO - 	 start time: 1778336829611
[2026-05-09T14:27:19.688+0000] {subprocess.py:106} INFO - 	 final status: UNDEFINED
[2026-05-09T14:27:19.689+0000] {subprocess.py:106} INFO - 	 tracking URL: http://resourcemanager:8088/proxy/application_1778334521111_0012/
[2026-05-09T14:27:19.689+0000] {subprocess.py:106} INFO - 	 user: root
[2026-05-09T14:27:19.690+0000] {subprocess.py:106} INFO - 26/05/09 14:27:19 INFO YarnClientSchedulerBackend: Application application_1778334521111_0012 has started running.
[2026-05-09T14:27:19.697+0000] {subprocess.py:106} INFO - 26/05/09 14:27:19 INFO Utils: Successfully started service 'org.apache.spark.network.netty.NettyBlockTransferService' on port 37549.
[2026-05-09T14:27:19.698+0000] {subprocess.py:106} INFO - 26/05/09 14:27:19 INFO NettyBlockTransferService: Server created on 172.30.1.13 0.0.0.0:37549
[2026-05-09T14:27:19.700+0000] {subprocess.py:106} INFO - 26/05/09 14:27:19 INFO BlockManager: Using org.apache.spark.storage.RandomBlockReplicationPolicy for block replication policy
[2026-05-09T14:27:19.706+0000] {subprocess.py:106} INFO - 26/05/09 14:27:19 INFO BlockManagerMaster: Registering BlockManager BlockManagerId(driver, 172.30.1.13, 37549, None)
[2026-05-09T14:27:19.710+0000] {subprocess.py:106} INFO - 26/05/09 14:27:19 INFO BlockManagerMasterEndpoint: Registering block manager 172.30.1.13:37549 with 434.4 MiB RAM, BlockManagerId(driver, 172.30.1.13, 37549, None)
[2026-05-09T14:27:19.713+0000] {subprocess.py:106} INFO - 26/05/09 14:27:19 INFO BlockManagerMaster: Registered BlockManager BlockManagerId(driver, 172.30.1.13, 37549, None)
[2026-05-09T14:27:19.714+0000] {subprocess.py:106} INFO - 26/05/09 14:27:19 INFO BlockManager: Initialized BlockManager: BlockManagerId(driver, 172.30.1.13, 37549, None)
[2026-05-09T14:27:19.888+0000] {subprocess.py:106} INFO - 26/05/09 14:27:19 INFO ServerInfo: Adding filter to /jobs: org.apache.hadoop.yarn.server.webproxy.amfilter.AmIpFilter
[2026-05-09T14:27:19.895+0000] {subprocess.py:106} INFO - 26/05/09 14:27:19 INFO ServerInfo: Adding filter to /jobs/json: org.apache.hadoop.yarn.server.webproxy.amfilter.AmIpFilter
[2026-05-09T14:27:19.898+0000] {subprocess.py:106} INFO - 26/05/09 14:27:19 INFO ServerInfo: Adding filter to /jobs/job: org.apache.hadoop.yarn.server.webproxy.amfilter.AmIpFilter
[2026-05-09T14:27:19.900+0000] {subprocess.py:106} INFO - 26/05/09 14:27:19 INFO ServerInfo: Adding filter to /jobs/job/json: org.apache.hadoop.yarn.server.webproxy.amfilter.AmIpFilter
[2026-05-09T14:27:19.903+0000] {subprocess.py:106} INFO - 26/05/09 14:27:19 INFO ServerInfo: Adding filter to /stages: org.apache.hadoop.yarn.server.webproxy.amfilter.AmIpFilter
[2026-05-09T14:27:19.905+0000] {subprocess.py:106} INFO - 26/05/09 14:27:19 INFO ServerInfo: Adding filter to /stages/json: org.apache.hadoop.yarn.server.webproxy.amfilter.AmIpFilter
[2026-05-09T14:27:19.907+0000] {subprocess.py:106} INFO - 26/05/09 14:27:19 INFO ServerInfo: Adding filter to /stages/stage: org.apache.hadoop.yarn.server.webproxy.amfilter.AmIpFilter
[2026-05-09T14:27:19.909+0000] {subprocess.py:106} INFO - 26/05/09 14:27:19 INFO ServerInfo: Adding filter to /stages/stage/json: org.apache.hadoop.yarn.server.webproxy.amfilter.AmIpFilter
[2026-05-09T14:27:19.912+0000] {subprocess.py:106} INFO - 26/05/09 14:27:19 INFO ServerInfo: Adding filter to /stages/pool: org.apache.hadoop.yarn.server.webproxy.amfilter.AmIpFilter
[2026-05-09T14:27:19.914+0000] {subprocess.py:106} INFO - 26/05/09 14:27:19 INFO ServerInfo: Adding filter to /stages/pool/json: org.apache.hadoop.yarn.server.webproxy.amfilter.AmIpFilter
[2026-05-09T14:27:19.915+0000] {subprocess.py:106} INFO - 26/05/09 14:27:19 INFO ServerInfo: Adding filter to /storage: org.apache.hadoop.yarn.server.webproxy.amfilter.AmIpFilter
[2026-05-09T14:27:19.917+0000] {subprocess.py:106} INFO - 26/05/09 14:27:19 INFO ServerInfo: Adding filter to /storage/json: org.apache.hadoop.yarn.server.webproxy.amfilter.AmIpFilter
[2026-05-09T14:27:19.919+0000] {subprocess.py:106} INFO - 26/05/09 14:27:19 INFO ServerInfo: Adding filter to /storage/rdd: org.apache.hadoop.yarn.server.webproxy.amfilter.AmIpFilter
[2026-05-09T14:27:19.921+0000] {subprocess.py:106} INFO - 26/05/09 14:27:19 INFO ServerInfo: Adding filter to /storage/rdd/json: org.apache.hadoop.yarn.server.webproxy.amfilter.AmIpFilter
[2026-05-09T14:27:19.923+0000] {subprocess.py:106} INFO - 26/05/09 14:27:19 INFO ServerInfo: Adding filter to /environment: org.apache.hadoop.yarn.server.webproxy.amfilter.AmIpFilter
[2026-05-09T14:27:19.924+0000] {subprocess.py:106} INFO - 26/05/09 14:27:19 INFO ServerInfo: Adding filter to /environment/json: org.apache.hadoop.yarn.server.webproxy.amfilter.AmIpFilter
[2026-05-09T14:27:19.926+0000] {subprocess.py:106} INFO - 26/05/09 14:27:19 INFO ServerInfo: Adding filter to /executors: org.apache.hadoop.yarn.server.webproxy.amfilter.AmIpFilter
[2026-05-09T14:27:19.927+0000] {subprocess.py:106} INFO - 26/05/09 14:27:19 INFO ServerInfo: Adding filter to /executors/json: org.apache.hadoop.yarn.server.webproxy.amfilter.AmIpFilter
[2026-05-09T14:27:19.929+0000] {subprocess.py:106} INFO - 26/05/09 14:27:19 INFO ServerInfo: Adding filter to /executors/threadDump: org.apache.hadoop.yarn.server.webproxy.amfilter.AmIpFilter
[2026-05-09T14:27:19.931+0000] {subprocess.py:106} INFO - 26/05/09 14:27:19 INFO ServerInfo: Adding filter to /executors/threadDump/json: org.apache.hadoop.yarn.server.webproxy.amfilter.AmIpFilter
[2026-05-09T14:27:19.934+0000] {subprocess.py:106} INFO - 26/05/09 14:27:19 INFO ServerInfo: Adding filter to /executors/heapHistogram: org.apache.hadoop.yarn.server.webproxy.amfilter.AmIpFilter
[2026-05-09T14:27:19.937+0000] {subprocess.py:106} INFO - 26/05/09 14:27:19 INFO ServerInfo: Adding filter to /executors/heapHistogram/json: org.apache.hadoop.yarn.server.webproxy.amfilter.AmIpFilter
[2026-05-09T14:27:19.939+0000] {subprocess.py:106} INFO - 26/05/09 14:27:19 INFO ServerInfo: Adding filter to /static: org.apache.hadoop.yarn.server.webproxy.amfilter.AmIpFilter
[2026-05-09T14:27:19.963+0000] {subprocess.py:106} INFO - 26/05/09 14:27:19 INFO ServerInfo: Adding filter to /: org.apache.hadoop.yarn.server.webproxy.amfilter.AmIpFilter
[2026-05-09T14:27:19.965+0000] {subprocess.py:106} INFO - 26/05/09 14:27:19 INFO ServerInfo: Adding filter to /api: org.apache.hadoop.yarn.server.webproxy.amfilter.AmIpFilter
[2026-05-09T14:27:19.968+0000] {subprocess.py:106} INFO - 26/05/09 14:27:19 INFO ServerInfo: Adding filter to /jobs/job/kill: org.apache.hadoop.yarn.server.webproxy.amfilter.AmIpFilter
[2026-05-09T14:27:19.969+0000] {subprocess.py:106} INFO - 26/05/09 14:27:19 INFO ServerInfo: Adding filter to /stages/stage/kill: org.apache.hadoop.yarn.server.webproxy.amfilter.AmIpFilter
[2026-05-09T14:27:19.976+0000] {subprocess.py:106} INFO - 26/05/09 14:27:19 INFO ServerInfo: Adding filter to /metrics/json: org.apache.hadoop.yarn.server.webproxy.amfilter.AmIpFilter
[2026-05-09T14:27:24.376+0000] {subprocess.py:106} INFO - 26/05/09 14:27:24 INFO YarnSchedulerBackend$YarnDriverEndpoint: Registered executor NettyRpcEndpointRef(spark-client://Executor) (172.30.1.26:60220) with ID 2,  ResourceProfileId 0
[2026-05-09T14:27:24.478+0000] {subprocess.py:106} INFO - 26/05/09 14:27:24 INFO BlockManagerMasterEndpoint: Registering block manager 00a554289257:35345 with 93.3 MiB RAM, BlockManagerId(2, 00a554289257, 35345, None)
[2026-05-09T14:27:28.754+0000] {subprocess.py:106} INFO - 26/05/09 14:27:28 INFO YarnSchedulerBackend$YarnDriverEndpoint: Registered executor NettyRpcEndpointRef(spark-client://Executor) (172.30.1.25:40604) with ID 1,  ResourceProfileId 0
[2026-05-09T14:27:28.796+0000] {subprocess.py:106} INFO - 26/05/09 14:27:28 INFO YarnClientSchedulerBackend: SchedulerBackend is ready for scheduling beginning after reached minRegisteredResourcesRatio: 0.8
[2026-05-09T14:27:28.845+0000] {subprocess.py:106} INFO - 26/05/09 14:27:28 INFO BlockManagerMasterEndpoint: Registering block manager 6303bebb27dc:43941 with 93.3 MiB RAM, BlockManagerId(1, 6303bebb27dc, 43941, None)
[2026-05-09T14:27:29.047+0000] {subprocess.py:106} INFO - ✅ Spark Connected!
[2026-05-09T14:27:29.055+0000] {subprocess.py:106} INFO - 26/05/09 14:27:29 INFO SharedState: Setting hive.metastore.warehouse.dir ('null') to the value of spark.sql.warehouse.dir.
[2026-05-09T14:27:29.057+0000] {subprocess.py:106} INFO - 26/05/09 14:27:29 INFO SharedState: Warehouse path is 'file:/home/jovyan/spark-warehouse'.
[2026-05-09T14:27:29.073+0000] {subprocess.py:106} INFO - 26/05/09 14:27:29 INFO ServerInfo: Adding filter to /SQL: org.apache.hadoop.yarn.server.webproxy.amfilter.AmIpFilter
[2026-05-09T14:27:29.076+0000] {subprocess.py:106} INFO - 26/05/09 14:27:29 INFO ServerInfo: Adding filter to /SQL/json: org.apache.hadoop.yarn.server.webproxy.amfilter.AmIpFilter
[2026-05-09T14:27:29.077+0000] {subprocess.py:106} INFO - 26/05/09 14:27:29 INFO ServerInfo: Adding filter to /SQL/execution: org.apache.hadoop.yarn.server.webproxy.amfilter.AmIpFilter
[2026-05-09T14:27:29.079+0000] {subprocess.py:106} INFO - 26/05/09 14:27:29 INFO ServerInfo: Adding filter to /SQL/execution/json: org.apache.hadoop.yarn.server.webproxy.amfilter.AmIpFilter
[2026-05-09T14:27:29.082+0000] {subprocess.py:106} INFO - 26/05/09 14:27:29 INFO ServerInfo: Adding filter to /static/sql: org.apache.hadoop.yarn.server.webproxy.amfilter.AmIpFilter
[2026-05-09T14:27:30.123+0000] {subprocess.py:106} INFO - 26/05/09 14:27:30 INFO InMemoryFileIndex: It took 72 ms to list leaf files for 1 paths.
[2026-05-09T14:27:30.504+0000] {subprocess.py:106} INFO - 26/05/09 14:27:30 INFO SparkContext: Starting job: parquet at NativeMethodAccessorImpl.java:0
[2026-05-09T14:27:30.520+0000] {subprocess.py:106} INFO - 26/05/09 14:27:30 INFO DAGScheduler: Got job 0 (parquet at NativeMethodAccessorImpl.java:0) with 1 output partitions
[2026-05-09T14:27:30.522+0000] {subprocess.py:106} INFO - 26/05/09 14:27:30 INFO DAGScheduler: Final stage: ResultStage 0 (parquet at NativeMethodAccessorImpl.java:0)
[2026-05-09T14:27:30.524+0000] {subprocess.py:106} INFO - 26/05/09 14:27:30 INFO DAGScheduler: Parents of final stage: List()
[2026-05-09T14:27:30.525+0000] {subprocess.py:106} INFO - 26/05/09 14:27:30 INFO DAGScheduler: Missing parents: List()
[2026-05-09T14:27:30.531+0000] {subprocess.py:106} INFO - 26/05/09 14:27:30 INFO DAGScheduler: Submitting ResultStage 0 (MapPartitionsRDD[1] at parquet at NativeMethodAccessorImpl.java:0), which has no missing parents
[2026-05-09T14:27:30.595+0000] {subprocess.py:106} INFO - 26/05/09 14:27:30 INFO MemoryStore: Block broadcast_0 stored as values in memory (estimated size 104.5 KiB, free 434.3 MiB)
[2026-05-09T14:27:30.640+0000] {subprocess.py:106} INFO - 26/05/09 14:27:30 INFO MemoryStore: Block broadcast_0_piece0 stored as bytes in memory (estimated size 37.9 KiB, free 434.3 MiB)
[2026-05-09T14:27:30.645+0000] {subprocess.py:106} INFO - 26/05/09 14:27:30 INFO BlockManagerInfo: Added broadcast_0_piece0 in memory on 172.30.1.13:37549 (size: 37.9 KiB, free: 434.4 MiB)
[2026-05-09T14:27:30.650+0000] {subprocess.py:106} INFO - 26/05/09 14:27:30 INFO SparkContext: Created broadcast 0 from broadcast at DAGScheduler.scala:1580
[2026-05-09T14:27:30.665+0000] {subprocess.py:106} INFO - 26/05/09 14:27:30 INFO DAGScheduler: Submitting 1 missing tasks from ResultStage 0 (MapPartitionsRDD[1] at parquet at NativeMethodAccessorImpl.java:0) (first 15 tasks are for partitions Vector(0))
[2026-05-09T14:27:30.666+0000] {subprocess.py:106} INFO - 26/05/09 14:27:30 INFO YarnScheduler: Adding task set 0.0 with 1 tasks resource profile 0
[2026-05-09T14:27:30.695+0000] {subprocess.py:106} INFO - 26/05/09 14:27:30 INFO TaskSetManager: Starting task 0.0 in stage 0.0 (TID 0) (00a554289257, executor 2, partition 0, PROCESS_LOCAL, 7839 bytes)
[2026-05-09T14:27:30.985+0000] {subprocess.py:106} INFO - 26/05/09 14:27:30 INFO BlockManagerInfo: Added broadcast_0_piece0 in memory on 00a554289257:35345 (size: 37.9 KiB, free: 93.3 MiB)
[2026-05-09T14:27:32.854+0000] {subprocess.py:106} INFO - 26/05/09 14:27:32 INFO TaskSetManager: Finished task 0.0 in stage 0.0 (TID 0) in 2170 ms on 00a554289257 (executor 2) (1/1)
[2026-05-09T14:27:32.857+0000] {subprocess.py:106} INFO - 26/05/09 14:27:32 INFO YarnScheduler: Removed TaskSet 0.0, whose tasks have all completed, from pool
[2026-05-09T14:27:32.864+0000] {subprocess.py:106} INFO - 26/05/09 14:27:32 INFO DAGScheduler: ResultStage 0 (parquet at NativeMethodAccessorImpl.java:0) finished in 2.319 s
[2026-05-09T14:27:32.868+0000] {subprocess.py:106} INFO - 26/05/09 14:27:32 INFO DAGScheduler: Job 0 is finished. Cancelling potential speculative or zombie tasks for this job
[2026-05-09T14:27:32.868+0000] {subprocess.py:106} INFO - 26/05/09 14:27:32 INFO YarnScheduler: Killing all running tasks in stage 0: Stage finished
[2026-05-09T14:27:32.870+0000] {subprocess.py:106} INFO - 26/05/09 14:27:32 INFO DAGScheduler: Job 0 finished: parquet at NativeMethodAccessorImpl.java:0, took 2.368793 s
[2026-05-09T14:27:33.638+0000] {subprocess.py:106} INFO - 26/05/09 14:27:33 INFO InMemoryFileIndex: It took 9 ms to list leaf files for 1 paths.
[2026-05-09T14:27:33.713+0000] {subprocess.py:106} INFO - 26/05/09 14:27:33 INFO BlockManagerInfo: Removed broadcast_0_piece0 on 172.30.1.13:37549 in memory (size: 37.9 KiB, free: 434.4 MiB)
[2026-05-09T14:27:33.726+0000] {subprocess.py:106} INFO - 26/05/09 14:27:33 INFO BlockManagerInfo: Removed broadcast_0_piece0 on 00a554289257:35345 in memory (size: 37.9 KiB, free: 93.3 MiB)
[2026-05-09T14:27:33.731+0000] {subprocess.py:106} INFO - 26/05/09 14:27:33 INFO SparkContext: Starting job: parquet at NativeMethodAccessorImpl.java:0
[2026-05-09T14:27:33.740+0000] {subprocess.py:106} INFO - 26/05/09 14:27:33 INFO DAGScheduler: Got job 1 (parquet at NativeMethodAccessorImpl.java:0) with 1 output partitions
[2026-05-09T14:27:33.741+0000] {subprocess.py:106} INFO - 26/05/09 14:27:33 INFO DAGScheduler: Final stage: ResultStage 1 (parquet at NativeMethodAccessorImpl.java:0)
[2026-05-09T14:27:33.741+0000] {subprocess.py:106} INFO - 26/05/09 14:27:33 INFO DAGScheduler: Parents of final stage: List()
[2026-05-09T14:27:33.742+0000] {subprocess.py:106} INFO - 26/05/09 14:27:33 INFO DAGScheduler: Missing parents: List()
[2026-05-09T14:27:33.742+0000] {subprocess.py:106} INFO - 26/05/09 14:27:33 INFO DAGScheduler: Submitting ResultStage 1 (MapPartitionsRDD[3] at parquet at NativeMethodAccessorImpl.java:0), which has no missing parents
[2026-05-09T14:27:33.752+0000] {subprocess.py:106} INFO - 26/05/09 14:27:33 INFO MemoryStore: Block broadcast_1 stored as values in memory (estimated size 104.5 KiB, free 434.3 MiB)
[2026-05-09T14:27:33.755+0000] {subprocess.py:106} INFO - 26/05/09 14:27:33 INFO MemoryStore: Block broadcast_1_piece0 stored as bytes in memory (estimated size 37.9 KiB, free 434.3 MiB)
[2026-05-09T14:27:33.756+0000] {subprocess.py:106} INFO - 26/05/09 14:27:33 INFO BlockManagerInfo: Added broadcast_1_piece0 in memory on 172.30.1.13:37549 (size: 37.9 KiB, free: 434.4 MiB)
[2026-05-09T14:27:33.757+0000] {subprocess.py:106} INFO - 26/05/09 14:27:33 INFO SparkContext: Created broadcast 1 from broadcast at DAGScheduler.scala:1580
[2026-05-09T14:27:33.759+0000] {subprocess.py:106} INFO - 26/05/09 14:27:33 INFO DAGScheduler: Submitting 1 missing tasks from ResultStage 1 (MapPartitionsRDD[3] at parquet at NativeMethodAccessorImpl.java:0) (first 15 tasks are for partitions Vector(0))
[2026-05-09T14:27:33.760+0000] {subprocess.py:106} INFO - 26/05/09 14:27:33 INFO YarnScheduler: Adding task set 1.0 with 1 tasks resource profile 0
[2026-05-09T14:27:33.763+0000] {subprocess.py:106} INFO - 26/05/09 14:27:33 INFO TaskSetManager: Starting task 0.0 in stage 1.0 (TID 1) (00a554289257, executor 2, partition 0, PROCESS_LOCAL, 7842 bytes)
[2026-05-09T14:27:33.803+0000] {subprocess.py:106} INFO - 26/05/09 14:27:33 INFO BlockManagerInfo: Added broadcast_1_piece0 in memory on 00a554289257:35345 (size: 37.9 KiB, free: 93.3 MiB)
[2026-05-09T14:27:33.846+0000] {subprocess.py:106} INFO - 26/05/09 14:27:33 INFO TaskSetManager: Finished task 0.0 in stage 1.0 (TID 1) in 83 ms on 00a554289257 (executor 2) (1/1)
[2026-05-09T14:27:33.847+0000] {subprocess.py:106} INFO - 26/05/09 14:27:33 INFO YarnScheduler: Removed TaskSet 1.0, whose tasks have all completed, from pool
[2026-05-09T14:27:33.848+0000] {subprocess.py:106} INFO - 26/05/09 14:27:33 INFO DAGScheduler: ResultStage 1 (parquet at NativeMethodAccessorImpl.java:0) finished in 0.111 s
[2026-05-09T14:27:33.849+0000] {subprocess.py:106} INFO - 26/05/09 14:27:33 INFO DAGScheduler: Job 1 is finished. Cancelling potential speculative or zombie tasks for this job
[2026-05-09T14:27:33.850+0000] {subprocess.py:106} INFO - 26/05/09 14:27:33 INFO YarnScheduler: Killing all running tasks in stage 1: Stage finished
[2026-05-09T14:27:33.850+0000] {subprocess.py:106} INFO - 26/05/09 14:27:33 INFO DAGScheduler: Job 1 finished: parquet at NativeMethodAccessorImpl.java:0, took 0.118101 s
[2026-05-09T14:27:33.888+0000] {subprocess.py:106} INFO - 26/05/09 14:27:33 INFO InMemoryFileIndex: It took 7 ms to list leaf files for 1 paths.
[2026-05-09T14:27:33.947+0000] {subprocess.py:106} INFO - 26/05/09 14:27:33 INFO SparkContext: Starting job: parquet at NativeMethodAccessorImpl.java:0
[2026-05-09T14:27:33.950+0000] {subprocess.py:106} INFO - 26/05/09 14:27:33 INFO DAGScheduler: Got job 2 (parquet at NativeMethodAccessorImpl.java:0) with 1 output partitions
[2026-05-09T14:27:33.951+0000] {subprocess.py:106} INFO - 26/05/09 14:27:33 INFO DAGScheduler: Final stage: ResultStage 2 (parquet at NativeMethodAccessorImpl.java:0)
[2026-05-09T14:27:33.952+0000] {subprocess.py:106} INFO - 26/05/09 14:27:33 INFO DAGScheduler: Parents of final stage: List()
[2026-05-09T14:27:33.952+0000] {subprocess.py:106} INFO - 26/05/09 14:27:33 INFO DAGScheduler: Missing parents: List()
[2026-05-09T14:27:33.953+0000] {subprocess.py:106} INFO - 26/05/09 14:27:33 INFO DAGScheduler: Submitting ResultStage 2 (MapPartitionsRDD[5] at parquet at NativeMethodAccessorImpl.java:0), which has no missing parents
[2026-05-09T14:27:33.970+0000] {subprocess.py:106} INFO - 26/05/09 14:27:33 INFO MemoryStore: Block broadcast_2 stored as values in memory (estimated size 104.5 KiB, free 434.2 MiB)
[2026-05-09T14:27:33.984+0000] {subprocess.py:106} INFO - 26/05/09 14:27:33 INFO MemoryStore: Block broadcast_2_piece0 stored as bytes in memory (estimated size 37.9 KiB, free 434.1 MiB)
[2026-05-09T14:27:33.990+0000] {subprocess.py:106} INFO - 26/05/09 14:27:33 INFO BlockManagerInfo: Added broadcast_2_piece0 in memory on 172.30.1.13:37549 (size: 37.9 KiB, free: 434.3 MiB)
[2026-05-09T14:27:33.991+0000] {subprocess.py:106} INFO - 26/05/09 14:27:33 INFO BlockManagerInfo: Removed broadcast_1_piece0 on 172.30.1.13:37549 in memory (size: 37.9 KiB, free: 434.4 MiB)
[2026-05-09T14:27:33.992+0000] {subprocess.py:106} INFO - 26/05/09 14:27:33 INFO SparkContext: Created broadcast 2 from broadcast at DAGScheduler.scala:1580
[2026-05-09T14:27:33.993+0000] {subprocess.py:106} INFO - 26/05/09 14:27:33 INFO BlockManagerInfo: Removed broadcast_1_piece0 on 00a554289257:35345 in memory (size: 37.9 KiB, free: 93.3 MiB)
[2026-05-09T14:27:33.994+0000] {subprocess.py:106} INFO - 26/05/09 14:27:33 INFO DAGScheduler: Submitting 1 missing tasks from ResultStage 2 (MapPartitionsRDD[5] at parquet at NativeMethodAccessorImpl.java:0) (first 15 tasks are for partitions Vector(0))
[2026-05-09T14:27:33.994+0000] {subprocess.py:106} INFO - 26/05/09 14:27:33 INFO YarnScheduler: Adding task set 2.0 with 1 tasks resource profile 0
[2026-05-09T14:27:33.996+0000] {subprocess.py:106} INFO - 26/05/09 14:27:33 INFO TaskSetManager: Starting task 0.0 in stage 2.0 (TID 2) (6303bebb27dc, executor 1, partition 0, PROCESS_LOCAL, 7844 bytes)
[2026-05-09T14:27:34.239+0000] {subprocess.py:106} INFO - 26/05/09 14:27:34 INFO BlockManagerInfo: Added broadcast_2_piece0 in memory on 6303bebb27dc:43941 (size: 37.9 KiB, free: 93.3 MiB)
[2026-05-09T14:27:36.340+0000] {subprocess.py:106} INFO - 26/05/09 14:27:36 INFO TaskSetManager: Finished task 0.0 in stage 2.0 (TID 2) in 2345 ms on 6303bebb27dc (executor 1) (1/1)
[2026-05-09T14:27:36.341+0000] {subprocess.py:106} INFO - 26/05/09 14:27:36 INFO YarnScheduler: Removed TaskSet 2.0, whose tasks have all completed, from pool
[2026-05-09T14:27:36.342+0000] {subprocess.py:106} INFO - 26/05/09 14:27:36 INFO DAGScheduler: ResultStage 2 (parquet at NativeMethodAccessorImpl.java:0) finished in 2.388 s
[2026-05-09T14:27:36.342+0000] {subprocess.py:106} INFO - 26/05/09 14:27:36 INFO DAGScheduler: Job 2 is finished. Cancelling potential speculative or zombie tasks for this job
[2026-05-09T14:27:36.344+0000] {subprocess.py:106} INFO - 26/05/09 14:27:36 INFO YarnScheduler: Killing all running tasks in stage 2: Stage finished
[2026-05-09T14:27:36.344+0000] {subprocess.py:106} INFO - 26/05/09 14:27:36 INFO DAGScheduler: Job 2 finished: parquet at NativeMethodAccessorImpl.java:0, took 2.395066 s
[2026-05-09T14:27:36.375+0000] {subprocess.py:106} INFO - 26/05/09 14:27:36 INFO InMemoryFileIndex: It took 4 ms to list leaf files for 1 paths.
[2026-05-09T14:27:36.410+0000] {subprocess.py:106} INFO - 26/05/09 14:27:36 INFO SparkContext: Starting job: parquet at NativeMethodAccessorImpl.java:0
[2026-05-09T14:27:36.412+0000] {subprocess.py:106} INFO - 26/05/09 14:27:36 INFO DAGScheduler: Got job 3 (parquet at NativeMethodAccessorImpl.java:0) with 1 output partitions
[2026-05-09T14:27:36.413+0000] {subprocess.py:106} INFO - 26/05/09 14:27:36 INFO DAGScheduler: Final stage: ResultStage 3 (parquet at NativeMethodAccessorImpl.java:0)
[2026-05-09T14:27:36.414+0000] {subprocess.py:106} INFO - 26/05/09 14:27:36 INFO DAGScheduler: Parents of final stage: List()
[2026-05-09T14:27:36.414+0000] {subprocess.py:106} INFO - 26/05/09 14:27:36 INFO DAGScheduler: Missing parents: List()
[2026-05-09T14:27:36.415+0000] {subprocess.py:106} INFO - 26/05/09 14:27:36 INFO DAGScheduler: Submitting ResultStage 3 (MapPartitionsRDD[7] at parquet at NativeMethodAccessorImpl.java:0), which has no missing parents
[2026-05-09T14:27:36.422+0000] {subprocess.py:106} INFO - 26/05/09 14:27:36 INFO MemoryStore: Block broadcast_3 stored as values in memory (estimated size 104.5 KiB, free 434.2 MiB)
[2026-05-09T14:27:36.433+0000] {subprocess.py:106} INFO - 26/05/09 14:27:36 INFO MemoryStore: Block broadcast_3_piece0 stored as bytes in memory (estimated size 37.9 KiB, free 434.1 MiB)
[2026-05-09T14:27:36.437+0000] {subprocess.py:106} INFO - 26/05/09 14:27:36 INFO BlockManagerInfo: Added broadcast_3_piece0 in memory on 172.30.1.13:37549 (size: 37.9 KiB, free: 434.3 MiB)
[2026-05-09T14:27:36.444+0000] {subprocess.py:106} INFO - 26/05/09 14:27:36 INFO BlockManagerInfo: Removed broadcast_2_piece0 on 172.30.1.13:37549 in memory (size: 37.9 KiB, free: 434.4 MiB)
[2026-05-09T14:27:36.445+0000] {subprocess.py:106} INFO - 26/05/09 14:27:36 INFO SparkContext: Created broadcast 3 from broadcast at DAGScheduler.scala:1580
[2026-05-09T14:27:36.446+0000] {subprocess.py:106} INFO - 26/05/09 14:27:36 INFO DAGScheduler: Submitting 1 missing tasks from ResultStage 3 (MapPartitionsRDD[7] at parquet at NativeMethodAccessorImpl.java:0) (first 15 tasks are for partitions Vector(0))
[2026-05-09T14:27:36.446+0000] {subprocess.py:106} INFO - 26/05/09 14:27:36 INFO YarnScheduler: Adding task set 3.0 with 1 tasks resource profile 0
[2026-05-09T14:27:36.448+0000] {subprocess.py:106} INFO - 26/05/09 14:27:36 INFO TaskSetManager: Starting task 0.0 in stage 3.0 (TID 3) (6303bebb27dc, executor 1, partition 0, PROCESS_LOCAL, 7841 bytes)
[2026-05-09T14:27:36.448+0000] {subprocess.py:106} INFO - 26/05/09 14:27:36 INFO BlockManagerInfo: Removed broadcast_2_piece0 on 6303bebb27dc:43941 in memory (size: 37.9 KiB, free: 93.3 MiB)
[2026-05-09T14:27:36.486+0000] {subprocess.py:106} INFO - 26/05/09 14:27:36 INFO BlockManagerInfo: Added broadcast_3_piece0 in memory on 6303bebb27dc:43941 (size: 37.9 KiB, free: 93.3 MiB)
[2026-05-09T14:27:36.533+0000] {subprocess.py:106} INFO - 26/05/09 14:27:36 INFO TaskSetManager: Finished task 0.0 in stage 3.0 (TID 3) in 94 ms on 6303bebb27dc (executor 1) (1/1)
[2026-05-09T14:27:36.534+0000] {subprocess.py:106} INFO - 26/05/09 14:27:36 INFO YarnScheduler: Removed TaskSet 3.0, whose tasks have all completed, from pool
[2026-05-09T14:27:36.535+0000] {subprocess.py:106} INFO - 26/05/09 14:27:36 INFO DAGScheduler: ResultStage 3 (parquet at NativeMethodAccessorImpl.java:0) finished in 0.121 s
[2026-05-09T14:27:36.535+0000] {subprocess.py:106} INFO - 26/05/09 14:27:36 INFO DAGScheduler: Job 3 is finished. Cancelling potential speculative or zombie tasks for this job
[2026-05-09T14:27:36.536+0000] {subprocess.py:106} INFO - 26/05/09 14:27:36 INFO YarnScheduler: Killing all running tasks in stage 3: Stage finished
[2026-05-09T14:27:36.536+0000] {subprocess.py:106} INFO - 26/05/09 14:27:36 INFO DAGScheduler: Job 3 finished: parquet at NativeMethodAccessorImpl.java:0, took 0.125821 s
[2026-05-09T14:27:36.567+0000] {subprocess.py:106} INFO - 26/05/09 14:27:36 INFO InMemoryFileIndex: It took 5 ms to list leaf files for 1 paths.
[2026-05-09T14:27:36.592+0000] {subprocess.py:106} INFO - 26/05/09 14:27:36 INFO SparkContext: Starting job: parquet at NativeMethodAccessorImpl.java:0
[2026-05-09T14:27:36.594+0000] {subprocess.py:106} INFO - 26/05/09 14:27:36 INFO DAGScheduler: Got job 4 (parquet at NativeMethodAccessorImpl.java:0) with 1 output partitions
[2026-05-09T14:27:36.595+0000] {subprocess.py:106} INFO - 26/05/09 14:27:36 INFO DAGScheduler: Final stage: ResultStage 4 (parquet at NativeMethodAccessorImpl.java:0)
[2026-05-09T14:27:36.595+0000] {subprocess.py:106} INFO - 26/05/09 14:27:36 INFO DAGScheduler: Parents of final stage: List()
[2026-05-09T14:27:36.596+0000] {subprocess.py:106} INFO - 26/05/09 14:27:36 INFO DAGScheduler: Missing parents: List()
[2026-05-09T14:27:36.597+0000] {subprocess.py:106} INFO - 26/05/09 14:27:36 INFO DAGScheduler: Submitting ResultStage 4 (MapPartitionsRDD[9] at parquet at NativeMethodAccessorImpl.java:0), which has no missing parents
[2026-05-09T14:27:36.603+0000] {subprocess.py:106} INFO - 26/05/09 14:27:36 INFO MemoryStore: Block broadcast_4 stored as values in memory (estimated size 104.5 KiB, free 434.2 MiB)
[2026-05-09T14:27:36.605+0000] {subprocess.py:106} INFO - 26/05/09 14:27:36 INFO MemoryStore: Block broadcast_4_piece0 stored as bytes in memory (estimated size 37.9 KiB, free 434.1 MiB)
[2026-05-09T14:27:36.607+0000] {subprocess.py:106} INFO - 26/05/09 14:27:36 INFO BlockManagerInfo: Added broadcast_4_piece0 in memory on 172.30.1.13:37549 (size: 37.9 KiB, free: 434.3 MiB)
[2026-05-09T14:27:36.607+0000] {subprocess.py:106} INFO - 26/05/09 14:27:36 INFO SparkContext: Created broadcast 4 from broadcast at DAGScheduler.scala:1580
[2026-05-09T14:27:36.608+0000] {subprocess.py:106} INFO - 26/05/09 14:27:36 INFO DAGScheduler: Submitting 1 missing tasks from ResultStage 4 (MapPartitionsRDD[9] at parquet at NativeMethodAccessorImpl.java:0) (first 15 tasks are for partitions Vector(0))
[2026-05-09T14:27:36.608+0000] {subprocess.py:106} INFO - 26/05/09 14:27:36 INFO YarnScheduler: Adding task set 4.0 with 1 tasks resource profile 0
[2026-05-09T14:27:36.611+0000] {subprocess.py:106} INFO - 26/05/09 14:27:36 INFO TaskSetManager: Starting task 0.0 in stage 4.0 (TID 4) (6303bebb27dc, executor 1, partition 0, PROCESS_LOCAL, 7840 bytes)
[2026-05-09T14:27:36.631+0000] {subprocess.py:106} INFO - 26/05/09 14:27:36 INFO BlockManagerInfo: Added broadcast_4_piece0 in memory on 6303bebb27dc:43941 (size: 37.9 KiB, free: 93.2 MiB)
[2026-05-09T14:27:36.662+0000] {subprocess.py:106} INFO - 26/05/09 14:27:36 INFO TaskSetManager: Finished task 0.0 in stage 4.0 (TID 4) in 52 ms on 6303bebb27dc (executor 1) (1/1)
[2026-05-09T14:27:36.663+0000] {subprocess.py:106} INFO - 26/05/09 14:27:36 INFO YarnScheduler: Removed TaskSet 4.0, whose tasks have all completed, from pool
[2026-05-09T14:27:36.664+0000] {subprocess.py:106} INFO - 26/05/09 14:27:36 INFO DAGScheduler: ResultStage 4 (parquet at NativeMethodAccessorImpl.java:0) finished in 0.066 s
[2026-05-09T14:27:36.664+0000] {subprocess.py:106} INFO - 26/05/09 14:27:36 INFO DAGScheduler: Job 4 is finished. Cancelling potential speculative or zombie tasks for this job
[2026-05-09T14:27:36.665+0000] {subprocess.py:106} INFO - 26/05/09 14:27:36 INFO YarnScheduler: Killing all running tasks in stage 4: Stage finished
[2026-05-09T14:27:36.665+0000] {subprocess.py:106} INFO - 26/05/09 14:27:36 INFO DAGScheduler: Job 4 finished: parquet at NativeMethodAccessorImpl.java:0, took 0.071854 s
[2026-05-09T14:27:36.706+0000] {subprocess.py:106} INFO - 26/05/09 14:27:36 INFO InMemoryFileIndex: It took 6 ms to list leaf files for 1 paths.
[2026-05-09T14:27:36.750+0000] {subprocess.py:106} INFO - 26/05/09 14:27:36 INFO SparkContext: Starting job: parquet at NativeMethodAccessorImpl.java:0
[2026-05-09T14:27:36.751+0000] {subprocess.py:106} INFO - 26/05/09 14:27:36 INFO DAGScheduler: Got job 5 (parquet at NativeMethodAccessorImpl.java:0) with 1 output partitions
[2026-05-09T14:27:36.752+0000] {subprocess.py:106} INFO - 26/05/09 14:27:36 INFO DAGScheduler: Final stage: ResultStage 5 (parquet at NativeMethodAccessorImpl.java:0)
[2026-05-09T14:27:36.752+0000] {subprocess.py:106} INFO - 26/05/09 14:27:36 INFO DAGScheduler: Parents of final stage: List()
[2026-05-09T14:27:36.753+0000] {subprocess.py:106} INFO - 26/05/09 14:27:36 INFO DAGScheduler: Missing parents: List()
[2026-05-09T14:27:36.753+0000] {subprocess.py:106} INFO - 26/05/09 14:27:36 INFO DAGScheduler: Submitting ResultStage 5 (MapPartitionsRDD[11] at parquet at NativeMethodAccessorImpl.java:0), which has no missing parents
[2026-05-09T14:27:36.767+0000] {subprocess.py:106} INFO - 26/05/09 14:27:36 INFO MemoryStore: Block broadcast_5 stored as values in memory (estimated size 104.5 KiB, free 434.0 MiB)
[2026-05-09T14:27:36.799+0000] {subprocess.py:106} INFO - 26/05/09 14:27:36 INFO MemoryStore: Block broadcast_5_piece0 stored as bytes in memory (estimated size 37.9 KiB, free 434.0 MiB)
[2026-05-09T14:27:36.802+0000] {subprocess.py:106} INFO - 26/05/09 14:27:36 INFO BlockManagerInfo: Added broadcast_5_piece0 in memory on 172.30.1.13:37549 (size: 37.9 KiB, free: 434.3 MiB)
[2026-05-09T14:27:36.804+0000] {subprocess.py:106} INFO - 26/05/09 14:27:36 INFO BlockManagerInfo: Removed broadcast_3_piece0 on 172.30.1.13:37549 in memory (size: 37.9 KiB, free: 434.3 MiB)
[2026-05-09T14:27:36.808+0000] {subprocess.py:106} INFO - 26/05/09 14:27:36 INFO SparkContext: Created broadcast 5 from broadcast at DAGScheduler.scala:1580
[2026-05-09T14:27:36.809+0000] {subprocess.py:106} INFO - 26/05/09 14:27:36 INFO DAGScheduler: Submitting 1 missing tasks from ResultStage 5 (MapPartitionsRDD[11] at parquet at NativeMethodAccessorImpl.java:0) (first 15 tasks are for partitions Vector(0))
[2026-05-09T14:27:36.810+0000] {subprocess.py:106} INFO - 26/05/09 14:27:36 INFO YarnScheduler: Adding task set 5.0 with 1 tasks resource profile 0
[2026-05-09T14:27:36.815+0000] {subprocess.py:106} INFO - 26/05/09 14:27:36 INFO BlockManagerInfo: Removed broadcast_3_piece0 on 6303bebb27dc:43941 in memory (size: 37.9 KiB, free: 93.3 MiB)
[2026-05-09T14:27:36.819+0000] {subprocess.py:106} INFO - 26/05/09 14:27:36 INFO TaskSetManager: Starting task 0.0 in stage 5.0 (TID 5) (6303bebb27dc, executor 1, partition 0, PROCESS_LOCAL, 7841 bytes)
[2026-05-09T14:27:36.829+0000] {subprocess.py:106} INFO - 26/05/09 14:27:36 INFO BlockManagerInfo: Removed broadcast_4_piece0 on 172.30.1.13:37549 in memory (size: 37.9 KiB, free: 434.4 MiB)
[2026-05-09T14:27:36.839+0000] {subprocess.py:106} INFO - 26/05/09 14:27:36 INFO BlockManagerInfo: Removed broadcast_4_piece0 on 6303bebb27dc:43941 in memory (size: 37.9 KiB, free: 93.3 MiB)
[2026-05-09T14:27:36.843+0000] {subprocess.py:106} INFO - 26/05/09 14:27:36 INFO BlockManagerInfo: Added broadcast_5_piece0 in memory on 6303bebb27dc:43941 (size: 37.9 KiB, free: 93.3 MiB)
[2026-05-09T14:27:36.894+0000] {subprocess.py:106} INFO - 26/05/09 14:27:36 INFO TaskSetManager: Finished task 0.0 in stage 5.0 (TID 5) in 98 ms on 6303bebb27dc (executor 1) (1/1)
[2026-05-09T14:27:36.895+0000] {subprocess.py:106} INFO - 26/05/09 14:27:36 INFO YarnScheduler: Removed TaskSet 5.0, whose tasks have all completed, from pool
[2026-05-09T14:27:36.896+0000] {subprocess.py:106} INFO - 26/05/09 14:27:36 INFO DAGScheduler: ResultStage 5 (parquet at NativeMethodAccessorImpl.java:0) finished in 0.142 s
[2026-05-09T14:27:36.896+0000] {subprocess.py:106} INFO - 26/05/09 14:27:36 INFO DAGScheduler: Job 5 is finished. Cancelling potential speculative or zombie tasks for this job
[2026-05-09T14:27:36.897+0000] {subprocess.py:106} INFO - 26/05/09 14:27:36 INFO YarnScheduler: Killing all running tasks in stage 5: Stage finished
[2026-05-09T14:27:36.897+0000] {subprocess.py:106} INFO - 26/05/09 14:27:36 INFO DAGScheduler: Job 5 finished: parquet at NativeMethodAccessorImpl.java:0, took 0.146302 s
[2026-05-09T14:27:36.908+0000] {subprocess.py:106} INFO - ✅ Bronze Layer loaded!
[2026-05-09T14:27:37.061+0000] {subprocess.py:106} INFO - 26/05/09 14:27:37 INFO InMemoryFileIndex: It took 4 ms to list leaf files for 1 paths.
[2026-05-09T14:27:37.089+0000] {subprocess.py:106} INFO - 26/05/09 14:27:37 INFO SparkContext: Starting job: parquet at NativeMethodAccessorImpl.java:0
[2026-05-09T14:27:37.091+0000] {subprocess.py:106} INFO - 26/05/09 14:27:37 INFO DAGScheduler: Got job 6 (parquet at NativeMethodAccessorImpl.java:0) with 1 output partitions
[2026-05-09T14:27:37.092+0000] {subprocess.py:106} INFO - 26/05/09 14:27:37 INFO DAGScheduler: Final stage: ResultStage 6 (parquet at NativeMethodAccessorImpl.java:0)
[2026-05-09T14:27:37.092+0000] {subprocess.py:106} INFO - 26/05/09 14:27:37 INFO DAGScheduler: Parents of final stage: List()
[2026-05-09T14:27:37.093+0000] {subprocess.py:106} INFO - 26/05/09 14:27:37 INFO DAGScheduler: Missing parents: List()
[2026-05-09T14:27:37.093+0000] {subprocess.py:106} INFO - 26/05/09 14:27:37 INFO DAGScheduler: Submitting ResultStage 6 (MapPartitionsRDD[13] at parquet at NativeMethodAccessorImpl.java:0), which has no missing parents
[2026-05-09T14:27:37.100+0000] {subprocess.py:106} INFO - 26/05/09 14:27:37 INFO MemoryStore: Block broadcast_6 stored as values in memory (estimated size 104.5 KiB, free 434.2 MiB)
[2026-05-09T14:27:37.103+0000] {subprocess.py:106} INFO - 26/05/09 14:27:37 INFO MemoryStore: Block broadcast_6_piece0 stored as bytes in memory (estimated size 37.9 KiB, free 434.1 MiB)
[2026-05-09T14:27:37.104+0000] {subprocess.py:106} INFO - 26/05/09 14:27:37 INFO BlockManagerInfo: Added broadcast_6_piece0 in memory on 172.30.1.13:37549 (size: 37.9 KiB, free: 434.3 MiB)
[2026-05-09T14:27:37.105+0000] {subprocess.py:106} INFO - 26/05/09 14:27:37 INFO SparkContext: Created broadcast 6 from broadcast at DAGScheduler.scala:1580
[2026-05-09T14:27:37.106+0000] {subprocess.py:106} INFO - 26/05/09 14:27:37 INFO DAGScheduler: Submitting 1 missing tasks from ResultStage 6 (MapPartitionsRDD[13] at parquet at NativeMethodAccessorImpl.java:0) (first 15 tasks are for partitions Vector(0))
[2026-05-09T14:27:37.107+0000] {subprocess.py:106} INFO - 26/05/09 14:27:37 INFO YarnScheduler: Adding task set 6.0 with 1 tasks resource profile 0
[2026-05-09T14:27:37.110+0000] {subprocess.py:106} INFO - 26/05/09 14:27:37 INFO TaskSetManager: Starting task 0.0 in stage 6.0 (TID 6) (6303bebb27dc, executor 1, partition 0, PROCESS_LOCAL, 7839 bytes)
[2026-05-09T14:27:37.137+0000] {subprocess.py:106} INFO - 26/05/09 14:27:37 INFO BlockManagerInfo: Added broadcast_6_piece0 in memory on 6303bebb27dc:43941 (size: 37.9 KiB, free: 93.2 MiB)
[2026-05-09T14:27:37.197+0000] {subprocess.py:106} INFO - 26/05/09 14:27:37 INFO TaskSetManager: Finished task 0.0 in stage 6.0 (TID 6) in 88 ms on 6303bebb27dc (executor 1) (1/1)
[2026-05-09T14:27:37.198+0000] {subprocess.py:106} INFO - 26/05/09 14:27:37 INFO YarnScheduler: Removed TaskSet 6.0, whose tasks have all completed, from pool
[2026-05-09T14:27:37.199+0000] {subprocess.py:106} INFO - 26/05/09 14:27:37 INFO DAGScheduler: ResultStage 6 (parquet at NativeMethodAccessorImpl.java:0) finished in 0.105 s
[2026-05-09T14:27:37.200+0000] {subprocess.py:106} INFO - 26/05/09 14:27:37 INFO DAGScheduler: Job 6 is finished. Cancelling potential speculative or zombie tasks for this job
[2026-05-09T14:27:37.200+0000] {subprocess.py:106} INFO - 26/05/09 14:27:37 INFO YarnScheduler: Killing all running tasks in stage 6: Stage finished
[2026-05-09T14:27:37.201+0000] {subprocess.py:106} INFO - 26/05/09 14:27:37 INFO DAGScheduler: Job 6 finished: parquet at NativeMethodAccessorImpl.java:0, took 0.110373 s
[2026-05-09T14:27:37.216+0000] {subprocess.py:106} INFO - ✅ dim_date already exists!
[2026-05-09T14:27:37.799+0000] {subprocess.py:106} INFO - 26/05/09 14:27:37 INFO FileSourceStrategy: Pushed Filters:
[2026-05-09T14:27:37.800+0000] {subprocess.py:106} INFO - 26/05/09 14:27:37 INFO FileSourceStrategy: Post-Scan Filters:
[2026-05-09T14:27:38.387+0000] {subprocess.py:106} INFO - 26/05/09 14:27:38 INFO CodeGenerator: Code generated in 335.070929 ms
[2026-05-09T14:27:38.424+0000] {subprocess.py:106} INFO - 26/05/09 14:27:38 INFO MemoryStore: Block broadcast_7 stored as values in memory (estimated size 208.1 KiB, free 433.9 MiB)
[2026-05-09T14:27:38.450+0000] {subprocess.py:106} INFO - 26/05/09 14:27:38 INFO BlockManagerInfo: Removed broadcast_6_piece0 on 172.30.1.13:37549 in memory (size: 37.9 KiB, free: 434.4 MiB)
[2026-05-09T14:27:38.451+0000] {subprocess.py:106} INFO - 26/05/09 14:27:38 INFO MemoryStore: Block broadcast_7_piece0 stored as bytes in memory (estimated size 35.9 KiB, free 434.0 MiB)
[2026-05-09T14:27:38.453+0000] {subprocess.py:106} INFO - 26/05/09 14:27:38 INFO BlockManagerInfo: Added broadcast_7_piece0 in memory on 172.30.1.13:37549 (size: 35.9 KiB, free: 434.3 MiB)
[2026-05-09T14:27:38.456+0000] {subprocess.py:106} INFO - 26/05/09 14:27:38 INFO BlockManagerInfo: Removed broadcast_6_piece0 on 6303bebb27dc:43941 in memory (size: 37.9 KiB, free: 93.3 MiB)
[2026-05-09T14:27:38.457+0000] {subprocess.py:106} INFO - 26/05/09 14:27:38 INFO SparkContext: Created broadcast 7 from parquet at NativeMethodAccessorImpl.java:0
[2026-05-09T14:27:38.469+0000] {subprocess.py:106} INFO - 26/05/09 14:27:38 INFO BlockManagerInfo: Removed broadcast_5_piece0 on 172.30.1.13:37549 in memory (size: 37.9 KiB, free: 434.4 MiB)
[2026-05-09T14:27:38.472+0000] {subprocess.py:106} INFO - 26/05/09 14:27:38 INFO BlockManagerInfo: Removed broadcast_5_piece0 on 6303bebb27dc:43941 in memory (size: 37.9 KiB, free: 93.3 MiB)
[2026-05-09T14:27:38.482+0000] {subprocess.py:106} INFO - 26/05/09 14:27:38 INFO FileSourceScanExec: Planning scan with bin packing, max size: 11963605 bytes, open cost is considered as scanning 4194304 bytes.
[2026-05-09T14:27:38.634+0000] {subprocess.py:106} INFO - 26/05/09 14:27:38 INFO DAGScheduler: Registering RDD 18 (parquet at NativeMethodAccessorImpl.java:0) as input to shuffle 0
[2026-05-09T14:27:38.642+0000] {subprocess.py:106} INFO - 26/05/09 14:27:38 INFO DAGScheduler: Got map stage job 7 (parquet at NativeMethodAccessorImpl.java:0) with 2 output partitions
[2026-05-09T14:27:38.643+0000] {subprocess.py:106} INFO - 26/05/09 14:27:38 INFO DAGScheduler: Final stage: ShuffleMapStage 7 (parquet at NativeMethodAccessorImpl.java:0)
[2026-05-09T14:27:38.644+0000] {subprocess.py:106} INFO - 26/05/09 14:27:38 INFO DAGScheduler: Parents of final stage: List()
[2026-05-09T14:27:38.644+0000] {subprocess.py:106} INFO - 26/05/09 14:27:38 INFO DAGScheduler: Missing parents: List()
[2026-05-09T14:27:38.648+0000] {subprocess.py:106} INFO - 26/05/09 14:27:38 INFO DAGScheduler: Submitting ShuffleMapStage 7 (MapPartitionsRDD[18] at parquet at NativeMethodAccessorImpl.java:0), which has no missing parents
[2026-05-09T14:27:38.677+0000] {subprocess.py:106} INFO - 26/05/09 14:27:38 INFO MemoryStore: Block broadcast_8 stored as values in memory (estimated size 33.3 KiB, free 434.1 MiB)
[2026-05-09T14:27:38.680+0000] {subprocess.py:106} INFO - 26/05/09 14:27:38 INFO MemoryStore: Block broadcast_8_piece0 stored as bytes in memory (estimated size 14.5 KiB, free 434.1 MiB)
[2026-05-09T14:27:38.682+0000] {subprocess.py:106} INFO - 26/05/09 14:27:38 INFO BlockManagerInfo: Added broadcast_8_piece0 in memory on 172.30.1.13:37549 (size: 14.5 KiB, free: 434.4 MiB)
[2026-05-09T14:27:38.683+0000] {subprocess.py:106} INFO - 26/05/09 14:27:38 INFO SparkContext: Created broadcast 8 from broadcast at DAGScheduler.scala:1580
[2026-05-09T14:27:38.686+0000] {subprocess.py:106} INFO - 26/05/09 14:27:38 INFO DAGScheduler: Submitting 2 missing tasks from ShuffleMapStage 7 (MapPartitionsRDD[18] at parquet at NativeMethodAccessorImpl.java:0) (first 15 tasks are for partitions Vector(0, 1))
[2026-05-09T14:27:38.687+0000] {subprocess.py:106} INFO - 26/05/09 14:27:38 INFO YarnScheduler: Adding task set 7.0 with 2 tasks resource profile 0
[2026-05-09T14:27:38.704+0000] {subprocess.py:106} INFO - 26/05/09 14:27:38 INFO TaskSetManager: Starting task 0.0 in stage 7.0 (TID 7) (00a554289257, executor 2, partition 0, RACK_LOCAL, 8477 bytes)
[2026-05-09T14:27:38.705+0000] {subprocess.py:106} INFO - 26/05/09 14:27:38 INFO TaskSetManager: Starting task 1.0 in stage 7.0 (TID 8) (6303bebb27dc, executor 1, partition 1, RACK_LOCAL, 8477 bytes)
[2026-05-09T14:27:38.768+0000] {subprocess.py:106} INFO - 26/05/09 14:27:38 INFO BlockManagerInfo: Added broadcast_8_piece0 in memory on 6303bebb27dc:43941 (size: 14.5 KiB, free: 93.3 MiB)
[2026-05-09T14:27:38.779+0000] {subprocess.py:106} INFO - 26/05/09 14:27:38 INFO BlockManagerInfo: Added broadcast_8_piece0 in memory on 00a554289257:35345 (size: 14.5 KiB, free: 93.3 MiB)
[2026-05-09T14:27:40.249+0000] {subprocess.py:106} INFO - 26/05/09 14:27:40 INFO BlockManagerInfo: Added broadcast_7_piece0 in memory on 00a554289257:35345 (size: 35.9 KiB, free: 93.3 MiB)
[2026-05-09T14:27:40.250+0000] {subprocess.py:106} INFO - 26/05/09 14:27:40 INFO BlockManagerInfo: Added broadcast_7_piece0 in memory on 6303bebb27dc:43941 (size: 35.9 KiB, free: 93.3 MiB)
[2026-05-09T14:27:41.819+0000] {subprocess.py:106} INFO - 26/05/09 14:27:41 INFO TaskSetManager: Finished task 1.0 in stage 7.0 (TID 8) in 3111 ms on 6303bebb27dc (executor 1) (1/2)
[2026-05-09T14:27:42.042+0000] {subprocess.py:106} INFO - 26/05/09 14:27:42 INFO TaskSetManager: Finished task 0.0 in stage 7.0 (TID 7) in 3341 ms on 00a554289257 (executor 2) (2/2)
[2026-05-09T14:27:42.043+0000] {subprocess.py:106} INFO - 26/05/09 14:27:42 INFO YarnScheduler: Removed TaskSet 7.0, whose tasks have all completed, from pool
[2026-05-09T14:27:42.044+0000] {subprocess.py:106} INFO - 26/05/09 14:27:42 INFO DAGScheduler: ShuffleMapStage 7 (parquet at NativeMethodAccessorImpl.java:0) finished in 3.388 s
[2026-05-09T14:27:42.045+0000] {subprocess.py:106} INFO - 26/05/09 14:27:42 INFO DAGScheduler: looking for newly runnable stages
[2026-05-09T14:27:42.046+0000] {subprocess.py:106} INFO - 26/05/09 14:27:42 INFO DAGScheduler: running: Set()
[2026-05-09T14:27:42.046+0000] {subprocess.py:106} INFO - 26/05/09 14:27:42 INFO DAGScheduler: waiting: Set()
[2026-05-09T14:27:42.047+0000] {subprocess.py:106} INFO - 26/05/09 14:27:42 INFO DAGScheduler: failed: Set()
[2026-05-09T14:27:42.075+0000] {subprocess.py:106} INFO - 26/05/09 14:27:42 INFO ShufflePartitionsUtil: For shuffle(0), advisory target size: 67108864, actual target size 4186011, minimum partition size: 1048576
[2026-05-09T14:27:42.145+0000] {subprocess.py:106} INFO - 26/05/09 14:27:42 INFO ParquetUtils: Using default output committer for Parquet: org.apache.parquet.hadoop.ParquetOutputCommitter
[2026-05-09T14:27:42.163+0000] {subprocess.py:106} INFO - 26/05/09 14:27:42 INFO FileOutputCommitter: File Output Committer Algorithm version is 1
[2026-05-09T14:27:42.164+0000] {subprocess.py:106} INFO - 26/05/09 14:27:42 INFO FileOutputCommitter: FileOutputCommitter skip cleanup _temporary folders under output directory:false, ignore cleanup failures: false
[2026-05-09T14:27:42.165+0000] {subprocess.py:106} INFO - 26/05/09 14:27:42 INFO SQLHadoopMapReduceCommitProtocol: Using user defined output committer class org.apache.parquet.hadoop.ParquetOutputCommitter
[2026-05-09T14:27:42.166+0000] {subprocess.py:106} INFO - 26/05/09 14:27:42 INFO FileOutputCommitter: File Output Committer Algorithm version is 1
[2026-05-09T14:27:42.166+0000] {subprocess.py:106} INFO - 26/05/09 14:27:42 INFO FileOutputCommitter: FileOutputCommitter skip cleanup _temporary folders under output directory:false, ignore cleanup failures: false
[2026-05-09T14:27:42.167+0000] {subprocess.py:106} INFO - 26/05/09 14:27:42 INFO SQLHadoopMapReduceCommitProtocol: Using output committer class org.apache.parquet.hadoop.ParquetOutputCommitter
[2026-05-09T14:27:42.192+0000] {subprocess.py:106} INFO - 26/05/09 14:27:42 INFO CodeGenerator: Code generated in 14.035257 ms
[2026-05-09T14:27:42.223+0000] {subprocess.py:106} INFO - 26/05/09 14:27:42 INFO SparkContext: Starting job: parquet at NativeMethodAccessorImpl.java:0
[2026-05-09T14:27:42.226+0000] {subprocess.py:106} INFO - 26/05/09 14:27:42 INFO DAGScheduler: Got job 8 (parquet at NativeMethodAccessorImpl.java:0) with 2 output partitions
[2026-05-09T14:27:42.227+0000] {subprocess.py:106} INFO - 26/05/09 14:27:42 INFO DAGScheduler: Final stage: ResultStage 9 (parquet at NativeMethodAccessorImpl.java:0)
[2026-05-09T14:27:42.227+0000] {subprocess.py:106} INFO - 26/05/09 14:27:42 INFO DAGScheduler: Parents of final stage: List(ShuffleMapStage 8)
[2026-05-09T14:27:42.228+0000] {subprocess.py:106} INFO - 26/05/09 14:27:42 INFO DAGScheduler: Missing parents: List()
[2026-05-09T14:27:42.229+0000] {subprocess.py:106} INFO - 26/05/09 14:27:42 INFO DAGScheduler: Submitting ResultStage 9 (MapPartitionsRDD[22] at parquet at NativeMethodAccessorImpl.java:0), which has no missing parents
[2026-05-09T14:27:42.272+0000] {subprocess.py:106} INFO - 26/05/09 14:27:42 INFO MemoryStore: Block broadcast_9 stored as values in memory (estimated size 240.2 KiB, free 433.9 MiB)
[2026-05-09T14:27:42.288+0000] {subprocess.py:106} INFO - 26/05/09 14:27:42 INFO MemoryStore: Block broadcast_9_piece0 stored as bytes in memory (estimated size 88.6 KiB, free 433.8 MiB)
[2026-05-09T14:27:42.290+0000] {subprocess.py:106} INFO - 26/05/09 14:27:42 INFO BlockManagerInfo: Added broadcast_9_piece0 in memory on 172.30.1.13:37549 (size: 88.6 KiB, free: 434.3 MiB)
[2026-05-09T14:27:42.292+0000] {subprocess.py:106} INFO - 26/05/09 14:27:42 INFO BlockManagerInfo: Removed broadcast_8_piece0 on 172.30.1.13:37549 in memory (size: 14.5 KiB, free: 434.3 MiB)
[2026-05-09T14:27:42.294+0000] {subprocess.py:106} INFO - 26/05/09 14:27:42 INFO SparkContext: Created broadcast 9 from broadcast at DAGScheduler.scala:1580
[2026-05-09T14:27:42.295+0000] {subprocess.py:106} INFO - 26/05/09 14:27:42 INFO DAGScheduler: Submitting 2 missing tasks from ResultStage 9 (MapPartitionsRDD[22] at parquet at NativeMethodAccessorImpl.java:0) (first 15 tasks are for partitions Vector(0, 1))
[2026-05-09T14:27:42.297+0000] {subprocess.py:106} INFO - 26/05/09 14:27:42 INFO YarnScheduler: Adding task set 9.0 with 2 tasks resource profile 0
[2026-05-09T14:27:42.298+0000] {subprocess.py:106} INFO - 26/05/09 14:27:42 INFO BlockManagerInfo: Removed broadcast_8_piece0 on 6303bebb27dc:43941 in memory (size: 14.5 KiB, free: 93.3 MiB)
[2026-05-09T14:27:42.299+0000] {subprocess.py:106} INFO - 26/05/09 14:27:42 INFO BlockManagerInfo: Removed broadcast_8_piece0 on 00a554289257:35345 in memory (size: 14.5 KiB, free: 93.3 MiB)
[2026-05-09T14:27:42.301+0000] {subprocess.py:106} INFO - 26/05/09 14:27:42 INFO TaskSetManager: Starting task 0.0 in stage 9.0 (TID 9) (6303bebb27dc, executor 1, partition 0, NODE_LOCAL, 7626 bytes)
[2026-05-09T14:27:42.305+0000] {subprocess.py:106} INFO - 26/05/09 14:27:42 INFO TaskSetManager: Starting task 1.0 in stage 9.0 (TID 10) (00a554289257, executor 2, partition 1, NODE_LOCAL, 7626 bytes)
[2026-05-09T14:27:42.329+0000] {subprocess.py:106} INFO - 26/05/09 14:27:42 INFO BlockManagerInfo: Added broadcast_9_piece0 in memory on 6303bebb27dc:43941 (size: 88.6 KiB, free: 93.2 MiB)
[2026-05-09T14:27:42.330+0000] {subprocess.py:106} INFO - 26/05/09 14:27:42 INFO BlockManagerInfo: Added broadcast_9_piece0 in memory on 00a554289257:35345 (size: 88.6 KiB, free: 93.2 MiB)
[2026-05-09T14:27:42.470+0000] {subprocess.py:106} INFO - 26/05/09 14:27:42 INFO MapOutputTrackerMasterEndpoint: Asked to send map output locations for shuffle 0 to 172.30.1.26:60220
[2026-05-09T14:27:42.481+0000] {subprocess.py:106} INFO - 26/05/09 14:27:42 INFO MapOutputTrackerMasterEndpoint: Asked to send map output locations for shuffle 0 to 172.30.1.25:40604
[2026-05-09T14:27:44.023+0000] {subprocess.py:106} INFO - 26/05/09 14:27:44 INFO TaskSetManager: Finished task 0.0 in stage 9.0 (TID 9) in 1726 ms on 6303bebb27dc (executor 1) (1/2)
[2026-05-09T14:27:44.146+0000] {subprocess.py:106} INFO - 26/05/09 14:27:44 INFO TaskSetManager: Finished task 1.0 in stage 9.0 (TID 10) in 1847 ms on 00a554289257 (executor 2) (2/2)
[2026-05-09T14:27:44.147+0000] {subprocess.py:106} INFO - 26/05/09 14:27:44 INFO YarnScheduler: Removed TaskSet 9.0, whose tasks have all completed, from pool
[2026-05-09T14:27:44.148+0000] {subprocess.py:106} INFO - 26/05/09 14:27:44 INFO DAGScheduler: ResultStage 9 (parquet at NativeMethodAccessorImpl.java:0) finished in 1.900 s
[2026-05-09T14:27:44.149+0000] {subprocess.py:106} INFO - 26/05/09 14:27:44 INFO DAGScheduler: Job 8 is finished. Cancelling potential speculative or zombie tasks for this job
[2026-05-09T14:27:44.149+0000] {subprocess.py:106} INFO - 26/05/09 14:27:44 INFO YarnScheduler: Killing all running tasks in stage 9: Stage finished
[2026-05-09T14:27:44.150+0000] {subprocess.py:106} INFO - 26/05/09 14:27:44 INFO DAGScheduler: Job 8 finished: parquet at NativeMethodAccessorImpl.java:0, took 1.926039 s
[2026-05-09T14:27:44.151+0000] {subprocess.py:106} INFO - 26/05/09 14:27:44 INFO FileFormatWriter: Start to commit write Job c881525e-7029-4849-8dd8-f1a552b266ca.
[2026-05-09T14:27:44.190+0000] {subprocess.py:106} INFO - 26/05/09 14:27:44 INFO FileFormatWriter: Write Job c881525e-7029-4849-8dd8-f1a552b266ca committed. Elapsed time: 36 ms.
[2026-05-09T14:27:44.193+0000] {subprocess.py:106} INFO - 26/05/09 14:27:44 INFO FileFormatWriter: Finished processing stats for write job c881525e-7029-4849-8dd8-f1a552b266ca.
[2026-05-09T14:27:44.197+0000] {subprocess.py:106} INFO - ✅ dim_customer created!
[2026-05-09T14:27:44.254+0000] {subprocess.py:106} INFO - 26/05/09 14:27:44 INFO FileSourceStrategy: Pushed Filters:
[2026-05-09T14:27:44.255+0000] {subprocess.py:106} INFO - 26/05/09 14:27:44 INFO FileSourceStrategy: Post-Scan Filters:
[2026-05-09T14:27:44.311+0000] {subprocess.py:106} INFO - 26/05/09 14:27:44 INFO CodeGenerator: Code generated in 27.962778 ms
[2026-05-09T14:27:44.318+0000] {subprocess.py:106} INFO - 26/05/09 14:27:44 INFO MemoryStore: Block broadcast_10 stored as values in memory (estimated size 208.4 KiB, free 433.6 MiB)
[2026-05-09T14:27:44.325+0000] {subprocess.py:106} INFO - 26/05/09 14:27:44 INFO MemoryStore: Block broadcast_10_piece0 stored as bytes in memory (estimated size 36.0 KiB, free 433.6 MiB)
[2026-05-09T14:27:44.327+0000] {subprocess.py:106} INFO - 26/05/09 14:27:44 INFO BlockManagerInfo: Added broadcast_10_piece0 in memory on 172.30.1.13:37549 (size: 36.0 KiB, free: 434.2 MiB)
[2026-05-09T14:27:44.328+0000] {subprocess.py:106} INFO - 26/05/09 14:27:44 INFO SparkContext: Created broadcast 10 from parquet at NativeMethodAccessorImpl.java:0
[2026-05-09T14:27:44.330+0000] {subprocess.py:106} INFO - 26/05/09 14:27:44 INFO FileSourceScanExec: Planning scan with bin packing, max size: 4824915 bytes, open cost is considered as scanning 4194304 bytes.
[2026-05-09T14:27:44.343+0000] {subprocess.py:106} INFO - 26/05/09 14:27:44 INFO DAGScheduler: Registering RDD 27 (parquet at NativeMethodAccessorImpl.java:0) as input to shuffle 1
[2026-05-09T14:27:44.344+0000] {subprocess.py:106} INFO - 26/05/09 14:27:44 INFO DAGScheduler: Got map stage job 9 (parquet at NativeMethodAccessorImpl.java:0) with 2 output partitions
[2026-05-09T14:27:44.348+0000] {subprocess.py:106} INFO - 26/05/09 14:27:44 INFO DAGScheduler: Final stage: ShuffleMapStage 10 (parquet at NativeMethodAccessorImpl.java:0)
[2026-05-09T14:27:44.349+0000] {subprocess.py:106} INFO - 26/05/09 14:27:44 INFO DAGScheduler: Parents of final stage: List()
[2026-05-09T14:27:44.350+0000] {subprocess.py:106} INFO - 26/05/09 14:27:44 INFO DAGScheduler: Missing parents: List()
[2026-05-09T14:27:44.353+0000] {subprocess.py:106} INFO - 26/05/09 14:27:44 INFO DAGScheduler: Submitting ShuffleMapStage 10 (MapPartitionsRDD[27] at parquet at NativeMethodAccessorImpl.java:0), which has no missing parents
[2026-05-09T14:27:44.356+0000] {subprocess.py:106} INFO - 26/05/09 14:27:44 INFO MemoryStore: Block broadcast_11 stored as values in memory (estimated size 35.6 KiB, free 433.6 MiB)
[2026-05-09T14:27:44.364+0000] {subprocess.py:106} INFO - 26/05/09 14:27:44 INFO MemoryStore: Block broadcast_11_piece0 stored as bytes in memory (estimated size 15.2 KiB, free 433.6 MiB)
[2026-05-09T14:27:44.367+0000] {subprocess.py:106} INFO - 26/05/09 14:27:44 INFO BlockManagerInfo: Added broadcast_11_piece0 in memory on 172.30.1.13:37549 (size: 15.2 KiB, free: 434.2 MiB)
[2026-05-09T14:27:44.369+0000] {subprocess.py:106} INFO - 26/05/09 14:27:44 INFO BlockManagerInfo: Removed broadcast_9_piece0 on 172.30.1.13:37549 in memory (size: 88.6 KiB, free: 434.3 MiB)
[2026-05-09T14:27:44.370+0000] {subprocess.py:106} INFO - 26/05/09 14:27:44 INFO SparkContext: Created broadcast 11 from broadcast at DAGScheduler.scala:1580
[2026-05-09T14:27:44.371+0000] {subprocess.py:106} INFO - 26/05/09 14:27:44 INFO DAGScheduler: Submitting 2 missing tasks from ShuffleMapStage 10 (MapPartitionsRDD[27] at parquet at NativeMethodAccessorImpl.java:0) (first 15 tasks are for partitions Vector(0, 1))
[2026-05-09T14:27:44.373+0000] {subprocess.py:106} INFO - 26/05/09 14:27:44 INFO YarnScheduler: Adding task set 10.0 with 2 tasks resource profile 0
[2026-05-09T14:27:44.375+0000] {subprocess.py:106} INFO - 26/05/09 14:27:44 INFO TaskSetManager: Starting task 0.0 in stage 10.0 (TID 11) (6303bebb27dc, executor 1, partition 0, RACK_LOCAL, 8298 bytes)
[2026-05-09T14:27:44.378+0000] {subprocess.py:106} INFO - 26/05/09 14:27:44 INFO BlockManagerInfo: Removed broadcast_9_piece0 on 6303bebb27dc:43941 in memory (size: 88.6 KiB, free: 93.3 MiB)
[2026-05-09T14:27:44.379+0000] {subprocess.py:106} INFO - 26/05/09 14:27:44 INFO BlockManagerInfo: Removed broadcast_9_piece0 on 00a554289257:35345 in memory (size: 88.6 KiB, free: 93.3 MiB)
[2026-05-09T14:27:44.381+0000] {subprocess.py:106} INFO - 26/05/09 14:27:44 INFO TaskSetManager: Starting task 1.0 in stage 10.0 (TID 12) (00a554289257, executor 2, partition 1, RACK_LOCAL, 8298 bytes)
[2026-05-09T14:27:44.400+0000] {subprocess.py:106} INFO - 26/05/09 14:27:44 INFO BlockManagerInfo: Removed broadcast_7_piece0 on 172.30.1.13:37549 in memory (size: 35.9 KiB, free: 434.3 MiB)
[2026-05-09T14:27:44.406+0000] {subprocess.py:106} INFO - 26/05/09 14:27:44 INFO BlockManagerInfo: Removed broadcast_7_piece0 on 6303bebb27dc:43941 in memory (size: 35.9 KiB, free: 93.3 MiB)
[2026-05-09T14:27:44.409+0000] {subprocess.py:106} INFO - 26/05/09 14:27:44 INFO BlockManagerInfo: Removed broadcast_7_piece0 on 00a554289257:35345 in memory (size: 35.9 KiB, free: 93.3 MiB)
[2026-05-09T14:27:44.413+0000] {subprocess.py:106} INFO - 26/05/09 14:27:44 INFO BlockManagerInfo: Added broadcast_11_piece0 in memory on 6303bebb27dc:43941 (size: 15.2 KiB, free: 93.3 MiB)
[2026-05-09T14:27:44.417+0000] {subprocess.py:106} INFO - 26/05/09 14:27:44 INFO BlockManagerInfo: Added broadcast_11_piece0 in memory on 00a554289257:35345 (size: 15.2 KiB, free: 93.3 MiB)
[2026-05-09T14:27:44.488+0000] {subprocess.py:106} INFO - 26/05/09 14:27:44 INFO BlockManagerInfo: Added broadcast_10_piece0 in memory on 6303bebb27dc:43941 (size: 36.0 KiB, free: 93.2 MiB)
[2026-05-09T14:27:44.489+0000] {subprocess.py:106} INFO - 26/05/09 14:27:44 INFO BlockManagerInfo: Added broadcast_10_piece0 in memory on 00a554289257:35345 (size: 36.0 KiB, free: 93.2 MiB)
[2026-05-09T14:27:44.869+0000] {subprocess.py:106} INFO - 26/05/09 14:27:44 INFO TaskSetManager: Finished task 1.0 in stage 10.0 (TID 12) in 497 ms on 00a554289257 (executor 2) (1/2)
[2026-05-09T14:27:44.892+0000] {subprocess.py:106} INFO - 26/05/09 14:27:44 INFO TaskSetManager: Finished task 0.0 in stage 10.0 (TID 11) in 520 ms on 6303bebb27dc (executor 1) (2/2)
[2026-05-09T14:27:44.895+0000] {subprocess.py:106} INFO - 26/05/09 14:27:44 INFO YarnScheduler: Removed TaskSet 10.0, whose tasks have all completed, from pool
[2026-05-09T14:27:44.899+0000] {subprocess.py:106} INFO - 26/05/09 14:27:44 INFO DAGScheduler: ShuffleMapStage 10 (parquet at NativeMethodAccessorImpl.java:0) finished in 0.546 s
[2026-05-09T14:27:44.900+0000] {subprocess.py:106} INFO - 26/05/09 14:27:44 INFO DAGScheduler: looking for newly runnable stages
[2026-05-09T14:27:44.904+0000] {subprocess.py:106} INFO - 26/05/09 14:27:44 INFO DAGScheduler: running: Set()
[2026-05-09T14:27:44.905+0000] {subprocess.py:106} INFO - 26/05/09 14:27:44 INFO DAGScheduler: waiting: Set()
[2026-05-09T14:27:44.907+0000] {subprocess.py:106} INFO - 26/05/09 14:27:44 INFO DAGScheduler: failed: Set()
[2026-05-09T14:27:44.912+0000] {subprocess.py:106} INFO - 26/05/09 14:27:44 INFO ShufflePartitionsUtil: For shuffle(1), advisory target size: 67108864, actual target size 1080760, minimum partition size: 1048576
[2026-05-09T14:27:44.941+0000] {subprocess.py:106} INFO - 26/05/09 14:27:44 INFO ParquetUtils: Using default output committer for Parquet: org.apache.parquet.hadoop.ParquetOutputCommitter
[2026-05-09T14:27:44.944+0000] {subprocess.py:106} INFO - 26/05/09 14:27:44 INFO FileOutputCommitter: File Output Committer Algorithm version is 1
[2026-05-09T14:27:44.945+0000] {subprocess.py:106} INFO - 26/05/09 14:27:44 INFO FileOutputCommitter: FileOutputCommitter skip cleanup _temporary folders under output directory:false, ignore cleanup failures: false
[2026-05-09T14:27:44.947+0000] {subprocess.py:106} INFO - 26/05/09 14:27:44 INFO SQLHadoopMapReduceCommitProtocol: Using user defined output committer class org.apache.parquet.hadoop.ParquetOutputCommitter
[2026-05-09T14:27:44.948+0000] {subprocess.py:106} INFO - 26/05/09 14:27:44 INFO FileOutputCommitter: File Output Committer Algorithm version is 1
[2026-05-09T14:27:44.949+0000] {subprocess.py:106} INFO - 26/05/09 14:27:44 INFO FileOutputCommitter: FileOutputCommitter skip cleanup _temporary folders under output directory:false, ignore cleanup failures: false
[2026-05-09T14:27:44.949+0000] {subprocess.py:106} INFO - 26/05/09 14:27:44 INFO SQLHadoopMapReduceCommitProtocol: Using output committer class org.apache.parquet.hadoop.ParquetOutputCommitter
[2026-05-09T14:27:44.975+0000] {subprocess.py:106} INFO - 26/05/09 14:27:44 INFO SparkContext: Starting job: parquet at NativeMethodAccessorImpl.java:0
[2026-05-09T14:27:44.977+0000] {subprocess.py:106} INFO - 26/05/09 14:27:44 INFO DAGScheduler: Got job 10 (parquet at NativeMethodAccessorImpl.java:0) with 2 output partitions
[2026-05-09T14:27:44.978+0000] {subprocess.py:106} INFO - 26/05/09 14:27:44 INFO DAGScheduler: Final stage: ResultStage 12 (parquet at NativeMethodAccessorImpl.java:0)
[2026-05-09T14:27:44.979+0000] {subprocess.py:106} INFO - 26/05/09 14:27:44 INFO DAGScheduler: Parents of final stage: List(ShuffleMapStage 11)
[2026-05-09T14:27:44.980+0000] {subprocess.py:106} INFO - 26/05/09 14:27:44 INFO DAGScheduler: Missing parents: List()
[2026-05-09T14:27:44.981+0000] {subprocess.py:106} INFO - 26/05/09 14:27:44 INFO DAGScheduler: Submitting ResultStage 12 (MapPartitionsRDD[31] at parquet at NativeMethodAccessorImpl.java:0), which has no missing parents
[2026-05-09T14:27:45.023+0000] {subprocess.py:106} INFO - 26/05/09 14:27:45 INFO MemoryStore: Block broadcast_12 stored as values in memory (estimated size 243.2 KiB, free 433.9 MiB)
[2026-05-09T14:27:45.033+0000] {subprocess.py:106} INFO - 26/05/09 14:27:45 INFO MemoryStore: Block broadcast_12_piece0 stored as bytes in memory (estimated size 89.5 KiB, free 433.8 MiB)
[2026-05-09T14:27:45.035+0000] {subprocess.py:106} INFO - 26/05/09 14:27:45 INFO BlockManagerInfo: Added broadcast_12_piece0 in memory on 172.30.1.13:37549 (size: 89.5 KiB, free: 434.3 MiB)
[2026-05-09T14:27:45.036+0000] {subprocess.py:106} INFO - 26/05/09 14:27:45 INFO SparkContext: Created broadcast 12 from broadcast at DAGScheduler.scala:1580
[2026-05-09T14:27:45.038+0000] {subprocess.py:106} INFO - 26/05/09 14:27:45 INFO DAGScheduler: Submitting 2 missing tasks from ResultStage 12 (MapPartitionsRDD[31] at parquet at NativeMethodAccessorImpl.java:0) (first 15 tasks are for partitions Vector(0, 1))
[2026-05-09T14:27:45.038+0000] {subprocess.py:106} INFO - 26/05/09 14:27:45 INFO YarnScheduler: Adding task set 12.0 with 2 tasks resource profile 0
[2026-05-09T14:27:45.040+0000] {subprocess.py:106} INFO - 26/05/09 14:27:45 INFO TaskSetManager: Starting task 0.0 in stage 12.0 (TID 13) (6303bebb27dc, executor 1, partition 0, NODE_LOCAL, 7626 bytes)
[2026-05-09T14:27:45.042+0000] {subprocess.py:106} INFO - 26/05/09 14:27:45 INFO TaskSetManager: Starting task 1.0 in stage 12.0 (TID 14) (00a554289257, executor 2, partition 1, NODE_LOCAL, 7626 bytes)
[2026-05-09T14:27:45.070+0000] {subprocess.py:106} INFO - 26/05/09 14:27:45 INFO BlockManagerInfo: Added broadcast_12_piece0 in memory on 6303bebb27dc:43941 (size: 89.5 KiB, free: 93.2 MiB)
[2026-05-09T14:27:45.080+0000] {subprocess.py:106} INFO - 26/05/09 14:27:45 INFO BlockManagerInfo: Added broadcast_12_piece0 in memory on 00a554289257:35345 (size: 89.5 KiB, free: 93.2 MiB)
[2026-05-09T14:27:45.101+0000] {subprocess.py:106} INFO - 26/05/09 14:27:45 INFO MapOutputTrackerMasterEndpoint: Asked to send map output locations for shuffle 1 to 172.30.1.25:40604
[2026-05-09T14:27:45.148+0000] {subprocess.py:106} INFO - 26/05/09 14:27:45 INFO MapOutputTrackerMasterEndpoint: Asked to send map output locations for shuffle 1 to 172.30.1.26:60220
[2026-05-09T14:27:45.688+0000] {subprocess.py:106} INFO - 26/05/09 14:27:45 INFO TaskSetManager: Finished task 1.0 in stage 12.0 (TID 14) in 647 ms on 00a554289257 (executor 2) (1/2)
[2026-05-09T14:27:45.782+0000] {subprocess.py:106} INFO - 26/05/09 14:27:45 INFO TaskSetManager: Finished task 0.0 in stage 12.0 (TID 13) in 742 ms on 6303bebb27dc (executor 1) (2/2)
[2026-05-09T14:27:45.784+0000] {subprocess.py:106} INFO - 26/05/09 14:27:45 INFO YarnScheduler: Removed TaskSet 12.0, whose tasks have all completed, from pool
[2026-05-09T14:27:45.785+0000] {subprocess.py:106} INFO - 26/05/09 14:27:45 INFO DAGScheduler: ResultStage 12 (parquet at NativeMethodAccessorImpl.java:0) finished in 0.786 s
[2026-05-09T14:27:45.786+0000] {subprocess.py:106} INFO - 26/05/09 14:27:45 INFO DAGScheduler: Job 10 is finished. Cancelling potential speculative or zombie tasks for this job
[2026-05-09T14:27:45.787+0000] {subprocess.py:106} INFO - 26/05/09 14:27:45 INFO YarnScheduler: Killing all running tasks in stage 12: Stage finished
[2026-05-09T14:27:45.787+0000] {subprocess.py:106} INFO - 26/05/09 14:27:45 INFO DAGScheduler: Job 10 finished: parquet at NativeMethodAccessorImpl.java:0, took 0.810671 s
[2026-05-09T14:27:45.788+0000] {subprocess.py:106} INFO - 26/05/09 14:27:45 INFO FileFormatWriter: Start to commit write Job e488f726-fab6-402b-a839-11892a8f294d.
[2026-05-09T14:27:45.820+0000] {subprocess.py:106} INFO - 26/05/09 14:27:45 INFO FileFormatWriter: Write Job e488f726-fab6-402b-a839-11892a8f294d committed. Elapsed time: 32 ms.
[2026-05-09T14:27:45.821+0000] {subprocess.py:106} INFO - 26/05/09 14:27:45 INFO FileFormatWriter: Finished processing stats for write job e488f726-fab6-402b-a839-11892a8f294d.
[2026-05-09T14:27:45.821+0000] {subprocess.py:106} INFO - ✅ dim_product created!
[2026-05-09T14:27:45.865+0000] {subprocess.py:106} INFO - 26/05/09 14:27:45 INFO FileSourceStrategy: Pushed Filters:
[2026-05-09T14:27:45.866+0000] {subprocess.py:106} INFO - 26/05/09 14:27:45 INFO FileSourceStrategy: Post-Scan Filters:
[2026-05-09T14:27:45.913+0000] {subprocess.py:106} INFO - 26/05/09 14:27:45 INFO CodeGenerator: Code generated in 21.801883 ms
[2026-05-09T14:27:45.917+0000] {subprocess.py:106} INFO - 26/05/09 14:27:45 INFO MemoryStore: Block broadcast_13 stored as values in memory (estimated size 207.9 KiB, free 433.6 MiB)
[2026-05-09T14:27:45.932+0000] {subprocess.py:106} INFO - 26/05/09 14:27:45 INFO BlockManagerInfo: Removed broadcast_11_piece0 on 172.30.1.13:37549 in memory (size: 15.2 KiB, free: 434.3 MiB)
[2026-05-09T14:27:45.935+0000] {subprocess.py:106} INFO - 26/05/09 14:27:45 INFO BlockManagerInfo: Removed broadcast_11_piece0 on 00a554289257:35345 in memory (size: 15.2 KiB, free: 93.2 MiB)
[2026-05-09T14:27:45.936+0000] {subprocess.py:106} INFO - 26/05/09 14:27:45 INFO MemoryStore: Block broadcast_13_piece0 stored as bytes in memory (estimated size 35.7 KiB, free 433.6 MiB)
[2026-05-09T14:27:45.937+0000] {subprocess.py:106} INFO - 26/05/09 14:27:45 INFO BlockManagerInfo: Removed broadcast_11_piece0 on 6303bebb27dc:43941 in memory (size: 15.2 KiB, free: 93.2 MiB)
[2026-05-09T14:27:45.938+0000] {subprocess.py:106} INFO - 26/05/09 14:27:45 INFO BlockManagerInfo: Added broadcast_13_piece0 in memory on 172.30.1.13:37549 (size: 35.7 KiB, free: 434.2 MiB)
[2026-05-09T14:27:45.939+0000] {subprocess.py:106} INFO - 26/05/09 14:27:45 INFO SparkContext: Created broadcast 13 from parquet at NativeMethodAccessorImpl.java:0
[2026-05-09T14:27:45.941+0000] {subprocess.py:106} INFO - 26/05/09 14:27:45 INFO FileSourceScanExec: Planning scan with bin packing, max size: 4261795 bytes, open cost is considered as scanning 4194304 bytes.
[2026-05-09T14:27:45.946+0000] {subprocess.py:106} INFO - 26/05/09 14:27:45 INFO BlockManagerInfo: Removed broadcast_10_piece0 on 172.30.1.13:37549 in memory (size: 36.0 KiB, free: 434.3 MiB)
[2026-05-09T14:27:45.949+0000] {subprocess.py:106} INFO - 26/05/09 14:27:45 INFO BlockManagerInfo: Removed broadcast_10_piece0 on 6303bebb27dc:43941 in memory (size: 36.0 KiB, free: 93.2 MiB)
[2026-05-09T14:27:45.950+0000] {subprocess.py:106} INFO - 26/05/09 14:27:45 INFO BlockManagerInfo: Removed broadcast_10_piece0 on 00a554289257:35345 in memory (size: 36.0 KiB, free: 93.2 MiB)
[2026-05-09T14:27:45.953+0000] {subprocess.py:106} INFO - 26/05/09 14:27:45 INFO DAGScheduler: Registering RDD 36 (parquet at NativeMethodAccessorImpl.java:0) as input to shuffle 2
[2026-05-09T14:27:45.954+0000] {subprocess.py:106} INFO - 26/05/09 14:27:45 INFO DAGScheduler: Got map stage job 11 (parquet at NativeMethodAccessorImpl.java:0) with 2 output partitions
[2026-05-09T14:27:45.955+0000] {subprocess.py:106} INFO - 26/05/09 14:27:45 INFO DAGScheduler: Final stage: ShuffleMapStage 13 (parquet at NativeMethodAccessorImpl.java:0)
[2026-05-09T14:27:45.956+0000] {subprocess.py:106} INFO - 26/05/09 14:27:45 INFO DAGScheduler: Parents of final stage: List()
[2026-05-09T14:27:45.959+0000] {subprocess.py:106} INFO - 26/05/09 14:27:45 INFO DAGScheduler: Missing parents: List()
[2026-05-09T14:27:45.960+0000] {subprocess.py:106} INFO - 26/05/09 14:27:45 INFO DAGScheduler: Submitting ShuffleMapStage 13 (MapPartitionsRDD[36] at parquet at NativeMethodAccessorImpl.java:0), which has no missing parents
[2026-05-09T14:27:45.961+0000] {subprocess.py:106} INFO - 26/05/09 14:27:45 INFO MemoryStore: Block broadcast_14 stored as values in memory (estimated size 32.2 KiB, free 433.8 MiB)
[2026-05-09T14:27:45.964+0000] {subprocess.py:106} INFO - 26/05/09 14:27:45 INFO MemoryStore: Block broadcast_14_piece0 stored as bytes in memory (estimated size 14.1 KiB, free 434.1 MiB)
[2026-05-09T14:27:45.965+0000] {subprocess.py:106} INFO - 26/05/09 14:27:45 INFO BlockManagerInfo: Removed broadcast_12_piece0 on 172.30.1.13:37549 in memory (size: 89.5 KiB, free: 434.4 MiB)
[2026-05-09T14:27:45.966+0000] {subprocess.py:106} INFO - 26/05/09 14:27:45 INFO BlockManagerInfo: Added broadcast_14_piece0 in memory on 172.30.1.13:37549 (size: 14.1 KiB, free: 434.4 MiB)
[2026-05-09T14:27:45.967+0000] {subprocess.py:106} INFO - 26/05/09 14:27:45 INFO SparkContext: Created broadcast 14 from broadcast at DAGScheduler.scala:1580
[2026-05-09T14:27:45.968+0000] {subprocess.py:106} INFO - 26/05/09 14:27:45 INFO BlockManagerInfo: Removed broadcast_12_piece0 on 6303bebb27dc:43941 in memory (size: 89.5 KiB, free: 93.3 MiB)
[2026-05-09T14:27:45.969+0000] {subprocess.py:106} INFO - 26/05/09 14:27:45 INFO DAGScheduler: Submitting 2 missing tasks from ShuffleMapStage 13 (MapPartitionsRDD[36] at parquet at NativeMethodAccessorImpl.java:0) (first 15 tasks are for partitions Vector(0, 1))
[2026-05-09T14:27:45.970+0000] {subprocess.py:106} INFO - 26/05/09 14:27:45 INFO YarnScheduler: Adding task set 13.0 with 2 tasks resource profile 0
[2026-05-09T14:27:45.971+0000] {subprocess.py:106} INFO - 26/05/09 14:27:45 INFO BlockManagerInfo: Removed broadcast_12_piece0 on 00a554289257:35345 in memory (size: 89.5 KiB, free: 93.3 MiB)
[2026-05-09T14:27:45.971+0000] {subprocess.py:106} INFO - 26/05/09 14:27:45 INFO TaskSetManager: Starting task 0.0 in stage 13.0 (TID 15) (00a554289257, executor 2, partition 0, RACK_LOCAL, 8297 bytes)
[2026-05-09T14:27:45.972+0000] {subprocess.py:106} INFO - 26/05/09 14:27:45 INFO TaskSetManager: Starting task 1.0 in stage 13.0 (TID 16) (6303bebb27dc, executor 1, partition 1, RACK_LOCAL, 8297 bytes)
[2026-05-09T14:27:45.985+0000] {subprocess.py:106} INFO - 26/05/09 14:27:45 INFO BlockManagerInfo: Added broadcast_14_piece0 in memory on 6303bebb27dc:43941 (size: 14.1 KiB, free: 93.3 MiB)
[2026-05-09T14:27:45.987+0000] {subprocess.py:106} INFO - 26/05/09 14:27:45 INFO BlockManagerInfo: Added broadcast_14_piece0 in memory on 00a554289257:35345 (size: 14.1 KiB, free: 93.3 MiB)
[2026-05-09T14:27:46.030+0000] {subprocess.py:106} INFO - 26/05/09 14:27:46 INFO BlockManagerInfo: Added broadcast_13_piece0 in memory on 6303bebb27dc:43941 (size: 35.7 KiB, free: 93.3 MiB)
[2026-05-09T14:27:46.033+0000] {subprocess.py:106} INFO - 26/05/09 14:27:46 INFO BlockManagerInfo: Added broadcast_13_piece0 in memory on 00a554289257:35345 (size: 35.7 KiB, free: 93.3 MiB)
[2026-05-09T14:27:46.209+0000] {subprocess.py:106} INFO - 26/05/09 14:27:46 INFO TaskSetManager: Finished task 1.0 in stage 13.0 (TID 16) in 241 ms on 6303bebb27dc (executor 1) (1/2)
[2026-05-09T14:27:46.224+0000] {subprocess.py:106} INFO - 26/05/09 14:27:46 INFO TaskSetManager: Finished task 0.0 in stage 13.0 (TID 15) in 256 ms on 00a554289257 (executor 2) (2/2)
[2026-05-09T14:27:46.225+0000] {subprocess.py:106} INFO - 26/05/09 14:27:46 INFO YarnScheduler: Removed TaskSet 13.0, whose tasks have all completed, from pool
[2026-05-09T14:27:46.226+0000] {subprocess.py:106} INFO - 26/05/09 14:27:46 INFO DAGScheduler: ShuffleMapStage 13 (parquet at NativeMethodAccessorImpl.java:0) finished in 0.268 s
[2026-05-09T14:27:46.226+0000] {subprocess.py:106} INFO - 26/05/09 14:27:46 INFO DAGScheduler: looking for newly runnable stages
[2026-05-09T14:27:46.227+0000] {subprocess.py:106} INFO - 26/05/09 14:27:46 INFO DAGScheduler: running: Set()
[2026-05-09T14:27:46.227+0000] {subprocess.py:106} INFO - 26/05/09 14:27:46 INFO DAGScheduler: waiting: Set()
[2026-05-09T14:27:46.228+0000] {subprocess.py:106} INFO - 26/05/09 14:27:46 INFO DAGScheduler: failed: Set()
[2026-05-09T14:27:46.233+0000] {subprocess.py:106} INFO - 26/05/09 14:27:46 INFO ShufflePartitionsUtil: For shuffle(2), advisory target size: 67108864, actual target size 1048576, minimum partition size: 1048576
[2026-05-09T14:27:46.253+0000] {subprocess.py:106} INFO - 26/05/09 14:27:46 INFO ParquetUtils: Using default output committer for Parquet: org.apache.parquet.hadoop.ParquetOutputCommitter
[2026-05-09T14:27:46.255+0000] {subprocess.py:106} INFO - 26/05/09 14:27:46 INFO FileOutputCommitter: File Output Committer Algorithm version is 1
[2026-05-09T14:27:46.256+0000] {subprocess.py:106} INFO - 26/05/09 14:27:46 INFO FileOutputCommitter: FileOutputCommitter skip cleanup _temporary folders under output directory:false, ignore cleanup failures: false
[2026-05-09T14:27:46.256+0000] {subprocess.py:106} INFO - 26/05/09 14:27:46 INFO SQLHadoopMapReduceCommitProtocol: Using user defined output committer class org.apache.parquet.hadoop.ParquetOutputCommitter
[2026-05-09T14:27:46.257+0000] {subprocess.py:106} INFO - 26/05/09 14:27:46 INFO FileOutputCommitter: File Output Committer Algorithm version is 1
[2026-05-09T14:27:46.258+0000] {subprocess.py:106} INFO - 26/05/09 14:27:46 INFO FileOutputCommitter: FileOutputCommitter skip cleanup _temporary folders under output directory:false, ignore cleanup failures: false
[2026-05-09T14:27:46.258+0000] {subprocess.py:106} INFO - 26/05/09 14:27:46 INFO SQLHadoopMapReduceCommitProtocol: Using output committer class org.apache.parquet.hadoop.ParquetOutputCommitter
[2026-05-09T14:27:46.274+0000] {subprocess.py:106} INFO - 26/05/09 14:27:46 INFO SparkContext: Starting job: parquet at NativeMethodAccessorImpl.java:0
[2026-05-09T14:27:46.275+0000] {subprocess.py:106} INFO - 26/05/09 14:27:46 INFO DAGScheduler: Got job 12 (parquet at NativeMethodAccessorImpl.java:0) with 1 output partitions
[2026-05-09T14:27:46.276+0000] {subprocess.py:106} INFO - 26/05/09 14:27:46 INFO DAGScheduler: Final stage: ResultStage 15 (parquet at NativeMethodAccessorImpl.java:0)
[2026-05-09T14:27:46.277+0000] {subprocess.py:106} INFO - 26/05/09 14:27:46 INFO DAGScheduler: Parents of final stage: List(ShuffleMapStage 14)
[2026-05-09T14:27:46.277+0000] {subprocess.py:106} INFO - 26/05/09 14:27:46 INFO DAGScheduler: Missing parents: List()
[2026-05-09T14:27:46.278+0000] {subprocess.py:106} INFO - 26/05/09 14:27:46 INFO DAGScheduler: Submitting ResultStage 15 (MapPartitionsRDD[40] at parquet at NativeMethodAccessorImpl.java:0), which has no missing parents
[2026-05-09T14:27:46.297+0000] {subprocess.py:106} INFO - 26/05/09 14:27:46 INFO MemoryStore: Block broadcast_15 stored as values in memory (estimated size 238.7 KiB, free 433.9 MiB)
[2026-05-09T14:27:46.299+0000] {subprocess.py:106} INFO - 26/05/09 14:27:46 INFO MemoryStore: Block broadcast_15_piece0 stored as bytes in memory (estimated size 88.1 KiB, free 433.8 MiB)
[2026-05-09T14:27:46.300+0000] {subprocess.py:106} INFO - 26/05/09 14:27:46 INFO BlockManagerInfo: Added broadcast_15_piece0 in memory on 172.30.1.13:37549 (size: 88.1 KiB, free: 434.3 MiB)
[2026-05-09T14:27:46.301+0000] {subprocess.py:106} INFO - 26/05/09 14:27:46 INFO SparkContext: Created broadcast 15 from broadcast at DAGScheduler.scala:1580
[2026-05-09T14:27:46.302+0000] {subprocess.py:106} INFO - 26/05/09 14:27:46 INFO DAGScheduler: Submitting 1 missing tasks from ResultStage 15 (MapPartitionsRDD[40] at parquet at NativeMethodAccessorImpl.java:0) (first 15 tasks are for partitions Vector(0))
[2026-05-09T14:27:46.302+0000] {subprocess.py:106} INFO - 26/05/09 14:27:46 INFO YarnScheduler: Adding task set 15.0 with 1 tasks resource profile 0
[2026-05-09T14:27:46.304+0000] {subprocess.py:106} INFO - 26/05/09 14:27:46 INFO TaskSetManager: Starting task 0.0 in stage 15.0 (TID 17) (6303bebb27dc, executor 1, partition 0, NODE_LOCAL, 7626 bytes)
[2026-05-09T14:27:46.319+0000] {subprocess.py:106} INFO - 26/05/09 14:27:46 INFO BlockManagerInfo: Added broadcast_15_piece0 in memory on 6303bebb27dc:43941 (size: 88.1 KiB, free: 93.2 MiB)
[2026-05-09T14:27:46.333+0000] {subprocess.py:106} INFO - 26/05/09 14:27:46 INFO MapOutputTrackerMasterEndpoint: Asked to send map output locations for shuffle 2 to 172.30.1.25:40604
[2026-05-09T14:27:46.346+0000] {subprocess.py:106} INFO - 26/05/09 14:27:46 INFO BlockManagerInfo: Removed broadcast_14_piece0 on 172.30.1.13:37549 in memory (size: 14.1 KiB, free: 434.3 MiB)
[2026-05-09T14:27:46.348+0000] {subprocess.py:106} INFO - 26/05/09 14:27:46 INFO BlockManagerInfo: Removed broadcast_14_piece0 on 6303bebb27dc:43941 in memory (size: 14.1 KiB, free: 93.2 MiB)
[2026-05-09T14:27:46.349+0000] {subprocess.py:106} INFO - 26/05/09 14:27:46 INFO BlockManagerInfo: Removed broadcast_14_piece0 on 00a554289257:35345 in memory (size: 14.1 KiB, free: 93.3 MiB)
[2026-05-09T14:27:46.482+0000] {subprocess.py:106} INFO - 26/05/09 14:27:46 INFO TaskSetManager: Finished task 0.0 in stage 15.0 (TID 17) in 178 ms on 6303bebb27dc (executor 1) (1/1)
[2026-05-09T14:27:46.483+0000] {subprocess.py:106} INFO - 26/05/09 14:27:46 INFO YarnScheduler: Removed TaskSet 15.0, whose tasks have all completed, from pool
[2026-05-09T14:27:46.484+0000] {subprocess.py:106} INFO - 26/05/09 14:27:46 INFO DAGScheduler: ResultStage 15 (parquet at NativeMethodAccessorImpl.java:0) finished in 0.198 s
[2026-05-09T14:27:46.485+0000] {subprocess.py:106} INFO - 26/05/09 14:27:46 INFO DAGScheduler: Job 12 is finished. Cancelling potential speculative or zombie tasks for this job
[2026-05-09T14:27:46.486+0000] {subprocess.py:106} INFO - 26/05/09 14:27:46 INFO YarnScheduler: Killing all running tasks in stage 15: Stage finished
[2026-05-09T14:27:46.486+0000] {subprocess.py:106} INFO - 26/05/09 14:27:46 INFO DAGScheduler: Job 12 finished: parquet at NativeMethodAccessorImpl.java:0, took 0.210059 s
[2026-05-09T14:27:46.487+0000] {subprocess.py:106} INFO - 26/05/09 14:27:46 INFO FileFormatWriter: Start to commit write Job 274c3e3f-a4bb-467d-b1a8-8adc3bb8a1f2.
[2026-05-09T14:27:46.506+0000] {subprocess.py:106} INFO - 26/05/09 14:27:46 INFO FileFormatWriter: Write Job 274c3e3f-a4bb-467d-b1a8-8adc3bb8a1f2 committed. Elapsed time: 20 ms.
[2026-05-09T14:27:46.508+0000] {subprocess.py:106} INFO - 26/05/09 14:27:46 INFO FileFormatWriter: Finished processing stats for write job 274c3e3f-a4bb-467d-b1a8-8adc3bb8a1f2.
[2026-05-09T14:27:46.509+0000] {subprocess.py:106} INFO - ✅ dim_seller created!
[2026-05-09T14:27:46.766+0000] {subprocess.py:106} INFO - 26/05/09 14:27:46 INFO FileSourceStrategy: Pushed Filters:
[2026-05-09T14:27:46.767+0000] {subprocess.py:106} INFO - 26/05/09 14:27:46 INFO FileSourceStrategy: Post-Scan Filters: atleastnnonnulls(2, order_id#0, customer_id#1)
[2026-05-09T14:27:46.776+0000] {subprocess.py:106} INFO - 26/05/09 14:27:46 INFO FileSourceStrategy: Pushed Filters: IsNotNull(order_id)
[2026-05-09T14:27:46.777+0000] {subprocess.py:106} INFO - 26/05/09 14:27:46 INFO FileSourceStrategy: Post-Scan Filters: isnotnull(order_id#26)
[2026-05-09T14:27:46.779+0000] {subprocess.py:106} INFO - 26/05/09 14:27:46 INFO FileSourceStrategy: Pushed Filters: IsNotNull(order_id)
[2026-05-09T14:27:46.780+0000] {subprocess.py:106} INFO - 26/05/09 14:27:46 INFO FileSourceStrategy: Post-Scan Filters: isnotnull(order_id#66)
[2026-05-09T14:27:46.857+0000] {subprocess.py:106} INFO - 26/05/09 14:27:46 INFO CodeGenerator: Code generated in 17.684226 ms
[2026-05-09T14:27:46.862+0000] {subprocess.py:106} INFO - 26/05/09 14:27:46 INFO CodeGenerator: Code generated in 22.649737 ms
[2026-05-09T14:27:46.864+0000] {subprocess.py:106} INFO - 26/05/09 14:27:46 INFO MemoryStore: Block broadcast_16 stored as values in memory (estimated size 207.9 KiB, free 433.6 MiB)
[2026-05-09T14:27:46.868+0000] {subprocess.py:106} INFO - 26/05/09 14:27:46 INFO MemoryStore: Block broadcast_17 stored as values in memory (estimated size 208.2 KiB, free 433.4 MiB)
[2026-05-09T14:27:46.875+0000] {subprocess.py:106} INFO - 26/05/09 14:27:46 INFO MemoryStore: Block broadcast_16_piece0 stored as bytes in memory (estimated size 35.8 KiB, free 433.4 MiB)
[2026-05-09T14:27:46.876+0000] {subprocess.py:106} INFO - 26/05/09 14:27:46 INFO BlockManagerInfo: Added broadcast_16_piece0 in memory on 172.30.1.13:37549 (size: 35.8 KiB, free: 434.2 MiB)
[2026-05-09T14:27:46.877+0000] {subprocess.py:106} INFO - 26/05/09 14:27:46 INFO MemoryStore: Block broadcast_17_piece0 stored as bytes in memory (estimated size 35.9 KiB, free 433.4 MiB)
[2026-05-09T14:27:46.877+0000] {subprocess.py:106} INFO - 26/05/09 14:27:46 INFO SparkContext: Created broadcast 16 from $anonfun$withThreadLocalCaptured$1 at FutureTask.java:264
[2026-05-09T14:27:46.878+0000] {subprocess.py:106} INFO - 26/05/09 14:27:46 INFO BlockManagerInfo: Added broadcast_17_piece0 in memory on 172.30.1.13:37549 (size: 35.9 KiB, free: 434.2 MiB)
[2026-05-09T14:27:46.879+0000] {subprocess.py:106} INFO - 26/05/09 14:27:46 INFO SparkContext: Created broadcast 17 from $anonfun$withThreadLocalCaptured$1 at FutureTask.java:264
[2026-05-09T14:27:46.880+0000] {subprocess.py:106} INFO - 26/05/09 14:27:46 INFO FileSourceScanExec: Planning scan with bin packing, max size: 10357405 bytes, open cost is considered as scanning 4194304 bytes.
[2026-05-09T14:27:46.880+0000] {subprocess.py:106} INFO - 26/05/09 14:27:46 INFO FileSourceScanExec: Planning scan with bin packing, max size: 12039153 bytes, open cost is considered as scanning 4194304 bytes.
[2026-05-09T14:27:46.896+0000] {subprocess.py:106} INFO - 26/05/09 14:27:46 INFO SparkContext: Starting job: $anonfun$withThreadLocalCaptured$1 at FutureTask.java:264
[2026-05-09T14:27:46.900+0000] {subprocess.py:106} INFO - 26/05/09 14:27:46 INFO DAGScheduler: Got job 13 ($anonfun$withThreadLocalCaptured$1 at FutureTask.java:264) with 2 output partitions
[2026-05-09T14:27:46.901+0000] {subprocess.py:106} INFO - 26/05/09 14:27:46 INFO DAGScheduler: Final stage: ResultStage 16 ($anonfun$withThreadLocalCaptured$1 at FutureTask.java:264)
[2026-05-09T14:27:46.902+0000] {subprocess.py:106} INFO - 26/05/09 14:27:46 INFO DAGScheduler: Parents of final stage: List()
[2026-05-09T14:27:46.903+0000] {subprocess.py:106} INFO - 26/05/09 14:27:46 INFO SparkContext: Starting job: $anonfun$withThreadLocalCaptured$1 at FutureTask.java:264
[2026-05-09T14:27:46.903+0000] {subprocess.py:106} INFO - 26/05/09 14:27:46 INFO DAGScheduler: Missing parents: List()
[2026-05-09T14:27:46.904+0000] {subprocess.py:106} INFO - 26/05/09 14:27:46 INFO DAGScheduler: Submitting ResultStage 16 (MapPartitionsRDD[47] at $anonfun$withThreadLocalCaptured$1 at FutureTask.java:264), which has no missing parents
[2026-05-09T14:27:46.904+0000] {subprocess.py:106} INFO - 26/05/09 14:27:46 INFO MemoryStore: Block broadcast_18 stored as values in memory (estimated size 15.6 KiB, free 433.4 MiB)
[2026-05-09T14:27:46.917+0000] {subprocess.py:106} INFO - 26/05/09 14:27:46 INFO MemoryStore: Block broadcast_18_piece0 stored as bytes in memory (estimated size 6.6 KiB, free 433.3 MiB)
[2026-05-09T14:27:46.919+0000] {subprocess.py:106} INFO - 26/05/09 14:27:46 INFO BlockManagerInfo: Added broadcast_18_piece0 in memory on 172.30.1.13:37549 (size: 6.6 KiB, free: 434.2 MiB)
[2026-05-09T14:27:46.920+0000] {subprocess.py:106} INFO - 26/05/09 14:27:46 INFO SparkContext: Created broadcast 18 from broadcast at DAGScheduler.scala:1580
[2026-05-09T14:27:46.921+0000] {subprocess.py:106} INFO - 26/05/09 14:27:46 INFO BlockManagerInfo: Removed broadcast_13_piece0 on 172.30.1.13:37549 in memory (size: 35.7 KiB, free: 434.2 MiB)
[2026-05-09T14:27:46.922+0000] {subprocess.py:106} INFO - 26/05/09 14:27:46 INFO DAGScheduler: Submitting 2 missing tasks from ResultStage 16 (MapPartitionsRDD[47] at $anonfun$withThreadLocalCaptured$1 at FutureTask.java:264) (first 15 tasks are for partitions Vector(0, 1))
[2026-05-09T14:27:46.923+0000] {subprocess.py:106} INFO - 26/05/09 14:27:46 INFO YarnScheduler: Adding task set 16.0 with 2 tasks resource profile 0
[2026-05-09T14:27:46.925+0000] {subprocess.py:106} INFO - 26/05/09 14:27:46 INFO BlockManagerInfo: Removed broadcast_13_piece0 on 00a554289257:35345 in memory (size: 35.7 KiB, free: 93.3 MiB)
[2026-05-09T14:27:46.926+0000] {subprocess.py:106} INFO - 26/05/09 14:27:46 INFO BlockManagerInfo: Removed broadcast_13_piece0 on 6303bebb27dc:43941 in memory (size: 35.7 KiB, free: 93.2 MiB)
[2026-05-09T14:27:46.927+0000] {subprocess.py:106} INFO - 26/05/09 14:27:46 INFO DAGScheduler: Got job 14 ($anonfun$withThreadLocalCaptured$1 at FutureTask.java:264) with 2 output partitions
[2026-05-09T14:27:46.928+0000] {subprocess.py:106} INFO - 26/05/09 14:27:46 INFO TaskSetManager: Starting task 0.0 in stage 16.0 (TID 18) (6303bebb27dc, executor 1, partition 0, RACK_LOCAL, 8486 bytes)
[2026-05-09T14:27:46.929+0000] {subprocess.py:106} INFO - 26/05/09 14:27:46 INFO DAGScheduler: Final stage: ResultStage 17 ($anonfun$withThreadLocalCaptured$1 at FutureTask.java:264)
[2026-05-09T14:27:46.930+0000] {subprocess.py:106} INFO - 26/05/09 14:27:46 INFO DAGScheduler: Parents of final stage: List()
[2026-05-09T14:27:46.931+0000] {subprocess.py:106} INFO - 26/05/09 14:27:46 INFO DAGScheduler: Missing parents: List()
[2026-05-09T14:27:46.932+0000] {subprocess.py:106} INFO - 26/05/09 14:27:46 INFO TaskSetManager: Starting task 1.0 in stage 16.0 (TID 19) (00a554289257, executor 2, partition 1, RACK_LOCAL, 8486 bytes)
[2026-05-09T14:27:46.933+0000] {subprocess.py:106} INFO - 26/05/09 14:27:46 INFO DAGScheduler: Submitting ResultStage 17 (MapPartitionsRDD[48] at $anonfun$withThreadLocalCaptured$1 at FutureTask.java:264), which has no missing parents
[2026-05-09T14:27:46.934+0000] {subprocess.py:106} INFO - 26/05/09 14:27:46 INFO MemoryStore: Block broadcast_19 stored as values in memory (estimated size 16.8 KiB, free 433.6 MiB)
[2026-05-09T14:27:46.935+0000] {subprocess.py:106} INFO - 26/05/09 14:27:46 INFO MemoryStore: Block broadcast_19_piece0 stored as bytes in memory (estimated size 6.8 KiB, free 433.6 MiB)
[2026-05-09T14:27:46.936+0000] {subprocess.py:106} INFO - 26/05/09 14:27:46 INFO BlockManagerInfo: Added broadcast_19_piece0 in memory on 172.30.1.13:37549 (size: 6.8 KiB, free: 434.2 MiB)
[2026-05-09T14:27:46.938+0000] {subprocess.py:106} INFO - 26/05/09 14:27:46 INFO SparkContext: Created broadcast 19 from broadcast at DAGScheduler.scala:1580
[2026-05-09T14:27:46.939+0000] {subprocess.py:106} INFO - 26/05/09 14:27:46 INFO DAGScheduler: Submitting 2 missing tasks from ResultStage 17 (MapPartitionsRDD[48] at $anonfun$withThreadLocalCaptured$1 at FutureTask.java:264) (first 15 tasks are for partitions Vector(0, 1))
[2026-05-09T14:27:46.940+0000] {subprocess.py:106} INFO - 26/05/09 14:27:46 INFO YarnScheduler: Adding task set 17.0 with 2 tasks resource profile 0
[2026-05-09T14:27:46.943+0000] {subprocess.py:106} INFO - 26/05/09 14:27:46 INFO BlockManagerInfo: Removed broadcast_15_piece0 on 172.30.1.13:37549 in memory (size: 88.1 KiB, free: 434.3 MiB)
[2026-05-09T14:27:46.948+0000] {subprocess.py:106} INFO - 26/05/09 14:27:46 INFO BlockManagerInfo: Added broadcast_18_piece0 in memory on 00a554289257:35345 (size: 6.6 KiB, free: 93.3 MiB)
[2026-05-09T14:27:46.949+0000] {subprocess.py:106} INFO - 26/05/09 14:27:46 INFO BlockManagerInfo: Removed broadcast_15_piece0 on 6303bebb27dc:43941 in memory (size: 88.1 KiB, free: 93.3 MiB)
[2026-05-09T14:27:46.951+0000] {subprocess.py:106} INFO - 26/05/09 14:27:46 INFO BlockManagerInfo: Added broadcast_18_piece0 in memory on 6303bebb27dc:43941 (size: 6.6 KiB, free: 93.3 MiB)
[2026-05-09T14:27:47.012+0000] {subprocess.py:106} INFO - 26/05/09 14:27:47 INFO BlockManagerInfo: Added broadcast_16_piece0 in memory on 6303bebb27dc:43941 (size: 35.8 KiB, free: 93.3 MiB)
[2026-05-09T14:27:47.020+0000] {subprocess.py:106} INFO - 26/05/09 14:27:47 INFO BlockManagerInfo: Added broadcast_16_piece0 in memory on 00a554289257:35345 (size: 35.8 KiB, free: 93.3 MiB)
[2026-05-09T14:27:47.243+0000] {subprocess.py:106} INFO - 26/05/09 14:27:47 INFO BlockManagerInfo: Added taskresult_19 in memory on 00a554289257:35345 (size: 1672.2 KiB, free: 91.6 MiB)
[2026-05-09T14:27:47.249+0000] {subprocess.py:106} INFO - 26/05/09 14:27:47 INFO BlockManagerInfo: Added taskresult_18 in memory on 6303bebb27dc:43941 (size: 2.6 MiB, free: 90.6 MiB)
[2026-05-09T14:27:47.257+0000] {subprocess.py:106} INFO - 26/05/09 14:27:47 INFO TaskSetManager: Starting task 0.0 in stage 17.0 (TID 20) (00a554289257, executor 2, partition 0, RACK_LOCAL, 8492 bytes)
[2026-05-09T14:27:47.264+0000] {subprocess.py:106} INFO - 26/05/09 14:27:47 INFO TaskSetManager: Starting task 1.0 in stage 17.0 (TID 21) (6303bebb27dc, executor 1, partition 1, RACK_LOCAL, 8492 bytes)
[2026-05-09T14:27:47.308+0000] {subprocess.py:106} INFO - 26/05/09 14:27:47 INFO BlockManagerInfo: Added broadcast_19_piece0 in memory on 00a554289257:35345 (size: 6.8 KiB, free: 91.6 MiB)
[2026-05-09T14:27:47.325+0000] {subprocess.py:106} INFO - 26/05/09 14:27:47 INFO BlockManagerInfo: Added broadcast_19_piece0 in memory on 6303bebb27dc:43941 (size: 6.8 KiB, free: 90.6 MiB)
[2026-05-09T14:27:47.333+0000] {subprocess.py:106} INFO - 26/05/09 14:27:47 INFO TransportClientFactory: Successfully created connection to 00a554289257/172.30.1.26:35345 after 27 ms (0 ms spent in bootstraps)
[2026-05-09T14:27:47.338+0000] {subprocess.py:106} INFO - 26/05/09 14:27:47 INFO TransportClientFactory: Successfully created connection to 6303bebb27dc/172.30.1.25:43941 after 28 ms (0 ms spent in bootstraps)
[2026-05-09T14:27:47.387+0000] {subprocess.py:106} INFO - 26/05/09 14:27:47 INFO BlockManagerInfo: Added broadcast_17_piece0 in memory on 00a554289257:35345 (size: 35.9 KiB, free: 91.6 MiB)
[2026-05-09T14:27:47.428+0000] {subprocess.py:106} INFO - 26/05/09 14:27:47 INFO TaskSetManager: Finished task 1.0 in stage 16.0 (TID 19) in 492 ms on 00a554289257 (executor 2) (1/2)
[2026-05-09T14:27:47.455+0000] {subprocess.py:106} INFO - 26/05/09 14:27:47 INFO BlockManagerInfo: Removed taskresult_19 on 00a554289257:35345 in memory (size: 1672.2 KiB, free: 93.2 MiB)
[2026-05-09T14:27:47.459+0000] {subprocess.py:106} INFO - 26/05/09 14:27:47 INFO TaskSetManager: Finished task 0.0 in stage 16.0 (TID 18) in 531 ms on 6303bebb27dc (executor 1) (2/2)
[2026-05-09T14:27:47.461+0000] {subprocess.py:106} INFO - 26/05/09 14:27:47 INFO YarnScheduler: Removed TaskSet 16.0, whose tasks have all completed, from pool
[2026-05-09T14:27:47.464+0000] {subprocess.py:106} INFO - 26/05/09 14:27:47 INFO BlockManagerInfo: Added broadcast_17_piece0 in memory on 6303bebb27dc:43941 (size: 35.9 KiB, free: 90.6 MiB)
[2026-05-09T14:27:47.466+0000] {subprocess.py:106} INFO - 26/05/09 14:27:47 INFO DAGScheduler: ResultStage 16 ($anonfun$withThreadLocalCaptured$1 at FutureTask.java:264) finished in 0.558 s
[2026-05-09T14:27:47.467+0000] {subprocess.py:106} INFO - 26/05/09 14:27:47 INFO DAGScheduler: Job 13 is finished. Cancelling potential speculative or zombie tasks for this job
[2026-05-09T14:27:47.469+0000] {subprocess.py:106} INFO - 26/05/09 14:27:47 INFO YarnScheduler: Killing all running tasks in stage 16: Stage finished
[2026-05-09T14:27:47.471+0000] {subprocess.py:106} INFO - 26/05/09 14:27:47 INFO DAGScheduler: Job 13 finished: $anonfun$withThreadLocalCaptured$1 at FutureTask.java:264, took 0.566669 s
[2026-05-09T14:27:47.474+0000] {subprocess.py:106} INFO - 26/05/09 14:27:47 INFO BlockManagerInfo: Removed taskresult_18 on 6303bebb27dc:43941 in memory (size: 2.6 MiB, free: 93.2 MiB)
[2026-05-09T14:27:47.557+0000] {subprocess.py:106} INFO - 26/05/09 14:27:47 INFO CodeGenerator: Code generated in 19.484488 ms
[2026-05-09T14:27:47.707+0000] {subprocess.py:106} INFO - 26/05/09 14:27:47 INFO BlockManagerInfo: Added taskresult_20 in memory on 00a554289257:35345 (size: 5.2 MiB, free: 88.0 MiB)
[2026-05-09T14:27:47.736+0000] {subprocess.py:106} INFO - 26/05/09 14:27:47 INFO BlockManagerInfo: Added taskresult_21 in memory on 6303bebb27dc:43941 (size: 4.3 MiB, free: 88.9 MiB)
[2026-05-09T14:27:47.755+0000] {subprocess.py:106} INFO - 26/05/09 14:27:47 INFO TaskSetManager: Finished task 0.0 in stage 17.0 (TID 20) in 501 ms on 00a554289257 (executor 2) (1/2)
[2026-05-09T14:27:47.761+0000] {subprocess.py:106} INFO - 26/05/09 14:27:47 INFO BlockManagerInfo: Removed taskresult_20 on 00a554289257:35345 in memory (size: 5.2 MiB, free: 93.2 MiB)
[2026-05-09T14:27:47.790+0000] {subprocess.py:106} INFO - 26/05/09 14:27:47 INFO TaskSetManager: Finished task 1.0 in stage 17.0 (TID 21) in 520 ms on 6303bebb27dc (executor 1) (2/2)
[2026-05-09T14:27:47.791+0000] {subprocess.py:106} INFO - 26/05/09 14:27:47 INFO YarnScheduler: Removed TaskSet 17.0, whose tasks have all completed, from pool
[2026-05-09T14:27:47.792+0000] {subprocess.py:106} INFO - 26/05/09 14:27:47 INFO DAGScheduler: ResultStage 17 ($anonfun$withThreadLocalCaptured$1 at FutureTask.java:264) finished in 0.859 s
[2026-05-09T14:27:47.792+0000] {subprocess.py:106} INFO - 26/05/09 14:27:47 INFO DAGScheduler: Job 14 is finished. Cancelling potential speculative or zombie tasks for this job
[2026-05-09T14:27:47.793+0000] {subprocess.py:106} INFO - 26/05/09 14:27:47 INFO YarnScheduler: Killing all running tasks in stage 17: Stage finished
[2026-05-09T14:27:47.793+0000] {subprocess.py:106} INFO - 26/05/09 14:27:47 INFO DAGScheduler: Job 14 finished: $anonfun$withThreadLocalCaptured$1 at FutureTask.java:264, took 0.887186 s
[2026-05-09T14:27:47.794+0000] {subprocess.py:106} INFO - 26/05/09 14:27:47 INFO BlockManagerInfo: Removed taskresult_21 on 6303bebb27dc:43941 in memory (size: 4.3 MiB, free: 93.2 MiB)
[2026-05-09T14:27:47.955+0000] {subprocess.py:106} INFO - 26/05/09 14:27:47 INFO BlockManagerInfo: Removed broadcast_19_piece0 on 172.30.1.13:37549 in memory (size: 6.8 KiB, free: 434.3 MiB)
[2026-05-09T14:27:47.958+0000] {subprocess.py:106} INFO - 26/05/09 14:27:47 INFO MemoryStore: Block broadcast_20_piece0 stored as bytes in memory (estimated size 4.0 MiB, free 429.9 MiB)
[2026-05-09T14:27:47.959+0000] {subprocess.py:106} INFO - 26/05/09 14:27:47 INFO BlockManagerInfo: Removed broadcast_19_piece0 on 6303bebb27dc:43941 in memory (size: 6.8 KiB, free: 93.2 MiB)
[2026-05-09T14:27:47.960+0000] {subprocess.py:106} INFO - 26/05/09 14:27:47 INFO BlockManagerInfo: Removed broadcast_19_piece0 on 00a554289257:35345 in memory (size: 6.8 KiB, free: 93.2 MiB)
[2026-05-09T14:27:47.961+0000] {subprocess.py:106} INFO - 26/05/09 14:27:47 INFO BlockManagerInfo: Added broadcast_20_piece0 in memory on 172.30.1.13:37549 (size: 4.0 MiB, free: 430.3 MiB)
[2026-05-09T14:27:47.962+0000] {subprocess.py:106} INFO - 26/05/09 14:27:47 INFO MemoryStore: Block broadcast_20_piece1 stored as bytes in memory (estimated size 1268.5 KiB, free 428.7 MiB)
[2026-05-09T14:27:47.966+0000] {subprocess.py:106} INFO - 26/05/09 14:27:47 INFO BlockManagerInfo: Added broadcast_20_piece1 in memory on 172.30.1.13:37549 (size: 1268.5 KiB, free: 429.1 MiB)
[2026-05-09T14:27:47.969+0000] {subprocess.py:106} INFO - 26/05/09 14:27:47 INFO BlockManagerInfo: Removed broadcast_18_piece0 on 172.30.1.13:37549 in memory (size: 6.6 KiB, free: 429.1 MiB)
[2026-05-09T14:27:47.972+0000] {subprocess.py:106} INFO - 26/05/09 14:27:47 INFO SparkContext: Created broadcast 20 from $anonfun$withThreadLocalCaptured$1 at FutureTask.java:264
[2026-05-09T14:27:47.973+0000] {subprocess.py:106} INFO - 26/05/09 14:27:47 INFO BlockManagerInfo: Removed broadcast_18_piece0 on 6303bebb27dc:43941 in memory (size: 6.6 KiB, free: 93.2 MiB)
[2026-05-09T14:27:47.974+0000] {subprocess.py:106} INFO - 26/05/09 14:27:47 INFO BlockManagerInfo: Removed broadcast_18_piece0 on 00a554289257:35345 in memory (size: 6.6 KiB, free: 93.2 MiB)
[2026-05-09T14:27:47.980+0000] {subprocess.py:106} INFO - 26/05/09 14:27:47 INFO FileSourceStrategy: Pushed Filters:
[2026-05-09T14:27:47.981+0000] {subprocess.py:106} INFO - 26/05/09 14:27:47 INFO FileSourceStrategy: Post-Scan Filters: atleastnnonnulls(2, order_id#0, customer_id#1)
[2026-05-09T14:27:48.031+0000] {subprocess.py:106} INFO - 26/05/09 14:27:48 INFO MemoryStore: Block broadcast_21_piece0 stored as bytes in memory (estimated size 4.0 MiB, free 424.7 MiB)
[2026-05-09T14:27:48.033+0000] {subprocess.py:106} INFO - 26/05/09 14:27:48 INFO BlockManagerInfo: Added broadcast_21_piece0 in memory on 172.30.1.13:37549 (size: 4.0 MiB, free: 425.1 MiB)
[2026-05-09T14:27:48.036+0000] {subprocess.py:106} INFO - 26/05/09 14:27:48 INFO MemoryStore: Block broadcast_21_piece1 stored as bytes in memory (estimated size 4.0 MiB, free 420.7 MiB)
[2026-05-09T14:27:48.037+0000] {subprocess.py:106} INFO - 26/05/09 14:27:48 INFO BlockManagerInfo: Added broadcast_21_piece1 in memory on 172.30.1.13:37549 (size: 4.0 MiB, free: 421.1 MiB)
[2026-05-09T14:27:48.040+0000] {subprocess.py:106} INFO - 26/05/09 14:27:48 INFO MemoryStore: Block broadcast_21_piece2 stored as bytes in memory (estimated size 3.1 MiB, free 417.6 MiB)
[2026-05-09T14:27:48.041+0000] {subprocess.py:106} INFO - 26/05/09 14:27:48 INFO BlockManagerInfo: Added broadcast_21_piece2 in memory on 172.30.1.13:37549 (size: 3.1 MiB, free: 418.0 MiB)
[2026-05-09T14:27:48.042+0000] {subprocess.py:106} INFO - 26/05/09 14:27:48 INFO SparkContext: Created broadcast 21 from $anonfun$withThreadLocalCaptured$1 at FutureTask.java:264
[2026-05-09T14:27:48.048+0000] {subprocess.py:106} INFO - 26/05/09 14:27:48 INFO FileSourceStrategy: Pushed Filters:
[2026-05-09T14:27:48.049+0000] {subprocess.py:106} INFO - 26/05/09 14:27:48 INFO FileSourceStrategy: Post-Scan Filters: atleastnnonnulls(2, order_id#0, customer_id#1)
[2026-05-09T14:27:48.072+0000] {subprocess.py:106} INFO - 26/05/09 14:27:48 INFO ParquetUtils: Using default output committer for Parquet: org.apache.parquet.hadoop.ParquetOutputCommitter
[2026-05-09T14:27:48.074+0000] {subprocess.py:106} INFO - 26/05/09 14:27:48 INFO FileOutputCommitter: File Output Committer Algorithm version is 1
[2026-05-09T14:27:48.075+0000] {subprocess.py:106} INFO - 26/05/09 14:27:48 INFO FileOutputCommitter: FileOutputCommitter skip cleanup _temporary folders under output directory:false, ignore cleanup failures: false
[2026-05-09T14:27:48.076+0000] {subprocess.py:106} INFO - 26/05/09 14:27:48 INFO SQLHadoopMapReduceCommitProtocol: Using user defined output committer class org.apache.parquet.hadoop.ParquetOutputCommitter
[2026-05-09T14:27:48.076+0000] {subprocess.py:106} INFO - 26/05/09 14:27:48 INFO FileOutputCommitter: File Output Committer Algorithm version is 1
[2026-05-09T14:27:48.077+0000] {subprocess.py:106} INFO - 26/05/09 14:27:48 INFO FileOutputCommitter: FileOutputCommitter skip cleanup _temporary folders under output directory:false, ignore cleanup failures: false
[2026-05-09T14:27:48.077+0000] {subprocess.py:106} INFO - 26/05/09 14:27:48 INFO SQLHadoopMapReduceCommitProtocol: Using output committer class org.apache.parquet.hadoop.ParquetOutputCommitter
[2026-05-09T14:27:48.106+0000] {subprocess.py:106} INFO - 26/05/09 14:27:48 INFO TorrentBroadcast: Started reading broadcast variable 20 with 2 pieces (estimated total size 8.0 MiB)
[2026-05-09T14:27:48.109+0000] {subprocess.py:106} INFO - 26/05/09 14:27:48 INFO TorrentBroadcast: Reading broadcast variable 20 took 2 ms
[2026-05-09T14:27:48.245+0000] {subprocess.py:106} INFO - 26/05/09 14:27:48 INFO CodeGenerator: Code generated in 36.690997 ms
[2026-05-09T14:27:48.248+0000] {subprocess.py:106} INFO - 26/05/09 14:27:48 INFO MemoryStore: Block broadcast_22 stored as values in memory (estimated size 208.1 KiB, free 417.4 MiB)
[2026-05-09T14:27:48.255+0000] {subprocess.py:106} INFO - 26/05/09 14:27:48 INFO MemoryStore: Block broadcast_22_piece0 stored as bytes in memory (estimated size 35.9 KiB, free 417.4 MiB)
[2026-05-09T14:27:48.256+0000] {subprocess.py:106} INFO - 26/05/09 14:27:48 INFO BlockManagerInfo: Added broadcast_22_piece0 in memory on 172.30.1.13:37549 (size: 35.9 KiB, free: 418.0 MiB)
[2026-05-09T14:27:48.256+0000] {subprocess.py:106} INFO - 26/05/09 14:27:48 INFO SparkContext: Created broadcast 22 from parquet at NativeMethodAccessorImpl.java:0
[2026-05-09T14:27:48.258+0000] {subprocess.py:106} INFO - 26/05/09 14:27:48 INFO FileSourceScanExec: Planning scan with bin packing, max size: 13620784 bytes, open cost is considered as scanning 4194304 bytes.
[2026-05-09T14:27:48.271+0000] {subprocess.py:106} INFO - 26/05/09 14:27:48 INFO SparkContext: Starting job: parquet at NativeMethodAccessorImpl.java:0
[2026-05-09T14:27:48.273+0000] {subprocess.py:106} INFO - 26/05/09 14:27:48 INFO DAGScheduler: Got job 15 (parquet at NativeMethodAccessorImpl.java:0) with 2 output partitions
[2026-05-09T14:27:48.274+0000] {subprocess.py:106} INFO - 26/05/09 14:27:48 INFO DAGScheduler: Final stage: ResultStage 18 (parquet at NativeMethodAccessorImpl.java:0)
[2026-05-09T14:27:48.275+0000] {subprocess.py:106} INFO - 26/05/09 14:27:48 INFO DAGScheduler: Parents of final stage: List()
[2026-05-09T14:27:48.275+0000] {subprocess.py:106} INFO - 26/05/09 14:27:48 INFO DAGScheduler: Missing parents: List()
[2026-05-09T14:27:48.275+0000] {subprocess.py:106} INFO - 26/05/09 14:27:48 INFO DAGScheduler: Submitting ResultStage 18 (MapPartitionsRDD[52] at parquet at NativeMethodAccessorImpl.java:0), which has no missing parents
[2026-05-09T14:27:48.288+0000] {subprocess.py:106} INFO - 26/05/09 14:27:48 INFO MemoryStore: Block broadcast_23 stored as values in memory (estimated size 230.3 KiB, free 417.2 MiB)
[2026-05-09T14:27:48.294+0000] {subprocess.py:106} INFO - 26/05/09 14:27:48 INFO MemoryStore: Block broadcast_23_piece0 stored as bytes in memory (estimated size 82.5 KiB, free 417.1 MiB)
[2026-05-09T14:27:48.296+0000] {subprocess.py:106} INFO - 26/05/09 14:27:48 INFO BlockManagerInfo: Added broadcast_23_piece0 in memory on 172.30.1.13:37549 (size: 82.5 KiB, free: 417.9 MiB)
[2026-05-09T14:27:48.297+0000] {subprocess.py:106} INFO - 26/05/09 14:27:48 INFO SparkContext: Created broadcast 23 from broadcast at DAGScheduler.scala:1580
[2026-05-09T14:27:48.298+0000] {subprocess.py:106} INFO - 26/05/09 14:27:48 INFO DAGScheduler: Submitting 2 missing tasks from ResultStage 18 (MapPartitionsRDD[52] at parquet at NativeMethodAccessorImpl.java:0) (first 15 tasks are for partitions Vector(0, 1))
[2026-05-09T14:27:48.299+0000] {subprocess.py:106} INFO - 26/05/09 14:27:48 INFO YarnScheduler: Adding task set 18.0 with 2 tasks resource profile 0
[2026-05-09T14:27:48.301+0000] {subprocess.py:106} INFO - 26/05/09 14:27:48 INFO TaskSetManager: Starting task 0.0 in stage 18.0 (TID 22) (6303bebb27dc, executor 1, partition 0, RACK_LOCAL, 8482 bytes)
[2026-05-09T14:27:48.302+0000] {subprocess.py:106} INFO - 26/05/09 14:27:48 INFO TaskSetManager: Starting task 1.0 in stage 18.0 (TID 23) (00a554289257, executor 2, partition 1, RACK_LOCAL, 8482 bytes)
[2026-05-09T14:27:48.318+0000] {subprocess.py:106} INFO - 26/05/09 14:27:48 INFO BlockManagerInfo: Added broadcast_23_piece0 in memory on 00a554289257:35345 (size: 82.5 KiB, free: 93.1 MiB)
[2026-05-09T14:27:48.319+0000] {subprocess.py:106} INFO - 26/05/09 14:27:48 INFO BlockManagerInfo: Added broadcast_23_piece0 in memory on 6303bebb27dc:43941 (size: 82.5 KiB, free: 93.1 MiB)
[2026-05-09T14:27:48.449+0000] {subprocess.py:106} INFO - 26/05/09 14:27:48 INFO BlockManagerInfo: Added broadcast_21_piece2 in memory on 6303bebb27dc:43941 (size: 3.1 MiB, free: 90.1 MiB)
[2026-05-09T14:27:48.452+0000] {subprocess.py:106} INFO - 26/05/09 14:27:48 INFO BlockManagerInfo: Added broadcast_21_piece0 in memory on 00a554289257:35345 (size: 4.0 MiB, free: 89.1 MiB)
[2026-05-09T14:27:48.475+0000] {subprocess.py:106} INFO - 26/05/09 14:27:48 INFO BlockManagerInfo: Added broadcast_21_piece1 in memory on 6303bebb27dc:43941 (size: 4.0 MiB, free: 86.1 MiB)
[2026-05-09T14:27:48.478+0000] {subprocess.py:106} INFO - 26/05/09 14:27:48 INFO BlockManagerInfo: Added broadcast_21_piece2 in memory on 00a554289257:35345 (size: 3.1 MiB, free: 86.1 MiB)
[2026-05-09T14:27:48.500+0000] {subprocess.py:106} INFO - 26/05/09 14:27:48 INFO BlockManagerInfo: Added broadcast_21_piece0 in memory on 6303bebb27dc:43941 (size: 4.0 MiB, free: 82.1 MiB)
[2026-05-09T14:27:48.504+0000] {subprocess.py:106} INFO - 26/05/09 14:27:48 INFO BlockManagerInfo: Added broadcast_21_piece1 in memory on 00a554289257:35345 (size: 4.0 MiB, free: 82.1 MiB)
[2026-05-09T14:27:48.656+0000] {subprocess.py:106} INFO - 26/05/09 14:27:48 INFO BlockManagerInfo: Added broadcast_20_piece0 in memory on 00a554289257:35345 (size: 4.0 MiB, free: 78.1 MiB)
[2026-05-09T14:27:48.660+0000] {subprocess.py:106} INFO - 26/05/09 14:27:48 INFO BlockManagerInfo: Added broadcast_20_piece0 in memory on 6303bebb27dc:43941 (size: 4.0 MiB, free: 78.1 MiB)
[2026-05-09T14:27:48.671+0000] {subprocess.py:106} INFO - 26/05/09 14:27:48 INFO BlockManagerInfo: Added broadcast_20_piece1 in memory on 00a554289257:35345 (size: 1268.5 KiB, free: 76.8 MiB)
[2026-05-09T14:27:48.675+0000] {subprocess.py:106} INFO - 26/05/09 14:27:48 INFO BlockManagerInfo: Added broadcast_20_piece1 in memory on 6303bebb27dc:43941 (size: 1268.5 KiB, free: 76.8 MiB)
[2026-05-09T14:27:48.744+0000] {subprocess.py:106} INFO - 26/05/09 14:27:48 INFO BlockManagerInfo: Added broadcast_22_piece0 in memory on 00a554289257:35345 (size: 35.9 KiB, free: 76.8 MiB)
[2026-05-09T14:27:48.778+0000] {subprocess.py:106} INFO - 26/05/09 14:27:48 INFO BlockManagerInfo: Added broadcast_22_piece0 in memory on 6303bebb27dc:43941 (size: 35.9 KiB, free: 76.8 MiB)
[2026-05-09T14:27:50.334+0000] {subprocess.py:106} INFO - 26/05/09 14:27:50 INFO TaskSetManager: Finished task 1.0 in stage 18.0 (TID 23) in 2033 ms on 00a554289257 (executor 2) (1/2)
[2026-05-09T14:27:50.504+0000] {subprocess.py:106} INFO - 26/05/09 14:27:50 INFO TaskSetManager: Finished task 0.0 in stage 18.0 (TID 22) in 2202 ms on 6303bebb27dc (executor 1) (2/2)
[2026-05-09T14:27:50.505+0000] {subprocess.py:106} INFO - 26/05/09 14:27:50 INFO YarnScheduler: Removed TaskSet 18.0, whose tasks have all completed, from pool
[2026-05-09T14:27:50.506+0000] {subprocess.py:106} INFO - 26/05/09 14:27:50 INFO DAGScheduler: ResultStage 18 (parquet at NativeMethodAccessorImpl.java:0) finished in 2.228 s
[2026-05-09T14:27:50.506+0000] {subprocess.py:106} INFO - 26/05/09 14:27:50 INFO DAGScheduler: Job 15 is finished. Cancelling potential speculative or zombie tasks for this job
[2026-05-09T14:27:50.507+0000] {subprocess.py:106} INFO - 26/05/09 14:27:50 INFO YarnScheduler: Killing all running tasks in stage 18: Stage finished
[2026-05-09T14:27:50.507+0000] {subprocess.py:106} INFO - 26/05/09 14:27:50 INFO DAGScheduler: Job 15 finished: parquet at NativeMethodAccessorImpl.java:0, took 2.233141 s
[2026-05-09T14:27:50.508+0000] {subprocess.py:106} INFO - 26/05/09 14:27:50 INFO FileFormatWriter: Start to commit write Job ef10d302-241c-4f90-9b6f-0beae82e4c19.
[2026-05-09T14:27:50.534+0000] {subprocess.py:106} INFO - 26/05/09 14:27:50 INFO FileFormatWriter: Write Job ef10d302-241c-4f90-9b6f-0beae82e4c19 committed. Elapsed time: 27 ms.
[2026-05-09T14:27:50.534+0000] {subprocess.py:106} INFO - 26/05/09 14:27:50 INFO FileFormatWriter: Finished processing stats for write job ef10d302-241c-4f90-9b6f-0beae82e4c19.
[2026-05-09T14:27:50.535+0000] {subprocess.py:106} INFO - ✅ fact_orders created!
[2026-05-09T14:27:50.536+0000] {subprocess.py:106} INFO - 
[2026-05-09T14:27:50.537+0000] {subprocess.py:106} INFO - 🎉 Transform complete! Gold Layer ready!
[2026-05-09T14:27:50.537+0000] {subprocess.py:106} INFO - 26/05/09 14:27:50 INFO SparkContext: SparkContext is stopping with exitCode 0.
[2026-05-09T14:27:50.553+0000] {subprocess.py:106} INFO - 26/05/09 14:27:50 INFO SparkUI: Stopped Spark web UI at http://172.30.1.13:4040
[2026-05-09T14:27:50.559+0000] {subprocess.py:106} INFO - 26/05/09 14:27:50 INFO YarnClientSchedulerBackend: Interrupting monitor thread
[2026-05-09T14:27:50.577+0000] {subprocess.py:106} INFO - 26/05/09 14:27:50 INFO YarnClientSchedulerBackend: Shutting down all executors
[2026-05-09T14:27:50.579+0000] {subprocess.py:106} INFO - 26/05/09 14:27:50 INFO YarnSchedulerBackend$YarnDriverEndpoint: Asking each executor to shut down
[2026-05-09T14:27:50.585+0000] {subprocess.py:106} INFO - 26/05/09 14:27:50 INFO YarnClientSchedulerBackend: YARN client scheduler backend Stopped
[2026-05-09T14:27:50.597+0000] {subprocess.py:106} INFO - 26/05/09 14:27:50 INFO MapOutputTrackerMasterEndpoint: MapOutputTrackerMasterEndpoint stopped!
[2026-05-09T14:27:50.623+0000] {subprocess.py:106} INFO - 26/05/09 14:27:50 INFO MemoryStore: MemoryStore cleared
[2026-05-09T14:27:50.625+0000] {subprocess.py:106} INFO - 26/05/09 14:27:50 INFO BlockManager: BlockManager stopped
[2026-05-09T14:27:50.633+0000] {subprocess.py:106} INFO - 26/05/09 14:27:50 INFO BlockManagerMaster: BlockManagerMaster stopped
[2026-05-09T14:27:50.641+0000] {subprocess.py:106} INFO - 26/05/09 14:27:50 INFO OutputCommitCoordinator$OutputCommitCoordinatorEndpoint: OutputCommitCoordinator stopped!
[2026-05-09T14:27:50.672+0000] {subprocess.py:106} INFO - 26/05/09 14:27:50 INFO SparkContext: Successfully stopped SparkContext
[2026-05-09T14:27:50.864+0000] {subprocess.py:106} INFO - 🛑 Spark Stopped.
[2026-05-09T14:27:50.942+0000] {subprocess.py:106} INFO - 26/05/09 14:27:50 INFO ShutdownHookManager: Shutdown hook called
[2026-05-09T14:27:50.942+0000] {subprocess.py:106} INFO - 26/05/09 14:27:50 INFO ShutdownHookManager: Deleting directory /tmp/spark-62ca66c8-6a91-4eb5-8519-139c4971538b
[2026-05-09T14:27:50.949+0000] {subprocess.py:106} INFO - 26/05/09 14:27:50 INFO ShutdownHookManager: Deleting directory /tmp/spark-7852c0c3-4039-4ace-b7a4-771f238b4800
[2026-05-09T14:27:50.954+0000] {subprocess.py:106} INFO - 26/05/09 14:27:50 INFO ShutdownHookManager: Deleting directory /tmp/spark-7852c0c3-4039-4ace-b7a4-771f238b4800/pyspark-9bc57dbe-f91b-430d-a43d-118c8aa60d9c
[2026-05-09T14:27:51.122+0000] {subprocess.py:110} INFO - Command exited with return code 0
[2026-05-09T14:27:51.156+0000] {taskinstance.py:340} INFO - ::group::Post task execution logs
[2026-05-09T14:27:51.157+0000] {taskinstance.py:352} INFO - Marking task as SUCCESS. dag_id=ecommerce_etl_pipeline, task_id=transform, run_id=manual__2026-05-09T14:25:48.596565+00:00, execution_date=20260509T142548, start_date=20260509T142658, end_date=20260509T142751
[2026-05-09T14:27:51.188+0000] {local_task_job_runner.py:266} INFO - Task exited with return code 0
[2026-05-09T14:27:51.215+0000] {taskinstance.py:3895} INFO - 1 downstream tasks scheduled from follow-on schedule check
[2026-05-09T14:27:51.218+0000] {local_task_job_runner.py:245} INFO - ::endgroup::
