[2026-05-09T13:49:17.204+0000] {local_task_job_runner.py:123} INFO - ::group::Pre task execution logs
[2026-05-09T13:49:17.226+0000] {taskinstance.py:2613} INFO - Dependencies all met for dep_context=non-requeueable deps ti=<TaskInstance: ecommerce_etl_pipeline.extract manual__2026-05-09T13:49:11.508385+00:00 [queued]>
[2026-05-09T13:49:17.236+0000] {taskinstance.py:2613} INFO - Dependencies all met for dep_context=requeueable deps ti=<TaskInstance: ecommerce_etl_pipeline.extract manual__2026-05-09T13:49:11.508385+00:00 [queued]>
[2026-05-09T13:49:17.237+0000] {taskinstance.py:2866} INFO - Starting attempt 1 of 2
[2026-05-09T13:49:17.251+0000] {taskinstance.py:2889} INFO - Executing <Task(BashOperator): extract> on 2026-05-09 13:49:11.508385+00:00
[2026-05-09T13:49:17.261+0000] {standard_task_runner.py:72} INFO - Started process 611 to run task
[2026-05-09T13:49:17.267+0000] {standard_task_runner.py:104} INFO - Running: ['***', 'tasks', 'run', 'ecommerce_etl_pipeline', 'extract', 'manual__2026-05-09T13:49:11.508385+00:00', '--job-id', '18', '--raw', '--subdir', 'DAGS_FOLDER/ecommerce_etl_dag.py', '--cfg-path', '/tmp/tmpvlzi83j3']
[2026-05-09T13:49:17.271+0000] {standard_task_runner.py:105} INFO - Job 18: Subtask extract
[2026-05-09T13:49:17.358+0000] {task_command.py:467} INFO - Running <TaskInstance: ecommerce_etl_pipeline.extract manual__2026-05-09T13:49:11.508385+00:00 [running]> on host 6de7479667a2
[2026-05-09T13:49:17.461+0000] {taskinstance.py:3132} INFO - Exporting env vars: AIRFLOW_CTX_DAG_OWNER='***' AIRFLOW_CTX_DAG_ID='ecommerce_etl_pipeline' AIRFLOW_CTX_TASK_ID='extract' AIRFLOW_CTX_EXECUTION_DATE='2026-05-09T13:49:11.508385+00:00' AIRFLOW_CTX_TRY_NUMBER='1' AIRFLOW_CTX_DAG_RUN_ID='manual__2026-05-09T13:49:11.508385+00:00'
[2026-05-09T13:49:17.463+0000] {taskinstance.py:731} INFO - ::endgroup::
[2026-05-09T13:49:17.489+0000] {subprocess.py:78} INFO - Tmp dir root location: /tmp
[2026-05-09T13:49:17.492+0000] {subprocess.py:88} INFO - Running command: ['/usr/bin/bash', '-c', 'docker exec spark-jupyter spark-submit --master yarn --conf spark.driver.host=172.30.1.13 /tmp/e.py']
[2026-05-09T13:49:17.508+0000] {subprocess.py:99} INFO - Output:
[2026-05-09T13:49:23.194+0000] {subprocess.py:106} INFO - 26/05/09 13:49:23 INFO SparkContext: Running Spark version 3.5.0
[2026-05-09T13:49:23.198+0000] {subprocess.py:106} INFO - 26/05/09 13:49:23 INFO SparkContext: OS info Linux, 6.6.87.2-microsoft-standard-WSL2, amd64
[2026-05-09T13:49:23.199+0000] {subprocess.py:106} INFO - 26/05/09 13:49:23 INFO SparkContext: Java version 17.0.8.1
[2026-05-09T13:49:23.319+0000] {subprocess.py:106} INFO - 26/05/09 13:49:23 WARN NativeCodeLoader: Unable to load native-hadoop library for your platform... using builtin-java classes where applicable
[2026-05-09T13:49:23.500+0000] {subprocess.py:106} INFO - 26/05/09 13:49:23 INFO ResourceUtils: ==============================================================
[2026-05-09T13:49:23.501+0000] {subprocess.py:106} INFO - 26/05/09 13:49:23 INFO ResourceUtils: No custom resources configured for spark.driver.
[2026-05-09T13:49:23.502+0000] {subprocess.py:106} INFO - 26/05/09 13:49:23 INFO ResourceUtils: ==============================================================
[2026-05-09T13:49:23.502+0000] {subprocess.py:106} INFO - 26/05/09 13:49:23 INFO SparkContext: Submitted application: EcommerceETL_Extract
[2026-05-09T13:49:23.551+0000] {subprocess.py:106} INFO - 26/05/09 13:49:23 INFO ResourceProfile: Default ResourceProfile created, executor resources: Map(cores -> name: cores, amount: 1, script: , vendor: , memory -> name: memory, amount: 512, script: , vendor: , offHeap -> name: offHeap, amount: 0, script: , vendor: ), task resources: Map(cpus -> name: cpus, amount: 1.0)
[2026-05-09T13:49:23.568+0000] {subprocess.py:106} INFO - 26/05/09 13:49:23 INFO ResourceProfile: Limiting resource is cpus at 1 tasks per executor
[2026-05-09T13:49:23.572+0000] {subprocess.py:106} INFO - 26/05/09 13:49:23 INFO ResourceProfileManager: Added ResourceProfile id: 0
[2026-05-09T13:49:23.701+0000] {subprocess.py:106} INFO - 26/05/09 13:49:23 INFO SecurityManager: Changing view acls to: root
[2026-05-09T13:49:23.702+0000] {subprocess.py:106} INFO - 26/05/09 13:49:23 INFO SecurityManager: Changing modify acls to: root
[2026-05-09T13:49:23.703+0000] {subprocess.py:106} INFO - 26/05/09 13:49:23 INFO SecurityManager: Changing view acls groups to:
[2026-05-09T13:49:23.705+0000] {subprocess.py:106} INFO - 26/05/09 13:49:23 INFO SecurityManager: Changing modify acls groups to:
[2026-05-09T13:49:23.707+0000] {subprocess.py:106} INFO - 26/05/09 13:49:23 INFO SecurityManager: SecurityManager: authentication disabled; ui acls disabled; users with view permissions: root; groups with view permissions: EMPTY; users with modify permissions: root; groups with modify permissions: EMPTY
[2026-05-09T13:49:24.361+0000] {subprocess.py:106} INFO - 26/05/09 13:49:24 INFO Utils: Successfully started service 'sparkDriver' on port 44411.
[2026-05-09T13:49:24.465+0000] {subprocess.py:106} INFO - 26/05/09 13:49:24 INFO SparkEnv: Registering MapOutputTracker
[2026-05-09T13:49:24.607+0000] {subprocess.py:106} INFO - 26/05/09 13:49:24 INFO SparkEnv: Registering BlockManagerMaster
[2026-05-09T13:49:24.669+0000] {subprocess.py:106} INFO - 26/05/09 13:49:24 INFO BlockManagerMasterEndpoint: Using org.apache.spark.storage.DefaultTopologyMapper for getting topology information
[2026-05-09T13:49:24.670+0000] {subprocess.py:106} INFO - 26/05/09 13:49:24 INFO BlockManagerMasterEndpoint: BlockManagerMasterEndpoint up
[2026-05-09T13:49:24.723+0000] {subprocess.py:106} INFO - 26/05/09 13:49:24 INFO SparkEnv: Registering BlockManagerMasterHeartbeat
[2026-05-09T13:49:24.792+0000] {subprocess.py:106} INFO - 26/05/09 13:49:24 INFO DiskBlockManager: Created local directory at /tmp/blockmgr-fd88fa32-4ceb-4b19-8c7c-4b775d348d17
[2026-05-09T13:49:24.819+0000] {subprocess.py:106} INFO - 26/05/09 13:49:24 INFO MemoryStore: MemoryStore started with capacity 434.4 MiB
[2026-05-09T13:49:24.875+0000] {subprocess.py:106} INFO - 26/05/09 13:49:24 INFO SparkEnv: Registering OutputCommitCoordinator
[2026-05-09T13:49:25.157+0000] {subprocess.py:106} INFO - 26/05/09 13:49:25 INFO JettyUtils: Start Jetty 0.0.0.0:4040 for SparkUI
[2026-05-09T13:49:25.298+0000] {subprocess.py:106} INFO - 26/05/09 13:49:25 WARN Utils: Service 'SparkUI' could not bind on port 4040. Attempting port 4041.
[2026-05-09T13:49:25.318+0000] {subprocess.py:106} INFO - 26/05/09 13:49:25 INFO Utils: Successfully started service 'SparkUI' on port 4041.
[2026-05-09T13:49:25.804+0000] {subprocess.py:106} INFO - 26/05/09 13:49:25 INFO DefaultNoHARMFailoverProxyProvider: Connecting to ResourceManager at resourcemanager/172.30.1.24:8032
[2026-05-09T13:49:26.935+0000] {subprocess.py:106} INFO - 26/05/09 13:49:26 INFO Configuration: resource-types.xml not found
[2026-05-09T13:49:26.936+0000] {subprocess.py:106} INFO - 26/05/09 13:49:26 INFO ResourceUtils: Unable to find 'resource-types.xml'.
[2026-05-09T13:49:26.970+0000] {subprocess.py:106} INFO - 26/05/09 13:49:26 INFO Client: Verifying our application has not requested more than the maximum memory capability of the cluster (8192 MB per container)
[2026-05-09T13:49:26.971+0000] {subprocess.py:106} INFO - 26/05/09 13:49:26 INFO Client: Will allocate AM container, with 896 MB memory including 384 MB overhead
[2026-05-09T13:49:26.973+0000] {subprocess.py:106} INFO - 26/05/09 13:49:26 INFO Client: Setting up container launch context for our AM
[2026-05-09T13:49:26.979+0000] {subprocess.py:106} INFO - 26/05/09 13:49:26 INFO Client: Setting up the launch environment for our AM container
[2026-05-09T13:49:26.991+0000] {subprocess.py:106} INFO - 26/05/09 13:49:26 INFO Client: Preparing resources for our AM container
[2026-05-09T13:49:27.082+0000] {subprocess.py:106} INFO - 26/05/09 13:49:27 WARN Client: Neither spark.yarn.jars nor spark.yarn.archive is set, falling back to uploading libraries under SPARK_HOME.
[2026-05-09T13:49:34.926+0000] {subprocess.py:106} INFO - 26/05/09 13:49:34 INFO Client: Uploading resource file:/tmp/spark-73d8b775-5407-4706-a805-61891111e502/__spark_libs__15756599827784587787.zip -> hdfs://hadoop-namenode:9000/user/root/.sparkStaging/application_1778334521111_0002/__spark_libs__15756599827784587787.zip
[2026-05-09T13:49:42.001+0000] {subprocess.py:106} INFO - 26/05/09 13:49:41 INFO Client: Uploading resource file:/usr/local/spark-3.5.0-bin-hadoop3/python/lib/pyspark.zip -> hdfs://hadoop-namenode:9000/user/root/.sparkStaging/application_1778334521111_0002/pyspark.zip
[2026-05-09T13:49:42.071+0000] {subprocess.py:106} INFO - 26/05/09 13:49:42 INFO Client: Uploading resource file:/usr/local/spark-3.5.0-bin-hadoop3/python/lib/py4j-0.10.9.7-src.zip -> hdfs://hadoop-namenode:9000/user/root/.sparkStaging/application_1778334521111_0002/py4j-0.10.9.7-src.zip
[2026-05-09T13:49:42.482+0000] {subprocess.py:106} INFO - 26/05/09 13:49:42 INFO Client: Uploading resource file:/tmp/spark-73d8b775-5407-4706-a805-61891111e502/__spark_conf__524117868511603283.zip -> hdfs://hadoop-namenode:9000/user/root/.sparkStaging/application_1778334521111_0002/__spark_conf__.zip
[2026-05-09T13:49:43.016+0000] {subprocess.py:106} INFO - 26/05/09 13:49:43 INFO SecurityManager: Changing view acls to: root
[2026-05-09T13:49:43.020+0000] {subprocess.py:106} INFO - 26/05/09 13:49:43 INFO SecurityManager: Changing modify acls to: root
[2026-05-09T13:49:43.026+0000] {subprocess.py:106} INFO - 26/05/09 13:49:43 INFO SecurityManager: Changing view acls groups to:
[2026-05-09T13:49:43.027+0000] {subprocess.py:106} INFO - 26/05/09 13:49:43 INFO SecurityManager: Changing modify acls groups to:
[2026-05-09T13:49:43.028+0000] {subprocess.py:106} INFO - 26/05/09 13:49:43 INFO SecurityManager: SecurityManager: authentication disabled; ui acls disabled; users with view permissions: root; groups with view permissions: EMPTY; users with modify permissions: root; groups with modify permissions: EMPTY
[2026-05-09T13:49:43.057+0000] {subprocess.py:106} INFO - 26/05/09 13:49:43 INFO Client: Submitting application application_1778334521111_0002 to ResourceManager
[2026-05-09T13:49:43.680+0000] {subprocess.py:106} INFO - 26/05/09 13:49:43 INFO YarnClientImpl: Submitted application application_1778334521111_0002
[2026-05-09T13:49:44.688+0000] {subprocess.py:106} INFO - 26/05/09 13:49:44 INFO Client: Application report for application_1778334521111_0002 (state: ACCEPTED)
[2026-05-09T13:49:44.692+0000] {subprocess.py:106} INFO - 26/05/09 13:49:44 INFO Client:
[2026-05-09T13:49:44.694+0000] {subprocess.py:106} INFO - 	 client token: N/A
[2026-05-09T13:49:44.695+0000] {subprocess.py:106} INFO - 	 diagnostics: [Sat May 09 13:49:44 +0000 2026] Scheduler has assigned a container for AM, waiting for AM container to be launched
[2026-05-09T13:49:44.695+0000] {subprocess.py:106} INFO - 	 ApplicationMaster host: N/A
[2026-05-09T13:49:44.696+0000] {subprocess.py:106} INFO - 	 ApplicationMaster RPC port: -1
[2026-05-09T13:49:44.697+0000] {subprocess.py:106} INFO - 	 queue: default
[2026-05-09T13:49:44.698+0000] {subprocess.py:106} INFO - 	 start time: 1778334583326
[2026-05-09T13:49:44.699+0000] {subprocess.py:106} INFO - 	 final status: UNDEFINED
[2026-05-09T13:49:44.699+0000] {subprocess.py:106} INFO - 	 tracking URL: http://resourcemanager:8088/proxy/application_1778334521111_0002/
[2026-05-09T13:49:44.700+0000] {subprocess.py:106} INFO - 	 user: root
[2026-05-09T13:49:57.441+0000] {subprocess.py:106} INFO - 26/05/09 13:49:57 INFO YarnClientSchedulerBackend: Add WebUI Filter. org.apache.hadoop.yarn.server.webproxy.amfilter.AmIpFilter, Map(PROXY_HOSTS -> resourcemanager, PROXY_URI_BASES -> http://resourcemanager:8088/proxy/application_1778334521111_0002), /proxy/application_1778334521111_0002
[2026-05-09T13:49:57.754+0000] {subprocess.py:106} INFO - 26/05/09 13:49:57 INFO Client: Application report for application_1778334521111_0002 (state: RUNNING)
[2026-05-09T13:49:57.760+0000] {subprocess.py:106} INFO - 26/05/09 13:49:57 INFO Client:
[2026-05-09T13:49:57.761+0000] {subprocess.py:106} INFO - 	 client token: N/A
[2026-05-09T13:49:57.761+0000] {subprocess.py:106} INFO - 	 diagnostics: N/A
[2026-05-09T13:49:57.762+0000] {subprocess.py:106} INFO - 	 ApplicationMaster host: 172.30.1.25
[2026-05-09T13:49:57.763+0000] {subprocess.py:106} INFO - 	 ApplicationMaster RPC port: -1
[2026-05-09T13:49:57.764+0000] {subprocess.py:106} INFO - 	 queue: default
[2026-05-09T13:49:57.764+0000] {subprocess.py:106} INFO - 	 start time: 1778334583326
[2026-05-09T13:49:57.765+0000] {subprocess.py:106} INFO - 	 final status: UNDEFINED
[2026-05-09T13:49:57.766+0000] {subprocess.py:106} INFO - 	 tracking URL: http://resourcemanager:8088/proxy/application_1778334521111_0002/
[2026-05-09T13:49:57.766+0000] {subprocess.py:106} INFO - 	 user: root
[2026-05-09T13:49:57.767+0000] {subprocess.py:106} INFO - 26/05/09 13:49:57 INFO YarnClientSchedulerBackend: Application application_1778334521111_0002 has started running.
[2026-05-09T13:49:57.780+0000] {subprocess.py:106} INFO - 26/05/09 13:49:57 INFO Utils: Successfully started service 'org.apache.spark.network.netty.NettyBlockTransferService' on port 37901.
[2026-05-09T13:49:57.781+0000] {subprocess.py:106} INFO - 26/05/09 13:49:57 INFO NettyBlockTransferService: Server created on 172.30.1.13 0.0.0.0:37901
[2026-05-09T13:49:57.785+0000] {subprocess.py:106} INFO - 26/05/09 13:49:57 INFO BlockManager: Using org.apache.spark.storage.RandomBlockReplicationPolicy for block replication policy
[2026-05-09T13:49:57.805+0000] {subprocess.py:106} INFO - 26/05/09 13:49:57 INFO BlockManagerMaster: Registering BlockManager BlockManagerId(driver, 172.30.1.13, 37901, None)
[2026-05-09T13:49:57.819+0000] {subprocess.py:106} INFO - 26/05/09 13:49:57 INFO BlockManagerMasterEndpoint: Registering block manager 172.30.1.13:37901 with 434.4 MiB RAM, BlockManagerId(driver, 172.30.1.13, 37901, None)
[2026-05-09T13:49:57.826+0000] {subprocess.py:106} INFO - 26/05/09 13:49:57 INFO BlockManagerMaster: Registered BlockManager BlockManagerId(driver, 172.30.1.13, 37901, None)
[2026-05-09T13:49:57.828+0000] {subprocess.py:106} INFO - 26/05/09 13:49:57 INFO BlockManager: Initialized BlockManager: BlockManagerId(driver, 172.30.1.13, 37901, None)
[2026-05-09T13:49:58.041+0000] {subprocess.py:106} INFO - 26/05/09 13:49:58 INFO YarnSchedulerBackend$YarnSchedulerEndpoint: ApplicationMaster registered as NettyRpcEndpointRef(spark-client://YarnAM)
[2026-05-09T13:49:58.238+0000] {subprocess.py:106} INFO - 26/05/09 13:49:58 INFO ServerInfo: Adding filter to /jobs: org.apache.hadoop.yarn.server.webproxy.amfilter.AmIpFilter
[2026-05-09T13:49:58.272+0000] {subprocess.py:106} INFO - 26/05/09 13:49:58 INFO ServerInfo: Adding filter to /jobs/json: org.apache.hadoop.yarn.server.webproxy.amfilter.AmIpFilter
[2026-05-09T13:49:58.274+0000] {subprocess.py:106} INFO - 26/05/09 13:49:58 INFO ServerInfo: Adding filter to /jobs/job: org.apache.hadoop.yarn.server.webproxy.amfilter.AmIpFilter
[2026-05-09T13:49:58.275+0000] {subprocess.py:106} INFO - 26/05/09 13:49:58 INFO ServerInfo: Adding filter to /jobs/job/json: org.apache.hadoop.yarn.server.webproxy.amfilter.AmIpFilter
[2026-05-09T13:49:58.276+0000] {subprocess.py:106} INFO - 26/05/09 13:49:58 INFO ServerInfo: Adding filter to /stages: org.apache.hadoop.yarn.server.webproxy.amfilter.AmIpFilter
[2026-05-09T13:49:58.283+0000] {subprocess.py:106} INFO - 26/05/09 13:49:58 INFO ServerInfo: Adding filter to /stages/json: org.apache.hadoop.yarn.server.webproxy.amfilter.AmIpFilter
[2026-05-09T13:49:58.285+0000] {subprocess.py:106} INFO - 26/05/09 13:49:58 INFO ServerInfo: Adding filter to /stages/stage: org.apache.hadoop.yarn.server.webproxy.amfilter.AmIpFilter
[2026-05-09T13:49:58.286+0000] {subprocess.py:106} INFO - 26/05/09 13:49:58 INFO ServerInfo: Adding filter to /stages/stage/json: org.apache.hadoop.yarn.server.webproxy.amfilter.AmIpFilter
[2026-05-09T13:49:58.288+0000] {subprocess.py:106} INFO - 26/05/09 13:49:58 INFO ServerInfo: Adding filter to /stages/pool: org.apache.hadoop.yarn.server.webproxy.amfilter.AmIpFilter
[2026-05-09T13:49:58.294+0000] {subprocess.py:106} INFO - 26/05/09 13:49:58 INFO ServerInfo: Adding filter to /stages/pool/json: org.apache.hadoop.yarn.server.webproxy.amfilter.AmIpFilter
[2026-05-09T13:49:58.304+0000] {subprocess.py:106} INFO - 26/05/09 13:49:58 INFO ServerInfo: Adding filter to /storage: org.apache.hadoop.yarn.server.webproxy.amfilter.AmIpFilter
[2026-05-09T13:49:58.305+0000] {subprocess.py:106} INFO - 26/05/09 13:49:58 INFO ServerInfo: Adding filter to /storage/json: org.apache.hadoop.yarn.server.webproxy.amfilter.AmIpFilter
[2026-05-09T13:49:58.306+0000] {subprocess.py:106} INFO - 26/05/09 13:49:58 INFO ServerInfo: Adding filter to /storage/rdd: org.apache.hadoop.yarn.server.webproxy.amfilter.AmIpFilter
[2026-05-09T13:49:58.310+0000] {subprocess.py:106} INFO - 26/05/09 13:49:58 INFO ServerInfo: Adding filter to /storage/rdd/json: org.apache.hadoop.yarn.server.webproxy.amfilter.AmIpFilter
[2026-05-09T13:49:58.311+0000] {subprocess.py:106} INFO - 26/05/09 13:49:58 INFO ServerInfo: Adding filter to /environment: org.apache.hadoop.yarn.server.webproxy.amfilter.AmIpFilter
[2026-05-09T13:49:58.313+0000] {subprocess.py:106} INFO - 26/05/09 13:49:58 INFO ServerInfo: Adding filter to /environment/json: org.apache.hadoop.yarn.server.webproxy.amfilter.AmIpFilter
[2026-05-09T13:49:58.317+0000] {subprocess.py:106} INFO - 26/05/09 13:49:58 INFO ServerInfo: Adding filter to /executors: org.apache.hadoop.yarn.server.webproxy.amfilter.AmIpFilter
[2026-05-09T13:49:58.321+0000] {subprocess.py:106} INFO - 26/05/09 13:49:58 INFO ServerInfo: Adding filter to /executors/json: org.apache.hadoop.yarn.server.webproxy.amfilter.AmIpFilter
[2026-05-09T13:49:58.324+0000] {subprocess.py:106} INFO - 26/05/09 13:49:58 INFO ServerInfo: Adding filter to /executors/threadDump: org.apache.hadoop.yarn.server.webproxy.amfilter.AmIpFilter
[2026-05-09T13:49:58.326+0000] {subprocess.py:106} INFO - 26/05/09 13:49:58 INFO ServerInfo: Adding filter to /executors/threadDump/json: org.apache.hadoop.yarn.server.webproxy.amfilter.AmIpFilter
[2026-05-09T13:49:58.328+0000] {subprocess.py:106} INFO - 26/05/09 13:49:58 INFO ServerInfo: Adding filter to /executors/heapHistogram: org.apache.hadoop.yarn.server.webproxy.amfilter.AmIpFilter
[2026-05-09T13:49:58.333+0000] {subprocess.py:106} INFO - 26/05/09 13:49:58 INFO ServerInfo: Adding filter to /executors/heapHistogram/json: org.apache.hadoop.yarn.server.webproxy.amfilter.AmIpFilter
[2026-05-09T13:49:58.338+0000] {subprocess.py:106} INFO - 26/05/09 13:49:58 INFO ServerInfo: Adding filter to /static: org.apache.hadoop.yarn.server.webproxy.amfilter.AmIpFilter
[2026-05-09T13:49:58.361+0000] {subprocess.py:106} INFO - 26/05/09 13:49:58 INFO ServerInfo: Adding filter to /: org.apache.hadoop.yarn.server.webproxy.amfilter.AmIpFilter
[2026-05-09T13:49:58.364+0000] {subprocess.py:106} INFO - 26/05/09 13:49:58 INFO ServerInfo: Adding filter to /api: org.apache.hadoop.yarn.server.webproxy.amfilter.AmIpFilter
[2026-05-09T13:49:58.372+0000] {subprocess.py:106} INFO - 26/05/09 13:49:58 INFO ServerInfo: Adding filter to /jobs/job/kill: org.apache.hadoop.yarn.server.webproxy.amfilter.AmIpFilter
[2026-05-09T13:49:58.374+0000] {subprocess.py:106} INFO - 26/05/09 13:49:58 INFO ServerInfo: Adding filter to /stages/stage/kill: org.apache.hadoop.yarn.server.webproxy.amfilter.AmIpFilter
[2026-05-09T13:49:58.384+0000] {subprocess.py:106} INFO - 26/05/09 13:49:58 INFO ServerInfo: Adding filter to /metrics/json: org.apache.hadoop.yarn.server.webproxy.amfilter.AmIpFilter
[2026-05-09T13:49:58.387+0000] {subprocess.py:106} INFO - 26/05/09 13:49:58 INFO YarnClientSchedulerBackend: SchedulerBackend is ready for scheduling beginning after waiting maxRegisteredResourcesWaitingTime: 30000000000(ns)
[2026-05-09T13:49:58.777+0000] {subprocess.py:106} INFO - ✅ Spark Connected!
[2026-05-09T13:49:58.779+0000] {subprocess.py:106} INFO - 📥 Reading orders...
[2026-05-09T13:49:58.785+0000] {subprocess.py:106} INFO - 26/05/09 13:49:58 INFO SharedState: Setting hive.metastore.warehouse.dir ('null') to the value of spark.sql.warehouse.dir.
[2026-05-09T13:49:58.788+0000] {subprocess.py:106} INFO - 26/05/09 13:49:58 INFO SharedState: Warehouse path is 'file:/home/jovyan/spark-warehouse'.
[2026-05-09T13:49:58.805+0000] {subprocess.py:106} INFO - 26/05/09 13:49:58 INFO ServerInfo: Adding filter to /SQL: org.apache.hadoop.yarn.server.webproxy.amfilter.AmIpFilter
[2026-05-09T13:49:58.808+0000] {subprocess.py:106} INFO - 26/05/09 13:49:58 INFO ServerInfo: Adding filter to /SQL/json: org.apache.hadoop.yarn.server.webproxy.amfilter.AmIpFilter
[2026-05-09T13:49:58.811+0000] {subprocess.py:106} INFO - 26/05/09 13:49:58 INFO ServerInfo: Adding filter to /SQL/execution: org.apache.hadoop.yarn.server.webproxy.amfilter.AmIpFilter
[2026-05-09T13:49:58.813+0000] {subprocess.py:106} INFO - 26/05/09 13:49:58 INFO ServerInfo: Adding filter to /SQL/execution/json: org.apache.hadoop.yarn.server.webproxy.amfilter.AmIpFilter
[2026-05-09T13:49:58.816+0000] {subprocess.py:106} INFO - 26/05/09 13:49:58 INFO ServerInfo: Adding filter to /static/sql: org.apache.hadoop.yarn.server.webproxy.amfilter.AmIpFilter
[2026-05-09T13:50:01.486+0000] {subprocess.py:106} INFO - 26/05/09 13:50:01 INFO InMemoryFileIndex: It took 325 ms to list leaf files for 1 paths.
[2026-05-09T13:50:05.312+0000] {subprocess.py:106} INFO - 26/05/09 13:50:05 INFO FileSourceStrategy: Pushed Filters:
[2026-05-09T13:50:05.362+0000] {subprocess.py:106} INFO - 26/05/09 13:50:05 INFO FileSourceStrategy: Post-Scan Filters:
[2026-05-09T13:50:07.127+0000] {subprocess.py:106} INFO - 26/05/09 13:50:07 INFO CodeGenerator: Code generated in 757.685583 ms
[2026-05-09T13:50:07.314+0000] {subprocess.py:106} INFO - 26/05/09 13:50:07 INFO MemoryStore: Block broadcast_0 stored as values in memory (estimated size 206.3 KiB, free 434.2 MiB)
[2026-05-09T13:50:07.497+0000] {subprocess.py:106} INFO - 26/05/09 13:50:07 INFO MemoryStore: Block broadcast_0_piece0 stored as bytes in memory (estimated size 35.1 KiB, free 434.2 MiB)
[2026-05-09T13:50:07.507+0000] {subprocess.py:106} INFO - 26/05/09 13:50:07 INFO BlockManagerInfo: Added broadcast_0_piece0 in memory on 172.30.1.13:37901 (size: 35.1 KiB, free: 434.4 MiB)
[2026-05-09T13:50:07.521+0000] {subprocess.py:106} INFO - 26/05/09 13:50:07 INFO SparkContext: Created broadcast 0 from count at NativeMethodAccessorImpl.java:0
[2026-05-09T13:50:07.618+0000] {subprocess.py:106} INFO - 26/05/09 13:50:07 INFO FileSourceScanExec: Planning scan with bin packing, max size: 134217728 bytes, open cost is considered as scanning 4194304 bytes.
[2026-05-09T13:50:08.043+0000] {subprocess.py:106} INFO - 26/05/09 13:50:08 INFO DAGScheduler: Registering RDD 3 (count at NativeMethodAccessorImpl.java:0) as input to shuffle 0
[2026-05-09T13:50:08.065+0000] {subprocess.py:106} INFO - 26/05/09 13:50:08 INFO DAGScheduler: Got map stage job 0 (count at NativeMethodAccessorImpl.java:0) with 4 output partitions
[2026-05-09T13:50:08.066+0000] {subprocess.py:106} INFO - 26/05/09 13:50:08 INFO DAGScheduler: Final stage: ShuffleMapStage 0 (count at NativeMethodAccessorImpl.java:0)
[2026-05-09T13:50:08.068+0000] {subprocess.py:106} INFO - 26/05/09 13:50:08 INFO DAGScheduler: Parents of final stage: List()
[2026-05-09T13:50:08.074+0000] {subprocess.py:106} INFO - 26/05/09 13:50:08 INFO DAGScheduler: Missing parents: List()
[2026-05-09T13:50:08.083+0000] {subprocess.py:106} INFO - 26/05/09 13:50:08 INFO DAGScheduler: Submitting ShuffleMapStage 0 (MapPartitionsRDD[3] at count at NativeMethodAccessorImpl.java:0), which has no missing parents
[2026-05-09T13:50:08.514+0000] {subprocess.py:106} INFO - 26/05/09 13:50:08 INFO MemoryStore: Block broadcast_1 stored as values in memory (estimated size 18.0 KiB, free 434.1 MiB)
[2026-05-09T13:50:08.544+0000] {subprocess.py:106} INFO - 26/05/09 13:50:08 INFO MemoryStore: Block broadcast_1_piece0 stored as bytes in memory (estimated size 8.9 KiB, free 434.1 MiB)
[2026-05-09T13:50:08.551+0000] {subprocess.py:106} INFO - 26/05/09 13:50:08 INFO BlockManagerInfo: Added broadcast_1_piece0 in memory on 172.30.1.13:37901 (size: 8.9 KiB, free: 434.4 MiB)
[2026-05-09T13:50:08.559+0000] {subprocess.py:106} INFO - 26/05/09 13:50:08 INFO SparkContext: Created broadcast 1 from broadcast at DAGScheduler.scala:1580
[2026-05-09T13:50:08.588+0000] {subprocess.py:106} INFO - 26/05/09 13:50:08 INFO DAGScheduler: Submitting 4 missing tasks from ShuffleMapStage 0 (MapPartitionsRDD[3] at count at NativeMethodAccessorImpl.java:0) (first 15 tasks are for partitions Vector(0, 1, 2, 3))
[2026-05-09T13:50:08.595+0000] {subprocess.py:106} INFO - 26/05/09 13:50:08 INFO YarnScheduler: Adding task set 0.0 with 4 tasks resource profile 0
[2026-05-09T13:50:11.824+0000] {subprocess.py:106} INFO - 26/05/09 13:50:11 INFO YarnSchedulerBackend$YarnDriverEndpoint: Registered executor NettyRpcEndpointRef(spark-client://Executor) (172.30.1.25:36956) with ID 2,  ResourceProfileId 0
[2026-05-09T13:50:11.961+0000] {subprocess.py:106} INFO - 26/05/09 13:50:11 INFO BlockManagerMasterEndpoint: Registering block manager 6303bebb27dc:33103 with 93.3 MiB RAM, BlockManagerId(2, 6303bebb27dc, 33103, None)
[2026-05-09T13:50:12.146+0000] {subprocess.py:106} INFO - 26/05/09 13:50:12 INFO TaskSetManager: Starting task 0.0 in stage 0.0 (TID 0) (6303bebb27dc, executor 2, partition 0, RACK_LOCAL, 12210 bytes)
[2026-05-09T13:50:12.981+0000] {subprocess.py:106} INFO - 26/05/09 13:50:12 INFO BlockManagerInfo: Added broadcast_1_piece0 in memory on 6303bebb27dc:33103 (size: 8.9 KiB, free: 93.3 MiB)
[2026-05-09T13:50:15.200+0000] {subprocess.py:106} INFO - 26/05/09 13:50:15 INFO BlockManagerInfo: Added broadcast_0_piece0 in memory on 6303bebb27dc:33103 (size: 35.1 KiB, free: 93.3 MiB)
[2026-05-09T13:50:18.318+0000] {subprocess.py:106} INFO - 26/05/09 13:50:18 INFO TaskSetManager: Starting task 1.0 in stage 0.0 (TID 1) (6303bebb27dc, executor 2, partition 1, RACK_LOCAL, 12209 bytes)
[2026-05-09T13:50:18.353+0000] {subprocess.py:106} INFO - 26/05/09 13:50:18 INFO TaskSetManager: Finished task 0.0 in stage 0.0 (TID 0) in 6253 ms on 6303bebb27dc (executor 2) (1/4)
[2026-05-09T13:50:18.985+0000] {subprocess.py:106} INFO - 26/05/09 13:50:18 INFO TaskSetManager: Starting task 2.0 in stage 0.0 (TID 2) (6303bebb27dc, executor 2, partition 2, RACK_LOCAL, 12211 bytes)
[2026-05-09T13:50:18.987+0000] {subprocess.py:106} INFO - 26/05/09 13:50:18 INFO TaskSetManager: Finished task 1.0 in stage 0.0 (TID 1) in 673 ms on 6303bebb27dc (executor 2) (2/4)
[2026-05-09T13:50:19.546+0000] {subprocess.py:106} INFO - 26/05/09 13:50:19 INFO TaskSetManager: Starting task 3.0 in stage 0.0 (TID 3) (6303bebb27dc, executor 2, partition 3, RACK_LOCAL, 9046 bytes)
[2026-05-09T13:50:19.547+0000] {subprocess.py:106} INFO - 26/05/09 13:50:19 INFO TaskSetManager: Finished task 2.0 in stage 0.0 (TID 2) in 560 ms on 6303bebb27dc (executor 2) (3/4)
[2026-05-09T13:50:19.723+0000] {subprocess.py:106} INFO - 26/05/09 13:50:19 INFO TaskSetManager: Finished task 3.0 in stage 0.0 (TID 3) in 183 ms on 6303bebb27dc (executor 2) (4/4)
[2026-05-09T13:50:19.728+0000] {subprocess.py:106} INFO - 26/05/09 13:50:19 INFO YarnScheduler: Removed TaskSet 0.0, whose tasks have all completed, from pool
[2026-05-09T13:50:19.740+0000] {subprocess.py:106} INFO - 26/05/09 13:50:19 INFO DAGScheduler: ShuffleMapStage 0 (count at NativeMethodAccessorImpl.java:0) finished in 11.590 s
[2026-05-09T13:50:19.741+0000] {subprocess.py:106} INFO - 26/05/09 13:50:19 INFO DAGScheduler: looking for newly runnable stages
[2026-05-09T13:50:19.745+0000] {subprocess.py:106} INFO - 26/05/09 13:50:19 INFO DAGScheduler: running: Set()
[2026-05-09T13:50:19.746+0000] {subprocess.py:106} INFO - 26/05/09 13:50:19 INFO DAGScheduler: waiting: Set()
[2026-05-09T13:50:19.747+0000] {subprocess.py:106} INFO - 26/05/09 13:50:19 INFO DAGScheduler: failed: Set()
[2026-05-09T13:50:19.859+0000] {subprocess.py:106} INFO - 26/05/09 13:50:19 INFO CodeGenerator: Code generated in 29.82185 ms
[2026-05-09T13:50:19.936+0000] {subprocess.py:106} INFO - 26/05/09 13:50:19 INFO SparkContext: Starting job: count at NativeMethodAccessorImpl.java:0
[2026-05-09T13:50:19.946+0000] {subprocess.py:106} INFO - 26/05/09 13:50:19 INFO DAGScheduler: Got job 1 (count at NativeMethodAccessorImpl.java:0) with 1 output partitions
[2026-05-09T13:50:19.948+0000] {subprocess.py:106} INFO - 26/05/09 13:50:19 INFO DAGScheduler: Final stage: ResultStage 2 (count at NativeMethodAccessorImpl.java:0)
[2026-05-09T13:50:19.952+0000] {subprocess.py:106} INFO - 26/05/09 13:50:19 INFO DAGScheduler: Parents of final stage: List(ShuffleMapStage 1)
[2026-05-09T13:50:19.956+0000] {subprocess.py:106} INFO - 26/05/09 13:50:19 INFO DAGScheduler: Missing parents: List()
[2026-05-09T13:50:19.964+0000] {subprocess.py:106} INFO - 26/05/09 13:50:19 INFO DAGScheduler: Submitting ResultStage 2 (MapPartitionsRDD[6] at count at NativeMethodAccessorImpl.java:0), which has no missing parents
[2026-05-09T13:50:19.978+0000] {subprocess.py:106} INFO - 26/05/09 13:50:19 INFO MemoryStore: Block broadcast_2 stored as values in memory (estimated size 12.5 KiB, free 434.1 MiB)
[2026-05-09T13:50:19.984+0000] {subprocess.py:106} INFO - 26/05/09 13:50:19 INFO MemoryStore: Block broadcast_2_piece0 stored as bytes in memory (estimated size 5.9 KiB, free 434.1 MiB)
[2026-05-09T13:50:19.990+0000] {subprocess.py:106} INFO - 26/05/09 13:50:19 INFO BlockManagerInfo: Added broadcast_2_piece0 in memory on 172.30.1.13:37901 (size: 5.9 KiB, free: 434.4 MiB)
[2026-05-09T13:50:19.993+0000] {subprocess.py:106} INFO - 26/05/09 13:50:19 INFO SparkContext: Created broadcast 2 from broadcast at DAGScheduler.scala:1580
[2026-05-09T13:50:19.996+0000] {subprocess.py:106} INFO - 26/05/09 13:50:19 INFO DAGScheduler: Submitting 1 missing tasks from ResultStage 2 (MapPartitionsRDD[6] at count at NativeMethodAccessorImpl.java:0) (first 15 tasks are for partitions Vector(0))
[2026-05-09T13:50:19.997+0000] {subprocess.py:106} INFO - 26/05/09 13:50:19 INFO YarnScheduler: Adding task set 2.0 with 1 tasks resource profile 0
[2026-05-09T13:50:20.008+0000] {subprocess.py:106} INFO - 26/05/09 13:50:20 INFO TaskSetManager: Starting task 0.0 in stage 2.0 (TID 4) (6303bebb27dc, executor 2, partition 0, NODE_LOCAL, 7626 bytes)
[2026-05-09T13:50:20.069+0000] {subprocess.py:106} INFO - 26/05/09 13:50:20 INFO BlockManagerInfo: Added broadcast_2_piece0 in memory on 6303bebb27dc:33103 (size: 5.9 KiB, free: 93.3 MiB)
[2026-05-09T13:50:20.431+0000] {subprocess.py:106} INFO - 26/05/09 13:50:20 INFO YarnSchedulerBackend$YarnDriverEndpoint: Registered executor NettyRpcEndpointRef(spark-client://Executor) (172.30.1.26:49126) with ID 1,  ResourceProfileId 0
[2026-05-09T13:50:20.449+0000] {subprocess.py:106} INFO - 26/05/09 13:50:20 INFO MapOutputTrackerMasterEndpoint: Asked to send map output locations for shuffle 0 to 172.30.1.25:36956
[2026-05-09T13:50:20.716+0000] {subprocess.py:106} INFO - 26/05/09 13:50:20 INFO BlockManagerMasterEndpoint: Registering block manager 00a554289257:45391 with 93.3 MiB RAM, BlockManagerId(1, 00a554289257, 45391, None)
[2026-05-09T13:50:20.817+0000] {subprocess.py:106} INFO - 26/05/09 13:50:20 INFO TaskSetManager: Finished task 0.0 in stage 2.0 (TID 4) in 808 ms on 6303bebb27dc (executor 2) (1/1)
[2026-05-09T13:50:20.822+0000] {subprocess.py:106} INFO - 26/05/09 13:50:20 INFO YarnScheduler: Removed TaskSet 2.0, whose tasks have all completed, from pool
[2026-05-09T13:50:20.826+0000] {subprocess.py:106} INFO - 26/05/09 13:50:20 INFO DAGScheduler: ResultStage 2 (count at NativeMethodAccessorImpl.java:0) finished in 0.840 s
[2026-05-09T13:50:20.830+0000] {subprocess.py:106} INFO - 26/05/09 13:50:20 INFO DAGScheduler: Job 1 is finished. Cancelling potential speculative or zombie tasks for this job
[2026-05-09T13:50:20.836+0000] {subprocess.py:106} INFO - 26/05/09 13:50:20 INFO YarnScheduler: Killing all running tasks in stage 2: Stage finished
[2026-05-09T13:50:20.846+0000] {subprocess.py:106} INFO - 26/05/09 13:50:20 INFO DAGScheduler: Job 1 finished: count at NativeMethodAccessorImpl.java:0, took 0.903211 s
[2026-05-09T13:50:20.871+0000] {subprocess.py:106} INFO - ⚡ 99441 rows found!
[2026-05-09T13:50:21.240+0000] {subprocess.py:106} INFO - 26/05/09 13:50:21 INFO FileSourceStrategy: Pushed Filters:
[2026-05-09T13:50:21.242+0000] {subprocess.py:106} INFO - 26/05/09 13:50:21 INFO FileSourceStrategy: Post-Scan Filters:
[2026-05-09T13:50:21.421+0000] {subprocess.py:106} INFO - 26/05/09 13:50:21 INFO ParquetUtils: Using default output committer for Parquet: org.apache.parquet.hadoop.ParquetOutputCommitter
[2026-05-09T13:50:21.467+0000] {subprocess.py:106} INFO - 26/05/09 13:50:21 INFO FileOutputCommitter: File Output Committer Algorithm version is 1
[2026-05-09T13:50:21.470+0000] {subprocess.py:106} INFO - 26/05/09 13:50:21 INFO FileOutputCommitter: FileOutputCommitter skip cleanup _temporary folders under output directory:false, ignore cleanup failures: false
[2026-05-09T13:50:21.472+0000] {subprocess.py:106} INFO - 26/05/09 13:50:21 INFO SQLHadoopMapReduceCommitProtocol: Using user defined output committer class org.apache.parquet.hadoop.ParquetOutputCommitter
[2026-05-09T13:50:21.473+0000] {subprocess.py:106} INFO - 26/05/09 13:50:21 INFO FileOutputCommitter: File Output Committer Algorithm version is 1
[2026-05-09T13:50:21.474+0000] {subprocess.py:106} INFO - 26/05/09 13:50:21 INFO FileOutputCommitter: FileOutputCommitter skip cleanup _temporary folders under output directory:false, ignore cleanup failures: false
[2026-05-09T13:50:21.474+0000] {subprocess.py:106} INFO - 26/05/09 13:50:21 INFO SQLHadoopMapReduceCommitProtocol: Using output committer class org.apache.parquet.hadoop.ParquetOutputCommitter
[2026-05-09T13:50:21.490+0000] {subprocess.py:106} INFO - 26/05/09 13:50:21 INFO MemoryStore: Block broadcast_3 stored as values in memory (estimated size 206.3 KiB, free 433.9 MiB)
[2026-05-09T13:50:21.509+0000] {subprocess.py:106} INFO - 26/05/09 13:50:21 INFO MemoryStore: Block broadcast_3_piece0 stored as bytes in memory (estimated size 35.1 KiB, free 433.9 MiB)
[2026-05-09T13:50:21.511+0000] {subprocess.py:106} INFO - 26/05/09 13:50:21 INFO BlockManagerInfo: Added broadcast_3_piece0 in memory on 172.30.1.13:37901 (size: 35.1 KiB, free: 434.3 MiB)
[2026-05-09T13:50:21.513+0000] {subprocess.py:106} INFO - 26/05/09 13:50:21 INFO SparkContext: Created broadcast 3 from save at NativeMethodAccessorImpl.java:0
[2026-05-09T13:50:21.520+0000] {subprocess.py:106} INFO - 26/05/09 13:50:21 INFO FileSourceScanExec: Planning scan with bin packing, max size: 134217728 bytes, open cost is considered as scanning 4194304 bytes.
[2026-05-09T13:50:21.581+0000] {subprocess.py:106} INFO - 26/05/09 13:50:21 INFO SparkContext: Starting job: save at NativeMethodAccessorImpl.java:0
[2026-05-09T13:50:21.582+0000] {subprocess.py:106} INFO - 26/05/09 13:50:21 INFO DAGScheduler: Got job 2 (save at NativeMethodAccessorImpl.java:0) with 4 output partitions
[2026-05-09T13:50:21.584+0000] {subprocess.py:106} INFO - 26/05/09 13:50:21 INFO DAGScheduler: Final stage: ResultStage 3 (save at NativeMethodAccessorImpl.java:0)
[2026-05-09T13:50:21.586+0000] {subprocess.py:106} INFO - 26/05/09 13:50:21 INFO DAGScheduler: Parents of final stage: List()
[2026-05-09T13:50:21.587+0000] {subprocess.py:106} INFO - 26/05/09 13:50:21 INFO DAGScheduler: Missing parents: List()
[2026-05-09T13:50:21.588+0000] {subprocess.py:106} INFO - 26/05/09 13:50:21 INFO DAGScheduler: Submitting ResultStage 3 (MapPartitionsRDD[9] at save at NativeMethodAccessorImpl.java:0), which has no missing parents
[2026-05-09T13:50:21.620+0000] {subprocess.py:106} INFO - 26/05/09 13:50:21 INFO MemoryStore: Block broadcast_4 stored as values in memory (estimated size 216.5 KiB, free 433.7 MiB)
[2026-05-09T13:50:21.633+0000] {subprocess.py:106} INFO - 26/05/09 13:50:21 INFO MemoryStore: Block broadcast_4_piece0 stored as bytes in memory (estimated size 78.5 KiB, free 433.6 MiB)
[2026-05-09T13:50:21.637+0000] {subprocess.py:106} INFO - 26/05/09 13:50:21 INFO BlockManagerInfo: Added broadcast_4_piece0 in memory on 172.30.1.13:37901 (size: 78.5 KiB, free: 434.2 MiB)
[2026-05-09T13:50:21.641+0000] {subprocess.py:106} INFO - 26/05/09 13:50:21 INFO SparkContext: Created broadcast 4 from broadcast at DAGScheduler.scala:1580
[2026-05-09T13:50:21.644+0000] {subprocess.py:106} INFO - 26/05/09 13:50:21 INFO DAGScheduler: Submitting 4 missing tasks from ResultStage 3 (MapPartitionsRDD[9] at save at NativeMethodAccessorImpl.java:0) (first 15 tasks are for partitions Vector(0, 1, 2, 3))
[2026-05-09T13:50:21.646+0000] {subprocess.py:106} INFO - 26/05/09 13:50:21 INFO YarnScheduler: Adding task set 3.0 with 4 tasks resource profile 0
[2026-05-09T13:50:21.650+0000] {subprocess.py:106} INFO - 26/05/09 13:50:21 INFO TaskSetManager: Starting task 0.0 in stage 3.0 (TID 5) (6303bebb27dc, executor 2, partition 0, RACK_LOCAL, 12221 bytes)
[2026-05-09T13:50:21.651+0000] {subprocess.py:106} INFO - 26/05/09 13:50:21 INFO TaskSetManager: Starting task 1.0 in stage 3.0 (TID 6) (00a554289257, executor 1, partition 1, RACK_LOCAL, 12220 bytes)
[2026-05-09T13:50:21.686+0000] {subprocess.py:106} INFO - 26/05/09 13:50:21 INFO BlockManagerInfo: Removed broadcast_2_piece0 on 172.30.1.13:37901 in memory (size: 5.9 KiB, free: 434.2 MiB)
[2026-05-09T13:50:21.709+0000] {subprocess.py:106} INFO - 26/05/09 13:50:21 INFO BlockManagerInfo: Added broadcast_4_piece0 in memory on 6303bebb27dc:33103 (size: 78.5 KiB, free: 93.2 MiB)
[2026-05-09T13:50:21.739+0000] {subprocess.py:106} INFO - 26/05/09 13:50:21 INFO BlockManagerInfo: Removed broadcast_2_piece0 on 6303bebb27dc:33103 in memory (size: 5.9 KiB, free: 93.2 MiB)
[2026-05-09T13:50:22.235+0000] {subprocess.py:106} INFO - 26/05/09 13:50:22 INFO BlockManagerInfo: Added broadcast_4_piece0 in memory on 00a554289257:45391 (size: 78.5 KiB, free: 93.2 MiB)
[2026-05-09T13:50:23.064+0000] {subprocess.py:106} INFO - 26/05/09 13:50:23 INFO BlockManagerInfo: Added broadcast_3_piece0 in memory on 6303bebb27dc:33103 (size: 35.1 KiB, free: 93.1 MiB)
[2026-05-09T13:50:25.292+0000] {subprocess.py:106} INFO - 26/05/09 13:50:25 INFO TaskSetManager: Starting task 2.0 in stage 3.0 (TID 7) (6303bebb27dc, executor 2, partition 2, RACK_LOCAL, 12222 bytes)
[2026-05-09T13:50:25.302+0000] {subprocess.py:106} INFO - 26/05/09 13:50:25 INFO TaskSetManager: Finished task 0.0 in stage 3.0 (TID 5) in 3654 ms on 6303bebb27dc (executor 2) (1/4)
[2026-05-09T13:50:25.916+0000] {subprocess.py:106} INFO - 26/05/09 13:50:25 INFO BlockManagerInfo: Added broadcast_3_piece0 in memory on 00a554289257:45391 (size: 35.1 KiB, free: 93.2 MiB)
[2026-05-09T13:50:26.838+0000] {subprocess.py:106} INFO - 26/05/09 13:50:26 INFO TaskSetManager: Starting task 3.0 in stage 3.0 (TID 8) (6303bebb27dc, executor 2, partition 3, RACK_LOCAL, 9057 bytes)
[2026-05-09T13:50:26.843+0000] {subprocess.py:106} INFO - 26/05/09 13:50:26 INFO TaskSetManager: Finished task 2.0 in stage 3.0 (TID 7) in 1545 ms on 6303bebb27dc (executor 2) (2/4)
[2026-05-09T13:50:27.178+0000] {subprocess.py:106} INFO - 26/05/09 13:50:27 INFO TaskSetManager: Finished task 3.0 in stage 3.0 (TID 8) in 348 ms on 6303bebb27dc (executor 2) (3/4)
[2026-05-09T13:50:29.514+0000] {subprocess.py:106} INFO - 26/05/09 13:50:29 WARN TaskSetManager: Lost task 1.0 in stage 3.0 (TID 6) (00a554289257 executor 1): org.apache.spark.SparkException: [TASK_WRITE_FAILED] Task failed while writing rows to hdfs://hadoop-namenode:9000/datalake/bronze/orders.
[2026-05-09T13:50:29.515+0000] {subprocess.py:106} INFO - 	at org.apache.spark.sql.errors.QueryExecutionErrors$.taskFailedWhileWritingRowsError(QueryExecutionErrors.scala:774)
[2026-05-09T13:50:29.515+0000] {subprocess.py:106} INFO - 	at org.apache.spark.sql.execution.datasources.FileFormatWriter$.executeTask(FileFormatWriter.scala:420)
[2026-05-09T13:50:29.516+0000] {subprocess.py:106} INFO - 	at org.apache.spark.sql.execution.datasources.WriteFilesExec.$anonfun$doExecuteWrite$1(WriteFiles.scala:100)
[2026-05-09T13:50:29.517+0000] {subprocess.py:106} INFO - 	at org.apache.spark.rdd.RDD.$anonfun$mapPartitionsInternal$2(RDD.scala:890)
[2026-05-09T13:50:29.517+0000] {subprocess.py:106} INFO - 	at org.apache.spark.rdd.RDD.$anonfun$mapPartitionsInternal$2$adapted(RDD.scala:890)
[2026-05-09T13:50:29.518+0000] {subprocess.py:106} INFO - 	at org.apache.spark.rdd.MapPartitionsRDD.compute(MapPartitionsRDD.scala:52)
[2026-05-09T13:50:29.519+0000] {subprocess.py:106} INFO - 	at org.apache.spark.rdd.RDD.computeOrReadCheckpoint(RDD.scala:364)
[2026-05-09T13:50:29.521+0000] {subprocess.py:106} INFO - 	at org.apache.spark.rdd.RDD.iterator(RDD.scala:328)
[2026-05-09T13:50:29.522+0000] {subprocess.py:106} INFO - 	at org.apache.spark.scheduler.ResultTask.runTask(ResultTask.scala:93)
[2026-05-09T13:50:29.522+0000] {subprocess.py:106} INFO - 	at org.apache.spark.TaskContext.runTaskWithListeners(TaskContext.scala:161)
[2026-05-09T13:50:29.523+0000] {subprocess.py:106} INFO - 	at org.apache.spark.scheduler.Task.run(Task.scala:141)
[2026-05-09T13:50:29.524+0000] {subprocess.py:106} INFO - 	at org.apache.spark.executor.Executor$TaskRunner.$anonfun$run$4(Executor.scala:620)
[2026-05-09T13:50:29.525+0000] {subprocess.py:106} INFO - 	at org.apache.spark.util.SparkErrorUtils.tryWithSafeFinally(SparkErrorUtils.scala:64)
[2026-05-09T13:50:29.525+0000] {subprocess.py:106} INFO - 	at org.apache.spark.util.SparkErrorUtils.tryWithSafeFinally$(SparkErrorUtils.scala:61)
[2026-05-09T13:50:29.526+0000] {subprocess.py:106} INFO - 	at org.apache.spark.util.Utils$.tryWithSafeFinally(Utils.scala:94)
[2026-05-09T13:50:29.527+0000] {subprocess.py:106} INFO - 	at org.apache.spark.executor.Executor$TaskRunner.run(Executor.scala:623)
[2026-05-09T13:50:29.527+0000] {subprocess.py:106} INFO - 	at java.util.concurrent.ThreadPoolExecutor.runWorker(ThreadPoolExecutor.java:1149)
[2026-05-09T13:50:29.528+0000] {subprocess.py:106} INFO - 	at java.util.concurrent.ThreadPoolExecutor$Worker.run(ThreadPoolExecutor.java:624)
[2026-05-09T13:50:29.529+0000] {subprocess.py:106} INFO - 	at java.lang.Thread.run(Thread.java:748)
[2026-05-09T13:50:29.530+0000] {subprocess.py:106} INFO - Caused by: java.io.IOException: can not write ColumnIndex(null_pages:[false, false], min_values:[30 30 30 32 32 39 65 63 33 39 38 32 32 34 65 66 36 63 61 30 36 35 37 64 61 34 66 63 37 30 33 65, 30 30 31 33 30 63 30 65 65 65 38 34 61 33 64 39 30 39 65 37 35 62 63 30 38 63 35 63 33 63 61 31], max_values:[66 66 66 62 65 65 33 62 35 34 36 32 39 38 37 65 36 36 66 62 34 39 62 31 63 35 34 31 31 64 66 32, 66 66 66 38 32 38 36 66 37 37 37 38 38 61 62 38 62 35 35 62 32 65 35 37 34 37 66 61 37 64 64 38], boundary_order:UNORDERED, null_counts:[0, 0])
[2026-05-09T13:50:29.530+0000] {subprocess.py:106} INFO - 	at org.apache.parquet.format.Util.write(Util.java:376)
[2026-05-09T13:50:29.531+0000] {subprocess.py:106} INFO - 	at org.apache.parquet.format.Util.writeColumnIndex(Util.java:70)
[2026-05-09T13:50:29.531+0000] {subprocess.py:106} INFO - 	at org.apache.parquet.hadoop.ParquetFileWriter.serializeColumnIndexes(ParquetFileWriter.java:1235)
[2026-05-09T13:50:29.532+0000] {subprocess.py:106} INFO - 	at org.apache.parquet.hadoop.ParquetFileWriter.end(ParquetFileWriter.java:1198)
[2026-05-09T13:50:29.533+0000] {subprocess.py:106} INFO - 	at org.apache.parquet.hadoop.InternalParquetRecordWriter.close(InternalParquetRecordWriter.java:132)
[2026-05-09T13:50:29.534+0000] {subprocess.py:106} INFO - 	at org.apache.parquet.hadoop.ParquetRecordWriter.close(ParquetRecordWriter.java:164)
[2026-05-09T13:50:29.534+0000] {subprocess.py:106} INFO - 	at org.apache.spark.sql.execution.datasources.parquet.ParquetOutputWriter.close(ParquetOutputWriter.scala:41)
[2026-05-09T13:50:29.535+0000] {subprocess.py:106} INFO - 	at org.apache.spark.sql.execution.datasources.FileFormatDataWriter.releaseCurrentWriter(FileFormatDataWriter.scala:64)
[2026-05-09T13:50:29.536+0000] {subprocess.py:106} INFO - 	at org.apache.spark.sql.execution.datasources.FileFormatDataWriter.releaseResources(FileFormatDataWriter.scala:75)
[2026-05-09T13:50:29.536+0000] {subprocess.py:106} INFO - 	at org.apache.spark.sql.execution.datasources.FileFormatDataWriter.commit(FileFormatDataWriter.scala:105)
[2026-05-09T13:50:29.537+0000] {subprocess.py:106} INFO - 	at org.apache.spark.sql.execution.datasources.FileFormatWriter$.$anonfun$executeTask$1(FileFormatWriter.scala:404)
[2026-05-09T13:50:29.538+0000] {subprocess.py:106} INFO - 	at org.apache.spark.util.Utils$.tryWithSafeFinallyAndFailureCallbacks(Utils.scala:1397)
[2026-05-09T13:50:29.538+0000] {subprocess.py:106} INFO - 	at org.apache.spark.sql.execution.datasources.FileFormatWriter$.executeTask(FileFormatWriter.scala:410)
[2026-05-09T13:50:29.539+0000] {subprocess.py:106} INFO - 	... 17 more
[2026-05-09T13:50:29.540+0000] {subprocess.py:106} INFO - Caused by: shaded.parquet.org.apache.thrift.transport.TTransportException: java.io.FileNotFoundException: File does not exist: /datalake/bronze/orders/_temporary/0/_temporary/attempt_202605091350216406896137294251565_0003_m_000001_6/part-00001-5ad7ce8f-745e-4371-b1f6-90916e8bd5b6-c000.snappy.parquet (inode 17026) Holder DFSClient_attempt_202605091350216406896137294251565_0003_m_000001_6_326354091_38 does not have any open files.
[2026-05-09T13:50:29.541+0000] {subprocess.py:106} INFO - 	at org.apache.hadoop.hdfs.server.namenode.FSNamesystem.checkLease(FSNamesystem.java:2898)
[2026-05-09T13:50:29.542+0000] {subprocess.py:106} INFO - 	at org.apache.hadoop.hdfs.server.namenode.FSDirWriteFileOp.analyzeFileState(FSDirWriteFileOp.java:599)
[2026-05-09T13:50:29.545+0000] {subprocess.py:106} INFO - 	at org.apache.hadoop.hdfs.server.namenode.FSDirWriteFileOp.validateAddBlock(FSDirWriteFileOp.java:171)
[2026-05-09T13:50:29.547+0000] {subprocess.py:106} INFO - 	at org.apache.hadoop.hdfs.server.namenode.FSNamesystem.getAdditionalBlock(FSNamesystem.java:2777)
[2026-05-09T13:50:29.548+0000] {subprocess.py:106} INFO - 	at org.apache.hadoop.hdfs.server.namenode.NameNodeRpcServer.addBlock(NameNodeRpcServer.java:892)
[2026-05-09T13:50:29.548+0000] {subprocess.py:106} INFO - 	at org.apache.hadoop.hdfs.protocolPB.ClientNamenodeProtocolServerSideTranslatorPB.addBlock(ClientNamenodeProtocolServerSideTranslatorPB.java:574)
[2026-05-09T13:50:29.549+0000] {subprocess.py:106} INFO - 	at org.apache.hadoop.hdfs.protocol.proto.ClientNamenodeProtocolProtos$ClientNamenodeProtocol$2.callBlockingMethod(ClientNamenodeProtocolProtos.java)
[2026-05-09T13:50:29.550+0000] {subprocess.py:106} INFO - 	at org.apache.hadoop.ipc.ProtobufRpcEngine$Server$ProtoBufRpcInvoker.call(ProtobufRpcEngine.java:528)
[2026-05-09T13:50:29.551+0000] {subprocess.py:106} INFO - 	at org.apache.hadoop.ipc.RPC$Server.call(RPC.java:1070)
[2026-05-09T13:50:29.552+0000] {subprocess.py:106} INFO - 	at org.apache.hadoop.ipc.Server$RpcCall.run(Server.java:999)
[2026-05-09T13:50:29.552+0000] {subprocess.py:106} INFO - 	at org.apache.hadoop.ipc.Server$RpcCall.run(Server.java:927)
[2026-05-09T13:50:29.553+0000] {subprocess.py:106} INFO - 	at java.security.AccessController.doPrivileged(Native Method)
[2026-05-09T13:50:29.555+0000] {subprocess.py:106} INFO - 	at javax.security.auth.Subject.doAs(Subject.java:422)
[2026-05-09T13:50:29.556+0000] {subprocess.py:106} INFO - 	at org.apache.hadoop.security.UserGroupInformation.doAs(UserGroupInformation.java:1730)
[2026-05-09T13:50:29.557+0000] {subprocess.py:106} INFO - 	at org.apache.hadoop.ipc.Server$Handler.run(Server.java:2915)
[2026-05-09T13:50:29.558+0000] {subprocess.py:106} INFO - 
[2026-05-09T13:50:29.558+0000] {subprocess.py:106} INFO - 	at shaded.parquet.org.apache.thrift.transport.TIOStreamTransport.write(TIOStreamTransport.java:199)
[2026-05-09T13:50:29.559+0000] {subprocess.py:106} INFO - 	at shaded.parquet.org.apache.thrift.protocol.TCompactProtocol.writeByteDirect(TCompactProtocol.java:482)
[2026-05-09T13:50:29.560+0000] {subprocess.py:106} INFO - 	at shaded.parquet.org.apache.thrift.protocol.TCompactProtocol.writeBool(TCompactProtocol.java:321)
[2026-05-09T13:50:29.560+0000] {subprocess.py:106} INFO - 	at org.apache.parquet.format.InterningProtocol.writeBool(InterningProtocol.java:107)
[2026-05-09T13:50:29.561+0000] {subprocess.py:106} INFO - 	at org.apache.parquet.format.ColumnIndex$ColumnIndexStandardScheme.write(ColumnIndex.java:931)
[2026-05-09T13:50:29.562+0000] {subprocess.py:106} INFO - 	at org.apache.parquet.format.ColumnIndex$ColumnIndexStandardScheme.write(ColumnIndex.java:818)
[2026-05-09T13:50:29.563+0000] {subprocess.py:106} INFO - 	at org.apache.parquet.format.ColumnIndex.write(ColumnIndex.java:726)
[2026-05-09T13:50:29.565+0000] {subprocess.py:106} INFO - 	at org.apache.parquet.format.Util.write(Util.java:373)
[2026-05-09T13:50:29.565+0000] {subprocess.py:106} INFO - 	... 29 more
[2026-05-09T13:50:29.566+0000] {subprocess.py:106} INFO - Caused by: java.io.FileNotFoundException: File does not exist: /datalake/bronze/orders/_temporary/0/_temporary/attempt_202605091350216406896137294251565_0003_m_000001_6/part-00001-5ad7ce8f-745e-4371-b1f6-90916e8bd5b6-c000.snappy.parquet (inode 17026) Holder DFSClient_attempt_202605091350216406896137294251565_0003_m_000001_6_326354091_38 does not have any open files.
[2026-05-09T13:50:29.567+0000] {subprocess.py:106} INFO - 	at org.apache.hadoop.hdfs.server.namenode.FSNamesystem.checkLease(FSNamesystem.java:2898)
[2026-05-09T13:50:29.569+0000] {subprocess.py:106} INFO - 	at org.apache.hadoop.hdfs.server.namenode.FSDirWriteFileOp.analyzeFileState(FSDirWriteFileOp.java:599)
[2026-05-09T13:50:29.570+0000] {subprocess.py:106} INFO - 	at org.apache.hadoop.hdfs.server.namenode.FSDirWriteFileOp.validateAddBlock(FSDirWriteFileOp.java:171)
[2026-05-09T13:50:29.570+0000] {subprocess.py:106} INFO - 	at org.apache.hadoop.hdfs.server.namenode.FSNamesystem.getAdditionalBlock(FSNamesystem.java:2777)
[2026-05-09T13:50:29.572+0000] {subprocess.py:106} INFO - 	at org.apache.hadoop.hdfs.server.namenode.NameNodeRpcServer.addBlock(NameNodeRpcServer.java:892)
[2026-05-09T13:50:29.573+0000] {subprocess.py:106} INFO - 	at org.apache.hadoop.hdfs.protocolPB.ClientNamenodeProtocolServerSideTranslatorPB.addBlock(ClientNamenodeProtocolServerSideTranslatorPB.java:574)
[2026-05-09T13:50:29.575+0000] {subprocess.py:106} INFO - 	at org.apache.hadoop.hdfs.protocol.proto.ClientNamenodeProtocolProtos$ClientNamenodeProtocol$2.callBlockingMethod(ClientNamenodeProtocolProtos.java)
[2026-05-09T13:50:29.576+0000] {subprocess.py:106} INFO - 	at org.apache.hadoop.ipc.ProtobufRpcEngine$Server$ProtoBufRpcInvoker.call(ProtobufRpcEngine.java:528)
[2026-05-09T13:50:29.577+0000] {subprocess.py:106} INFO - 	at org.apache.hadoop.ipc.RPC$Server.call(RPC.java:1070)
[2026-05-09T13:50:29.577+0000] {subprocess.py:106} INFO - 	at org.apache.hadoop.ipc.Server$RpcCall.run(Server.java:999)
[2026-05-09T13:50:29.578+0000] {subprocess.py:106} INFO - 	at org.apache.hadoop.ipc.Server$RpcCall.run(Server.java:927)
[2026-05-09T13:50:29.579+0000] {subprocess.py:106} INFO - 	at java.security.AccessController.doPrivileged(Native Method)
[2026-05-09T13:50:29.586+0000] {subprocess.py:106} INFO - 	at javax.security.auth.Subject.doAs(Subject.java:422)
[2026-05-09T13:50:29.587+0000] {subprocess.py:106} INFO - 	at org.apache.hadoop.security.UserGroupInformation.doAs(UserGroupInformation.java:1730)
[2026-05-09T13:50:29.588+0000] {subprocess.py:106} INFO - 	at org.apache.hadoop.ipc.Server$Handler.run(Server.java:2915)
[2026-05-09T13:50:29.589+0000] {subprocess.py:106} INFO - 
[2026-05-09T13:50:29.590+0000] {subprocess.py:106} INFO - 	at sun.reflect.NativeConstructorAccessorImpl.newInstance0(Native Method)
[2026-05-09T13:50:29.594+0000] {subprocess.py:106} INFO - 	at sun.reflect.NativeConstructorAccessorImpl.newInstance(NativeConstructorAccessorImpl.java:62)
[2026-05-09T13:50:29.598+0000] {subprocess.py:106} INFO - 	at sun.reflect.DelegatingConstructorAccessorImpl.newInstance(DelegatingConstructorAccessorImpl.java:45)
[2026-05-09T13:50:29.601+0000] {subprocess.py:106} INFO - 	at java.lang.reflect.Constructor.newInstance(Constructor.java:423)
[2026-05-09T13:50:29.603+0000] {subprocess.py:106} INFO - 	at org.apache.hadoop.ipc.RemoteException.instantiateException(RemoteException.java:121)
[2026-05-09T13:50:29.610+0000] {subprocess.py:106} INFO - 	at org.apache.hadoop.ipc.RemoteException.unwrapRemoteException(RemoteException.java:88)
[2026-05-09T13:50:29.614+0000] {subprocess.py:106} INFO - 	at org.apache.hadoop.hdfs.DFSOutputStream.addBlock(DFSOutputStream.java:1091)
[2026-05-09T13:50:29.615+0000] {subprocess.py:106} INFO - 	at org.apache.hadoop.hdfs.DataStreamer.locateFollowingBlock(DataStreamer.java:1915)
[2026-05-09T13:50:29.617+0000] {subprocess.py:106} INFO - 	at org.apache.hadoop.hdfs.DataStreamer.nextBlockOutputStream(DataStreamer.java:1717)
[2026-05-09T13:50:29.618+0000] {subprocess.py:106} INFO - 	at org.apache.hadoop.hdfs.DataStreamer.run(DataStreamer.java:713)
[2026-05-09T13:50:29.619+0000] {subprocess.py:106} INFO - Caused by: org.apache.hadoop.ipc.RemoteException(java.io.FileNotFoundException): File does not exist: /datalake/bronze/orders/_temporary/0/_temporary/attempt_202605091350216406896137294251565_0003_m_000001_6/part-00001-5ad7ce8f-745e-4371-b1f6-90916e8bd5b6-c000.snappy.parquet (inode 17026) Holder DFSClient_attempt_202605091350216406896137294251565_0003_m_000001_6_326354091_38 does not have any open files.
[2026-05-09T13:50:29.620+0000] {subprocess.py:106} INFO - 	at org.apache.hadoop.hdfs.server.namenode.FSNamesystem.checkLease(FSNamesystem.java:2898)
[2026-05-09T13:50:29.621+0000] {subprocess.py:106} INFO - 	at org.apache.hadoop.hdfs.server.namenode.FSDirWriteFileOp.analyzeFileState(FSDirWriteFileOp.java:599)
[2026-05-09T13:50:29.622+0000] {subprocess.py:106} INFO - 	at org.apache.hadoop.hdfs.server.namenode.FSDirWriteFileOp.validateAddBlock(FSDirWriteFileOp.java:171)
[2026-05-09T13:50:29.622+0000] {subprocess.py:106} INFO - 	at org.apache.hadoop.hdfs.server.namenode.FSNamesystem.getAdditionalBlock(FSNamesystem.java:2777)
[2026-05-09T13:50:29.623+0000] {subprocess.py:106} INFO - 	at org.apache.hadoop.hdfs.server.namenode.NameNodeRpcServer.addBlock(NameNodeRpcServer.java:892)
[2026-05-09T13:50:29.624+0000] {subprocess.py:106} INFO - 	at org.apache.hadoop.hdfs.protocolPB.ClientNamenodeProtocolServerSideTranslatorPB.addBlock(ClientNamenodeProtocolServerSideTranslatorPB.java:574)
[2026-05-09T13:50:29.628+0000] {subprocess.py:106} INFO - 	at org.apache.hadoop.hdfs.protocol.proto.ClientNamenodeProtocolProtos$ClientNamenodeProtocol$2.callBlockingMethod(ClientNamenodeProtocolProtos.java)
[2026-05-09T13:50:29.629+0000] {subprocess.py:106} INFO - 	at org.apache.hadoop.ipc.ProtobufRpcEngine$Server$ProtoBufRpcInvoker.call(ProtobufRpcEngine.java:528)
[2026-05-09T13:50:29.630+0000] {subprocess.py:106} INFO - 	at org.apache.hadoop.ipc.RPC$Server.call(RPC.java:1070)
[2026-05-09T13:50:29.631+0000] {subprocess.py:106} INFO - 	at org.apache.hadoop.ipc.Server$RpcCall.run(Server.java:999)
[2026-05-09T13:50:29.632+0000] {subprocess.py:106} INFO - 	at org.apache.hadoop.ipc.Server$RpcCall.run(Server.java:927)
[2026-05-09T13:50:29.632+0000] {subprocess.py:106} INFO - 	at java.security.AccessController.doPrivileged(Native Method)
[2026-05-09T13:50:29.633+0000] {subprocess.py:106} INFO - 	at javax.security.auth.Subject.doAs(Subject.java:422)
[2026-05-09T13:50:29.634+0000] {subprocess.py:106} INFO - 	at org.apache.hadoop.security.UserGroupInformation.doAs(UserGroupInformation.java:1730)
[2026-05-09T13:50:29.635+0000] {subprocess.py:106} INFO - 	at org.apache.hadoop.ipc.Server$Handler.run(Server.java:2915)
[2026-05-09T13:50:29.636+0000] {subprocess.py:106} INFO - 
[2026-05-09T13:50:29.637+0000] {subprocess.py:106} INFO - 	at org.apache.hadoop.ipc.Client.getRpcResponse(Client.java:1612)
[2026-05-09T13:50:29.639+0000] {subprocess.py:106} INFO - 	at org.apache.hadoop.ipc.Client.call(Client.java:1558)
[2026-05-09T13:50:29.641+0000] {subprocess.py:106} INFO - 	at org.apache.hadoop.ipc.Client.call(Client.java:1455)
[2026-05-09T13:50:29.642+0000] {subprocess.py:106} INFO - 	at org.apache.hadoop.ipc.ProtobufRpcEngine2$Invoker.invoke(ProtobufRpcEngine2.java:242)
[2026-05-09T13:50:29.643+0000] {subprocess.py:106} INFO - 	at org.apache.hadoop.ipc.ProtobufRpcEngine2$Invoker.invoke(ProtobufRpcEngine2.java:129)
[2026-05-09T13:50:29.644+0000] {subprocess.py:106} INFO - 	at com.sun.proxy.$Proxy31.addBlock(Unknown Source)
[2026-05-09T13:50:29.644+0000] {subprocess.py:106} INFO - 	at org.apache.hadoop.hdfs.protocolPB.ClientNamenodeProtocolTranslatorPB.addBlock(ClientNamenodeProtocolTranslatorPB.java:530)
[2026-05-09T13:50:29.645+0000] {subprocess.py:106} INFO - 	at sun.reflect.NativeMethodAccessorImpl.invoke0(Native Method)
[2026-05-09T13:50:29.646+0000] {subprocess.py:106} INFO - 	at sun.reflect.NativeMethodAccessorImpl.invoke(NativeMethodAccessorImpl.java:62)
[2026-05-09T13:50:29.647+0000] {subprocess.py:106} INFO - 	at sun.reflect.DelegatingMethodAccessorImpl.invoke(DelegatingMethodAccessorImpl.java:43)
[2026-05-09T13:50:29.648+0000] {subprocess.py:106} INFO - 	at java.lang.reflect.Method.invoke(Method.java:498)
[2026-05-09T13:50:29.649+0000] {subprocess.py:106} INFO - 	at org.apache.hadoop.io.retry.RetryInvocationHandler.invokeMethod(RetryInvocationHandler.java:422)
[2026-05-09T13:50:29.650+0000] {subprocess.py:106} INFO - 	at org.apache.hadoop.io.retry.RetryInvocationHandler$Call.invokeMethod(RetryInvocationHandler.java:165)
[2026-05-09T13:50:29.651+0000] {subprocess.py:106} INFO - 	at org.apache.hadoop.io.retry.RetryInvocationHandler$Call.invoke(RetryInvocationHandler.java:157)
[2026-05-09T13:50:29.653+0000] {subprocess.py:106} INFO - 	at org.apache.hadoop.io.retry.RetryInvocationHandler$Call.invokeOnce(RetryInvocationHandler.java:95)
[2026-05-09T13:50:29.655+0000] {subprocess.py:106} INFO - 	at org.apache.hadoop.io.retry.RetryInvocationHandler.invoke(RetryInvocationHandler.java:359)
[2026-05-09T13:50:29.656+0000] {subprocess.py:106} INFO - 	at com.sun.proxy.$Proxy32.addBlock(Unknown Source)
[2026-05-09T13:50:29.657+0000] {subprocess.py:106} INFO - 	at org.apache.hadoop.hdfs.DFSOutputStream.addBlock(DFSOutputStream.java:1088)
[2026-05-09T13:50:29.659+0000] {subprocess.py:106} INFO - 	... 3 more
[2026-05-09T13:50:29.661+0000] {subprocess.py:106} INFO - 
[2026-05-09T13:50:29.663+0000] {subprocess.py:106} INFO - 26/05/09 13:50:29 INFO TaskSetManager: Starting task 1.1 in stage 3.0 (TID 9) (00a554289257, executor 1, partition 1, RACK_LOCAL, 12220 bytes)
[2026-05-09T13:50:31.187+0000] {subprocess.py:106} INFO - 26/05/09 13:50:31 INFO TaskSetManager: Finished task 1.1 in stage 3.0 (TID 9) in 1668 ms on 00a554289257 (executor 1) (4/4)
[2026-05-09T13:50:31.189+0000] {subprocess.py:106} INFO - 26/05/09 13:50:31 INFO YarnScheduler: Removed TaskSet 3.0, whose tasks have all completed, from pool
[2026-05-09T13:50:31.193+0000] {subprocess.py:106} INFO - 26/05/09 13:50:31 INFO DAGScheduler: ResultStage 3 (save at NativeMethodAccessorImpl.java:0) finished in 9.602 s
[2026-05-09T13:50:31.195+0000] {subprocess.py:106} INFO - 26/05/09 13:50:31 INFO DAGScheduler: Job 2 is finished. Cancelling potential speculative or zombie tasks for this job
[2026-05-09T13:50:31.195+0000] {subprocess.py:106} INFO - 26/05/09 13:50:31 INFO YarnScheduler: Killing all running tasks in stage 3: Stage finished
[2026-05-09T13:50:31.196+0000] {subprocess.py:106} INFO - 26/05/09 13:50:31 INFO DAGScheduler: Job 2 finished: save at NativeMethodAccessorImpl.java:0, took 9.611084 s
[2026-05-09T13:50:31.196+0000] {subprocess.py:106} INFO - 26/05/09 13:50:31 INFO FileFormatWriter: Start to commit write Job be02f3db-85f4-4461-b92c-e9e0edeb7e6d.
[2026-05-09T13:50:31.253+0000] {subprocess.py:106} INFO - 26/05/09 13:50:31 INFO FileFormatWriter: Write Job be02f3db-85f4-4461-b92c-e9e0edeb7e6d committed. Elapsed time: 58 ms.
[2026-05-09T13:50:31.257+0000] {subprocess.py:106} INFO - 26/05/09 13:50:31 INFO FileFormatWriter: Finished processing stats for write job be02f3db-85f4-4461-b92c-e9e0edeb7e6d.
[2026-05-09T13:50:31.262+0000] {subprocess.py:106} INFO - ✅ orders saved to Bronze Layer!
[2026-05-09T13:50:31.263+0000] {subprocess.py:106} INFO - 📥 Reading customers...
[2026-05-09T13:50:31.353+0000] {subprocess.py:106} INFO - 26/05/09 13:50:31 INFO InMemoryFileIndex: It took 49 ms to list leaf files for 1 paths.
[2026-05-09T13:50:31.397+0000] {subprocess.py:106} INFO - 26/05/09 13:50:31 INFO FileSourceStrategy: Pushed Filters:
[2026-05-09T13:50:31.398+0000] {subprocess.py:106} INFO - 26/05/09 13:50:31 INFO FileSourceStrategy: Post-Scan Filters:
[2026-05-09T13:50:31.425+0000] {subprocess.py:106} INFO - 26/05/09 13:50:31 INFO MemoryStore: Block broadcast_5 stored as values in memory (estimated size 206.3 KiB, free 433.4 MiB)
[2026-05-09T13:50:31.440+0000] {subprocess.py:106} INFO - 26/05/09 13:50:31 INFO BlockManagerInfo: Removed broadcast_4_piece0 on 172.30.1.13:37901 in memory (size: 78.5 KiB, free: 434.3 MiB)
[2026-05-09T13:50:31.446+0000] {subprocess.py:106} INFO - 26/05/09 13:50:31 INFO MemoryStore: Block broadcast_5_piece0 stored as bytes in memory (estimated size 35.1 KiB, free 433.7 MiB)
[2026-05-09T13:50:31.452+0000] {subprocess.py:106} INFO - 26/05/09 13:50:31 INFO BlockManagerInfo: Removed broadcast_4_piece0 on 6303bebb27dc:33103 in memory (size: 78.5 KiB, free: 93.2 MiB)
[2026-05-09T13:50:31.453+0000] {subprocess.py:106} INFO - 26/05/09 13:50:31 INFO BlockManagerInfo: Added broadcast_5_piece0 in memory on 172.30.1.13:37901 (size: 35.1 KiB, free: 434.3 MiB)
[2026-05-09T13:50:31.454+0000] {subprocess.py:106} INFO - 26/05/09 13:50:31 INFO BlockManagerInfo: Removed broadcast_4_piece0 on 00a554289257:45391 in memory (size: 78.5 KiB, free: 93.3 MiB)
[2026-05-09T13:50:31.455+0000] {subprocess.py:106} INFO - 26/05/09 13:50:31 INFO SparkContext: Created broadcast 5 from count at NativeMethodAccessorImpl.java:0
[2026-05-09T13:50:31.459+0000] {subprocess.py:106} INFO - 26/05/09 13:50:31 INFO FileSourceScanExec: Planning scan with bin packing, max size: 134217728 bytes, open cost is considered as scanning 4194304 bytes.
[2026-05-09T13:50:31.473+0000] {subprocess.py:106} INFO - 26/05/09 13:50:31 INFO BlockManagerInfo: Removed broadcast_3_piece0 on 172.30.1.13:37901 in memory (size: 35.1 KiB, free: 434.3 MiB)
[2026-05-09T13:50:31.475+0000] {subprocess.py:106} INFO - 26/05/09 13:50:31 INFO BlockManagerInfo: Removed broadcast_3_piece0 on 6303bebb27dc:33103 in memory (size: 35.1 KiB, free: 93.3 MiB)
[2026-05-09T13:50:31.479+0000] {subprocess.py:106} INFO - 26/05/09 13:50:31 INFO BlockManagerInfo: Removed broadcast_3_piece0 on 00a554289257:45391 in memory (size: 35.1 KiB, free: 93.3 MiB)
[2026-05-09T13:50:31.498+0000] {subprocess.py:106} INFO - 26/05/09 13:50:31 INFO DAGScheduler: Registering RDD 13 (count at NativeMethodAccessorImpl.java:0) as input to shuffle 1
[2026-05-09T13:50:31.500+0000] {subprocess.py:106} INFO - 26/05/09 13:50:31 INFO DAGScheduler: Got map stage job 3 (count at NativeMethodAccessorImpl.java:0) with 4 output partitions
[2026-05-09T13:50:31.501+0000] {subprocess.py:106} INFO - 26/05/09 13:50:31 INFO DAGScheduler: Final stage: ShuffleMapStage 4 (count at NativeMethodAccessorImpl.java:0)
[2026-05-09T13:50:31.504+0000] {subprocess.py:106} INFO - 26/05/09 13:50:31 INFO DAGScheduler: Parents of final stage: List()
[2026-05-09T13:50:31.505+0000] {subprocess.py:106} INFO - 26/05/09 13:50:31 INFO DAGScheduler: Missing parents: List()
[2026-05-09T13:50:31.506+0000] {subprocess.py:106} INFO - 26/05/09 13:50:31 INFO DAGScheduler: Submitting ShuffleMapStage 4 (MapPartitionsRDD[13] at count at NativeMethodAccessorImpl.java:0), which has no missing parents
[2026-05-09T13:50:31.508+0000] {subprocess.py:106} INFO - 26/05/09 13:50:31 INFO MemoryStore: Block broadcast_6 stored as values in memory (estimated size 17.8 KiB, free 433.9 MiB)
[2026-05-09T13:50:31.531+0000] {subprocess.py:106} INFO - 26/05/09 13:50:31 INFO MemoryStore: Block broadcast_6_piece0 stored as bytes in memory (estimated size 8.8 KiB, free 433.9 MiB)
[2026-05-09T13:50:31.532+0000] {subprocess.py:106} INFO - 26/05/09 13:50:31 INFO BlockManagerInfo: Added broadcast_6_piece0 in memory on 172.30.1.13:37901 (size: 8.8 KiB, free: 434.3 MiB)
[2026-05-09T13:50:31.533+0000] {subprocess.py:106} INFO - 26/05/09 13:50:31 INFO SparkContext: Created broadcast 6 from broadcast at DAGScheduler.scala:1580
[2026-05-09T13:50:31.535+0000] {subprocess.py:106} INFO - 26/05/09 13:50:31 INFO DAGScheduler: Submitting 4 missing tasks from ShuffleMapStage 4 (MapPartitionsRDD[13] at count at NativeMethodAccessorImpl.java:0) (first 15 tasks are for partitions Vector(0, 1, 2, 3))
[2026-05-09T13:50:31.536+0000] {subprocess.py:106} INFO - 26/05/09 13:50:31 INFO YarnScheduler: Adding task set 4.0 with 4 tasks resource profile 0
[2026-05-09T13:50:31.545+0000] {subprocess.py:106} INFO - 26/05/09 13:50:31 INFO TaskSetManager: Starting task 0.0 in stage 4.0 (TID 10) (6303bebb27dc, executor 2, partition 0, RACK_LOCAL, 12439 bytes)
[2026-05-09T13:50:31.547+0000] {subprocess.py:106} INFO - 26/05/09 13:50:31 INFO TaskSetManager: Starting task 1.0 in stage 4.0 (TID 11) (00a554289257, executor 1, partition 1, RACK_LOCAL, 12439 bytes)
[2026-05-09T13:50:31.581+0000] {subprocess.py:106} INFO - 26/05/09 13:50:31 INFO BlockManagerInfo: Added broadcast_6_piece0 in memory on 6303bebb27dc:33103 (size: 8.8 KiB, free: 93.2 MiB)
[2026-05-09T13:50:31.600+0000] {subprocess.py:106} INFO - 26/05/09 13:50:31 INFO BlockManagerInfo: Added broadcast_6_piece0 in memory on 00a554289257:45391 (size: 8.8 KiB, free: 93.3 MiB)
[2026-05-09T13:50:31.627+0000] {subprocess.py:106} INFO - 26/05/09 13:50:31 INFO BlockManagerInfo: Added broadcast_5_piece0 in memory on 6303bebb27dc:33103 (size: 35.1 KiB, free: 93.2 MiB)
[2026-05-09T13:50:31.999+0000] {subprocess.py:106} INFO - 26/05/09 13:50:31 INFO BlockManagerInfo: Added broadcast_5_piece0 in memory on 00a554289257:45391 (size: 35.1 KiB, free: 93.3 MiB)
[2026-05-09T13:50:32.119+0000] {subprocess.py:106} INFO - 26/05/09 13:50:32 INFO TaskSetManager: Starting task 2.0 in stage 4.0 (TID 12) (6303bebb27dc, executor 2, partition 2, RACK_LOCAL, 12437 bytes)
[2026-05-09T13:50:32.121+0000] {subprocess.py:106} INFO - 26/05/09 13:50:32 INFO TaskSetManager: Finished task 0.0 in stage 4.0 (TID 10) in 581 ms on 6303bebb27dc (executor 2) (1/4)
[2026-05-09T13:50:32.556+0000] {subprocess.py:106} INFO - 26/05/09 13:50:32 INFO TaskSetManager: Starting task 3.0 in stage 4.0 (TID 13) (6303bebb27dc, executor 2, partition 3, RACK_LOCAL, 8661 bytes)
[2026-05-09T13:50:32.558+0000] {subprocess.py:106} INFO - 26/05/09 13:50:32 INFO TaskSetManager: Finished task 2.0 in stage 4.0 (TID 12) in 440 ms on 6303bebb27dc (executor 2) (2/4)
[2026-05-09T13:50:32.634+0000] {subprocess.py:106} INFO - 26/05/09 13:50:32 INFO TaskSetManager: Finished task 1.0 in stage 4.0 (TID 11) in 1082 ms on 00a554289257 (executor 1) (3/4)
[2026-05-09T13:50:32.681+0000] {subprocess.py:106} INFO - 26/05/09 13:50:32 INFO TaskSetManager: Finished task 3.0 in stage 4.0 (TID 13) in 119 ms on 6303bebb27dc (executor 2) (4/4)
[2026-05-09T13:50:32.686+0000] {subprocess.py:106} INFO - 26/05/09 13:50:32 INFO YarnScheduler: Removed TaskSet 4.0, whose tasks have all completed, from pool
[2026-05-09T13:50:32.688+0000] {subprocess.py:106} INFO - 26/05/09 13:50:32 INFO DAGScheduler: ShuffleMapStage 4 (count at NativeMethodAccessorImpl.java:0) finished in 1.173 s
[2026-05-09T13:50:32.690+0000] {subprocess.py:106} INFO - 26/05/09 13:50:32 INFO DAGScheduler: looking for newly runnable stages
[2026-05-09T13:50:32.692+0000] {subprocess.py:106} INFO - 26/05/09 13:50:32 INFO DAGScheduler: running: Set()
[2026-05-09T13:50:32.693+0000] {subprocess.py:106} INFO - 26/05/09 13:50:32 INFO DAGScheduler: waiting: Set()
[2026-05-09T13:50:32.695+0000] {subprocess.py:106} INFO - 26/05/09 13:50:32 INFO DAGScheduler: failed: Set()
[2026-05-09T13:50:32.749+0000] {subprocess.py:106} INFO - 26/05/09 13:50:32 INFO SparkContext: Starting job: count at NativeMethodAccessorImpl.java:0
[2026-05-09T13:50:32.753+0000] {subprocess.py:106} INFO - 26/05/09 13:50:32 INFO DAGScheduler: Got job 4 (count at NativeMethodAccessorImpl.java:0) with 1 output partitions
[2026-05-09T13:50:32.756+0000] {subprocess.py:106} INFO - 26/05/09 13:50:32 INFO DAGScheduler: Final stage: ResultStage 6 (count at NativeMethodAccessorImpl.java:0)
[2026-05-09T13:50:32.757+0000] {subprocess.py:106} INFO - 26/05/09 13:50:32 INFO DAGScheduler: Parents of final stage: List(ShuffleMapStage 5)
[2026-05-09T13:50:32.760+0000] {subprocess.py:106} INFO - 26/05/09 13:50:32 INFO DAGScheduler: Missing parents: List()
[2026-05-09T13:50:32.763+0000] {subprocess.py:106} INFO - 26/05/09 13:50:32 INFO DAGScheduler: Submitting ResultStage 6 (MapPartitionsRDD[16] at count at NativeMethodAccessorImpl.java:0), which has no missing parents
[2026-05-09T13:50:32.765+0000] {subprocess.py:106} INFO - 26/05/09 13:50:32 INFO MemoryStore: Block broadcast_7 stored as values in memory (estimated size 12.5 KiB, free 433.9 MiB)
[2026-05-09T13:50:32.775+0000] {subprocess.py:106} INFO - 26/05/09 13:50:32 INFO MemoryStore: Block broadcast_7_piece0 stored as bytes in memory (estimated size 6.0 KiB, free 433.9 MiB)
[2026-05-09T13:50:32.783+0000] {subprocess.py:106} INFO - 26/05/09 13:50:32 INFO BlockManagerInfo: Added broadcast_7_piece0 in memory on 172.30.1.13:37901 (size: 6.0 KiB, free: 434.3 MiB)
[2026-05-09T13:50:32.786+0000] {subprocess.py:106} INFO - 26/05/09 13:50:32 INFO BlockManagerInfo: Removed broadcast_6_piece0 on 172.30.1.13:37901 in memory (size: 8.8 KiB, free: 434.3 MiB)
[2026-05-09T13:50:32.789+0000] {subprocess.py:106} INFO - 26/05/09 13:50:32 INFO BlockManagerInfo: Removed broadcast_6_piece0 on 00a554289257:45391 in memory (size: 8.8 KiB, free: 93.3 MiB)
[2026-05-09T13:50:32.804+0000] {subprocess.py:106} INFO - 26/05/09 13:50:32 INFO SparkContext: Created broadcast 7 from broadcast at DAGScheduler.scala:1580
[2026-05-09T13:50:32.805+0000] {subprocess.py:106} INFO - 26/05/09 13:50:32 INFO DAGScheduler: Submitting 1 missing tasks from ResultStage 6 (MapPartitionsRDD[16] at count at NativeMethodAccessorImpl.java:0) (first 15 tasks are for partitions Vector(0))
[2026-05-09T13:50:32.806+0000] {subprocess.py:106} INFO - 26/05/09 13:50:32 INFO YarnScheduler: Adding task set 6.0 with 1 tasks resource profile 0
[2026-05-09T13:50:32.808+0000] {subprocess.py:106} INFO - 26/05/09 13:50:32 INFO TaskSetManager: Starting task 0.0 in stage 6.0 (TID 14) (00a554289257, executor 1, partition 0, NODE_LOCAL, 7626 bytes)
[2026-05-09T13:50:32.810+0000] {subprocess.py:106} INFO - 26/05/09 13:50:32 INFO BlockManagerInfo: Removed broadcast_6_piece0 on 6303bebb27dc:33103 in memory (size: 8.8 KiB, free: 93.2 MiB)
[2026-05-09T13:50:32.865+0000] {subprocess.py:106} INFO - 26/05/09 13:50:32 INFO BlockManagerInfo: Added broadcast_7_piece0 in memory on 00a554289257:45391 (size: 6.0 KiB, free: 93.3 MiB)
[2026-05-09T13:50:33.174+0000] {subprocess.py:106} INFO - 26/05/09 13:50:33 INFO MapOutputTrackerMasterEndpoint: Asked to send map output locations for shuffle 1 to 172.30.1.26:49126
[2026-05-09T13:50:33.456+0000] {subprocess.py:106} INFO - 26/05/09 13:50:33 INFO TaskSetManager: Finished task 0.0 in stage 6.0 (TID 14) in 651 ms on 00a554289257 (executor 1) (1/1)
[2026-05-09T13:50:33.458+0000] {subprocess.py:106} INFO - 26/05/09 13:50:33 INFO YarnScheduler: Removed TaskSet 6.0, whose tasks have all completed, from pool
[2026-05-09T13:50:33.459+0000] {subprocess.py:106} INFO - 26/05/09 13:50:33 INFO DAGScheduler: ResultStage 6 (count at NativeMethodAccessorImpl.java:0) finished in 0.699 s
[2026-05-09T13:50:33.461+0000] {subprocess.py:106} INFO - 26/05/09 13:50:33 INFO DAGScheduler: Job 4 is finished. Cancelling potential speculative or zombie tasks for this job
[2026-05-09T13:50:33.462+0000] {subprocess.py:106} INFO - 26/05/09 13:50:33 INFO YarnScheduler: Killing all running tasks in stage 6: Stage finished
[2026-05-09T13:50:33.464+0000] {subprocess.py:106} INFO - 26/05/09 13:50:33 INFO DAGScheduler: Job 4 finished: count at NativeMethodAccessorImpl.java:0, took 0.707886 s
[2026-05-09T13:50:33.465+0000] {subprocess.py:106} INFO - ⚡ 99441 rows found!
[2026-05-09T13:50:33.505+0000] {subprocess.py:106} INFO - 26/05/09 13:50:33 INFO FileSourceStrategy: Pushed Filters:
[2026-05-09T13:50:33.506+0000] {subprocess.py:106} INFO - 26/05/09 13:50:33 INFO FileSourceStrategy: Post-Scan Filters:
[2026-05-09T13:50:33.530+0000] {subprocess.py:106} INFO - 26/05/09 13:50:33 INFO ParquetUtils: Using default output committer for Parquet: org.apache.parquet.hadoop.ParquetOutputCommitter
[2026-05-09T13:50:33.531+0000] {subprocess.py:106} INFO - 26/05/09 13:50:33 INFO FileOutputCommitter: File Output Committer Algorithm version is 1
[2026-05-09T13:50:33.532+0000] {subprocess.py:106} INFO - 26/05/09 13:50:33 INFO FileOutputCommitter: FileOutputCommitter skip cleanup _temporary folders under output directory:false, ignore cleanup failures: false
[2026-05-09T13:50:33.533+0000] {subprocess.py:106} INFO - 26/05/09 13:50:33 INFO SQLHadoopMapReduceCommitProtocol: Using user defined output committer class org.apache.parquet.hadoop.ParquetOutputCommitter
[2026-05-09T13:50:33.534+0000] {subprocess.py:106} INFO - 26/05/09 13:50:33 INFO FileOutputCommitter: File Output Committer Algorithm version is 1
[2026-05-09T13:50:33.535+0000] {subprocess.py:106} INFO - 26/05/09 13:50:33 INFO FileOutputCommitter: FileOutputCommitter skip cleanup _temporary folders under output directory:false, ignore cleanup failures: false
[2026-05-09T13:50:33.536+0000] {subprocess.py:106} INFO - 26/05/09 13:50:33 INFO SQLHadoopMapReduceCommitProtocol: Using output committer class org.apache.parquet.hadoop.ParquetOutputCommitter
[2026-05-09T13:50:33.542+0000] {subprocess.py:106} INFO - 26/05/09 13:50:33 INFO MemoryStore: Block broadcast_8 stored as values in memory (estimated size 206.3 KiB, free 433.7 MiB)
[2026-05-09T13:50:33.560+0000] {subprocess.py:106} INFO - 26/05/09 13:50:33 INFO BlockManagerInfo: Removed broadcast_7_piece0 on 172.30.1.13:37901 in memory (size: 6.0 KiB, free: 434.3 MiB)
[2026-05-09T13:50:33.563+0000] {subprocess.py:106} INFO - 26/05/09 13:50:33 INFO BlockManagerInfo: Removed broadcast_7_piece0 on 00a554289257:45391 in memory (size: 6.0 KiB, free: 93.3 MiB)
[2026-05-09T13:50:33.566+0000] {subprocess.py:106} INFO - 26/05/09 13:50:33 INFO MemoryStore: Block broadcast_8_piece0 stored as bytes in memory (estimated size 35.1 KiB, free 433.7 MiB)
[2026-05-09T13:50:33.571+0000] {subprocess.py:106} INFO - 26/05/09 13:50:33 INFO BlockManagerInfo: Added broadcast_8_piece0 in memory on 172.30.1.13:37901 (size: 35.1 KiB, free: 434.3 MiB)
[2026-05-09T13:50:33.573+0000] {subprocess.py:106} INFO - 26/05/09 13:50:33 INFO SparkContext: Created broadcast 8 from save at NativeMethodAccessorImpl.java:0
[2026-05-09T13:50:33.575+0000] {subprocess.py:106} INFO - 26/05/09 13:50:33 INFO FileSourceScanExec: Planning scan with bin packing, max size: 134217728 bytes, open cost is considered as scanning 4194304 bytes.
[2026-05-09T13:50:33.597+0000] {subprocess.py:106} INFO - 26/05/09 13:50:33 INFO BlockManagerInfo: Removed broadcast_5_piece0 on 172.30.1.13:37901 in memory (size: 35.1 KiB, free: 434.3 MiB)
[2026-05-09T13:50:33.602+0000] {subprocess.py:106} INFO - 26/05/09 13:50:33 INFO BlockManagerInfo: Removed broadcast_5_piece0 on 6303bebb27dc:33103 in memory (size: 35.1 KiB, free: 93.3 MiB)
[2026-05-09T13:50:33.613+0000] {subprocess.py:106} INFO - 26/05/09 13:50:33 INFO BlockManagerInfo: Removed broadcast_5_piece0 on 00a554289257:45391 in memory (size: 35.1 KiB, free: 93.3 MiB)
[2026-05-09T13:50:33.642+0000] {subprocess.py:106} INFO - 26/05/09 13:50:33 INFO SparkContext: Starting job: save at NativeMethodAccessorImpl.java:0
[2026-05-09T13:50:33.645+0000] {subprocess.py:106} INFO - 26/05/09 13:50:33 INFO DAGScheduler: Got job 5 (save at NativeMethodAccessorImpl.java:0) with 4 output partitions
[2026-05-09T13:50:33.647+0000] {subprocess.py:106} INFO - 26/05/09 13:50:33 INFO DAGScheduler: Final stage: ResultStage 7 (save at NativeMethodAccessorImpl.java:0)
[2026-05-09T13:50:33.649+0000] {subprocess.py:106} INFO - 26/05/09 13:50:33 INFO DAGScheduler: Parents of final stage: List()
[2026-05-09T13:50:33.652+0000] {subprocess.py:106} INFO - 26/05/09 13:50:33 INFO DAGScheduler: Missing parents: List()
[2026-05-09T13:50:33.654+0000] {subprocess.py:106} INFO - 26/05/09 13:50:33 INFO DAGScheduler: Submitting ResultStage 7 (MapPartitionsRDD[19] at save at NativeMethodAccessorImpl.java:0), which has no missing parents
[2026-05-09T13:50:33.680+0000] {subprocess.py:106} INFO - 26/05/09 13:50:33 INFO MemoryStore: Block broadcast_9 stored as values in memory (estimated size 215.7 KiB, free 433.7 MiB)
[2026-05-09T13:50:33.701+0000] {subprocess.py:106} INFO - 26/05/09 13:50:33 INFO MemoryStore: Block broadcast_9_piece0 stored as bytes in memory (estimated size 78.3 KiB, free 433.6 MiB)
[2026-05-09T13:50:33.710+0000] {subprocess.py:106} INFO - 26/05/09 13:50:33 INFO BlockManagerInfo: Added broadcast_9_piece0 in memory on 172.30.1.13:37901 (size: 78.3 KiB, free: 434.2 MiB)
[2026-05-09T13:50:33.716+0000] {subprocess.py:106} INFO - 26/05/09 13:50:33 INFO SparkContext: Created broadcast 9 from broadcast at DAGScheduler.scala:1580
[2026-05-09T13:50:33.717+0000] {subprocess.py:106} INFO - 26/05/09 13:50:33 INFO DAGScheduler: Submitting 4 missing tasks from ResultStage 7 (MapPartitionsRDD[19] at save at NativeMethodAccessorImpl.java:0) (first 15 tasks are for partitions Vector(0, 1, 2, 3))
[2026-05-09T13:50:33.718+0000] {subprocess.py:106} INFO - 26/05/09 13:50:33 INFO YarnScheduler: Adding task set 7.0 with 4 tasks resource profile 0
[2026-05-09T13:50:33.720+0000] {subprocess.py:106} INFO - 26/05/09 13:50:33 INFO TaskSetManager: Starting task 0.0 in stage 7.0 (TID 15) (00a554289257, executor 1, partition 0, RACK_LOCAL, 12450 bytes)
[2026-05-09T13:50:33.722+0000] {subprocess.py:106} INFO - 26/05/09 13:50:33 INFO TaskSetManager: Starting task 1.0 in stage 7.0 (TID 16) (6303bebb27dc, executor 2, partition 1, RACK_LOCAL, 12450 bytes)
[2026-05-09T13:50:33.757+0000] {subprocess.py:106} INFO - 26/05/09 13:50:33 INFO BlockManagerInfo: Added broadcast_9_piece0 in memory on 00a554289257:45391 (size: 78.3 KiB, free: 93.2 MiB)
[2026-05-09T13:50:33.764+0000] {subprocess.py:106} INFO - 26/05/09 13:50:33 INFO BlockManagerInfo: Added broadcast_9_piece0 in memory on 6303bebb27dc:33103 (size: 78.3 KiB, free: 93.2 MiB)
[2026-05-09T13:50:33.864+0000] {subprocess.py:106} INFO - 26/05/09 13:50:33 INFO BlockManagerInfo: Added broadcast_8_piece0 in memory on 6303bebb27dc:33103 (size: 35.1 KiB, free: 93.1 MiB)
[2026-05-09T13:50:33.902+0000] {subprocess.py:106} INFO - 26/05/09 13:50:33 INFO BlockManagerInfo: Added broadcast_8_piece0 in memory on 00a554289257:45391 (size: 35.1 KiB, free: 93.2 MiB)
[2026-05-09T13:50:34.646+0000] {subprocess.py:106} INFO - 26/05/09 13:50:34 INFO TaskSetManager: Starting task 2.0 in stage 7.0 (TID 17) (6303bebb27dc, executor 2, partition 2, RACK_LOCAL, 12448 bytes)
[2026-05-09T13:50:34.650+0000] {subprocess.py:106} INFO - 26/05/09 13:50:34 INFO TaskSetManager: Finished task 1.0 in stage 7.0 (TID 16) in 925 ms on 6303bebb27dc (executor 2) (1/4)
[2026-05-09T13:50:34.746+0000] {subprocess.py:106} INFO - 26/05/09 13:50:34 INFO TaskSetManager: Starting task 3.0 in stage 7.0 (TID 18) (00a554289257, executor 1, partition 3, RACK_LOCAL, 8672 bytes)
[2026-05-09T13:50:34.747+0000] {subprocess.py:106} INFO - 26/05/09 13:50:34 INFO TaskSetManager: Finished task 0.0 in stage 7.0 (TID 15) in 1032 ms on 00a554289257 (executor 1) (2/4)
[2026-05-09T13:50:34.958+0000] {subprocess.py:106} INFO - 26/05/09 13:50:34 INFO TaskSetManager: Finished task 3.0 in stage 7.0 (TID 18) in 212 ms on 00a554289257 (executor 1) (3/4)
[2026-05-09T13:50:35.323+0000] {subprocess.py:106} INFO - 26/05/09 13:50:35 INFO TaskSetManager: Finished task 2.0 in stage 7.0 (TID 17) in 681 ms on 6303bebb27dc (executor 2) (4/4)
[2026-05-09T13:50:35.324+0000] {subprocess.py:106} INFO - 26/05/09 13:50:35 INFO YarnScheduler: Removed TaskSet 7.0, whose tasks have all completed, from pool
[2026-05-09T13:50:35.326+0000] {subprocess.py:106} INFO - 26/05/09 13:50:35 INFO DAGScheduler: ResultStage 7 (save at NativeMethodAccessorImpl.java:0) finished in 1.677 s
[2026-05-09T13:50:35.328+0000] {subprocess.py:106} INFO - 26/05/09 13:50:35 INFO DAGScheduler: Job 5 is finished. Cancelling potential speculative or zombie tasks for this job
[2026-05-09T13:50:35.329+0000] {subprocess.py:106} INFO - 26/05/09 13:50:35 INFO YarnScheduler: Killing all running tasks in stage 7: Stage finished
[2026-05-09T13:50:35.330+0000] {subprocess.py:106} INFO - 26/05/09 13:50:35 INFO DAGScheduler: Job 5 finished: save at NativeMethodAccessorImpl.java:0, took 1.689027 s
[2026-05-09T13:50:35.330+0000] {subprocess.py:106} INFO - 26/05/09 13:50:35 INFO FileFormatWriter: Start to commit write Job ae712597-4545-4e18-b582-4886ccedac6c.
[2026-05-09T13:50:35.383+0000] {subprocess.py:106} INFO - 26/05/09 13:50:35 INFO FileFormatWriter: Write Job ae712597-4545-4e18-b582-4886ccedac6c committed. Elapsed time: 53 ms.
[2026-05-09T13:50:35.384+0000] {subprocess.py:106} INFO - 26/05/09 13:50:35 INFO FileFormatWriter: Finished processing stats for write job ae712597-4545-4e18-b582-4886ccedac6c.
[2026-05-09T13:50:35.385+0000] {subprocess.py:106} INFO - ✅ customers saved to Bronze Layer!
[2026-05-09T13:50:35.387+0000] {subprocess.py:106} INFO - 📥 Reading order_items...
[2026-05-09T13:50:35.481+0000] {subprocess.py:106} INFO - 26/05/09 13:50:35 INFO InMemoryFileIndex: It took 41 ms to list leaf files for 1 paths.
[2026-05-09T13:50:35.522+0000] {subprocess.py:106} INFO - 26/05/09 13:50:35 INFO FileSourceStrategy: Pushed Filters:
[2026-05-09T13:50:35.524+0000] {subprocess.py:106} INFO - 26/05/09 13:50:35 INFO FileSourceStrategy: Post-Scan Filters:
[2026-05-09T13:50:35.550+0000] {subprocess.py:106} INFO - 26/05/09 13:50:35 INFO MemoryStore: Block broadcast_10 stored as values in memory (estimated size 206.3 KiB, free 433.4 MiB)
[2026-05-09T13:50:35.588+0000] {subprocess.py:106} INFO - 26/05/09 13:50:35 INFO MemoryStore: Block broadcast_10_piece0 stored as bytes in memory (estimated size 35.1 KiB, free 433.4 MiB)
[2026-05-09T13:50:35.594+0000] {subprocess.py:106} INFO - 26/05/09 13:50:35 INFO BlockManagerInfo: Removed broadcast_9_piece0 on 6303bebb27dc:33103 in memory (size: 78.3 KiB, free: 93.2 MiB)
[2026-05-09T13:50:35.597+0000] {subprocess.py:106} INFO - 26/05/09 13:50:35 INFO BlockManagerInfo: Added broadcast_10_piece0 in memory on 172.30.1.13:37901 (size: 35.1 KiB, free: 434.2 MiB)
[2026-05-09T13:50:35.604+0000] {subprocess.py:106} INFO - 26/05/09 13:50:35 INFO BlockManagerInfo: Removed broadcast_9_piece0 on 172.30.1.13:37901 in memory (size: 78.3 KiB, free: 434.3 MiB)
[2026-05-09T13:50:35.610+0000] {subprocess.py:106} INFO - 26/05/09 13:50:35 INFO BlockManagerInfo: Removed broadcast_9_piece0 on 00a554289257:45391 in memory (size: 78.3 KiB, free: 93.3 MiB)
[2026-05-09T13:50:35.611+0000] {subprocess.py:106} INFO - 26/05/09 13:50:35 INFO SparkContext: Created broadcast 10 from count at NativeMethodAccessorImpl.java:0
[2026-05-09T13:50:35.620+0000] {subprocess.py:106} INFO - 26/05/09 13:50:35 INFO FileSourceScanExec: Planning scan with bin packing, max size: 134217728 bytes, open cost is considered as scanning 4194304 bytes.
[2026-05-09T13:50:35.635+0000] {subprocess.py:106} INFO - 26/05/09 13:50:35 INFO BlockManagerInfo: Removed broadcast_8_piece0 on 172.30.1.13:37901 in memory (size: 35.1 KiB, free: 434.3 MiB)
[2026-05-09T13:50:35.638+0000] {subprocess.py:106} INFO - 26/05/09 13:50:35 INFO BlockManagerInfo: Removed broadcast_8_piece0 on 6303bebb27dc:33103 in memory (size: 35.1 KiB, free: 93.3 MiB)
[2026-05-09T13:50:35.645+0000] {subprocess.py:106} INFO - 26/05/09 13:50:35 INFO BlockManagerInfo: Removed broadcast_8_piece0 on 00a554289257:45391 in memory (size: 35.1 KiB, free: 93.3 MiB)
[2026-05-09T13:50:35.712+0000] {subprocess.py:106} INFO - 26/05/09 13:50:35 INFO DAGScheduler: Registering RDD 23 (count at NativeMethodAccessorImpl.java:0) as input to shuffle 2
[2026-05-09T13:50:35.715+0000] {subprocess.py:106} INFO - 26/05/09 13:50:35 INFO DAGScheduler: Got map stage job 6 (count at NativeMethodAccessorImpl.java:0) with 4 output partitions
[2026-05-09T13:50:35.716+0000] {subprocess.py:106} INFO - 26/05/09 13:50:35 INFO DAGScheduler: Final stage: ShuffleMapStage 8 (count at NativeMethodAccessorImpl.java:0)
[2026-05-09T13:50:35.717+0000] {subprocess.py:106} INFO - 26/05/09 13:50:35 INFO DAGScheduler: Parents of final stage: List()
[2026-05-09T13:50:35.718+0000] {subprocess.py:106} INFO - 26/05/09 13:50:35 INFO DAGScheduler: Missing parents: List()
[2026-05-09T13:50:35.719+0000] {subprocess.py:106} INFO - 26/05/09 13:50:35 INFO DAGScheduler: Submitting ShuffleMapStage 8 (MapPartitionsRDD[23] at count at NativeMethodAccessorImpl.java:0), which has no missing parents
[2026-05-09T13:50:35.729+0000] {subprocess.py:106} INFO - 26/05/09 13:50:35 INFO MemoryStore: Block broadcast_11 stored as values in memory (estimated size 18.0 KiB, free 433.9 MiB)
[2026-05-09T13:50:35.732+0000] {subprocess.py:106} INFO - 26/05/09 13:50:35 INFO MemoryStore: Block broadcast_11_piece0 stored as bytes in memory (estimated size 8.9 KiB, free 433.9 MiB)
[2026-05-09T13:50:35.735+0000] {subprocess.py:106} INFO - 26/05/09 13:50:35 INFO BlockManagerInfo: Added broadcast_11_piece0 in memory on 172.30.1.13:37901 (size: 8.9 KiB, free: 434.3 MiB)
[2026-05-09T13:50:35.737+0000] {subprocess.py:106} INFO - 26/05/09 13:50:35 INFO SparkContext: Created broadcast 11 from broadcast at DAGScheduler.scala:1580
[2026-05-09T13:50:35.740+0000] {subprocess.py:106} INFO - 26/05/09 13:50:35 INFO DAGScheduler: Submitting 4 missing tasks from ShuffleMapStage 8 (MapPartitionsRDD[23] at count at NativeMethodAccessorImpl.java:0) (first 15 tasks are for partitions Vector(0, 1, 2, 3))
[2026-05-09T13:50:35.741+0000] {subprocess.py:106} INFO - 26/05/09 13:50:35 INFO YarnScheduler: Adding task set 8.0 with 4 tasks resource profile 0
[2026-05-09T13:50:35.744+0000] {subprocess.py:106} INFO - 26/05/09 13:50:35 INFO TaskSetManager: Starting task 0.0 in stage 8.0 (TID 19) (00a554289257, executor 1, partition 0, RACK_LOCAL, 12367 bytes)
[2026-05-09T13:50:35.747+0000] {subprocess.py:106} INFO - 26/05/09 13:50:35 INFO TaskSetManager: Starting task 1.0 in stage 8.0 (TID 20) (6303bebb27dc, executor 2, partition 1, RACK_LOCAL, 12373 bytes)
[2026-05-09T13:50:35.771+0000] {subprocess.py:106} INFO - 26/05/09 13:50:35 INFO BlockManagerInfo: Added broadcast_11_piece0 in memory on 6303bebb27dc:33103 (size: 8.9 KiB, free: 93.2 MiB)
[2026-05-09T13:50:35.773+0000] {subprocess.py:106} INFO - 26/05/09 13:50:35 INFO BlockManagerInfo: Added broadcast_11_piece0 in memory on 00a554289257:45391 (size: 8.9 KiB, free: 93.3 MiB)
[2026-05-09T13:50:35.812+0000] {subprocess.py:106} INFO - 26/05/09 13:50:35 INFO BlockManagerInfo: Added broadcast_10_piece0 in memory on 6303bebb27dc:33103 (size: 35.1 KiB, free: 93.2 MiB)
[2026-05-09T13:50:35.828+0000] {subprocess.py:106} INFO - 26/05/09 13:50:35 INFO BlockManagerInfo: Added broadcast_10_piece0 in memory on 00a554289257:45391 (size: 35.1 KiB, free: 93.3 MiB)
[2026-05-09T13:50:36.216+0000] {subprocess.py:106} INFO - 26/05/09 13:50:36 INFO TaskSetManager: Starting task 2.0 in stage 8.0 (TID 21) (6303bebb27dc, executor 2, partition 2, RACK_LOCAL, 12364 bytes)
[2026-05-09T13:50:36.222+0000] {subprocess.py:106} INFO - 26/05/09 13:50:36 INFO TaskSetManager: Finished task 1.0 in stage 8.0 (TID 20) in 472 ms on 6303bebb27dc (executor 2) (1/4)
[2026-05-09T13:50:36.267+0000] {subprocess.py:106} INFO - 26/05/09 13:50:36 INFO TaskSetManager: Starting task 3.0 in stage 8.0 (TID 22) (00a554289257, executor 1, partition 3, RACK_LOCAL, 10866 bytes)
[2026-05-09T13:50:36.268+0000] {subprocess.py:106} INFO - 26/05/09 13:50:36 INFO TaskSetManager: Finished task 0.0 in stage 8.0 (TID 19) in 515 ms on 00a554289257 (executor 1) (2/4)
[2026-05-09T13:50:36.579+0000] {subprocess.py:106} INFO - 26/05/09 13:50:36 INFO TaskSetManager: Finished task 3.0 in stage 8.0 (TID 22) in 322 ms on 00a554289257 (executor 1) (3/4)
[2026-05-09T13:50:36.639+0000] {subprocess.py:106} INFO - 26/05/09 13:50:36 INFO TaskSetManager: Finished task 2.0 in stage 8.0 (TID 21) in 425 ms on 6303bebb27dc (executor 2) (4/4)
[2026-05-09T13:50:36.640+0000] {subprocess.py:106} INFO - 26/05/09 13:50:36 INFO YarnScheduler: Removed TaskSet 8.0, whose tasks have all completed, from pool
[2026-05-09T13:50:36.641+0000] {subprocess.py:106} INFO - 26/05/09 13:50:36 INFO DAGScheduler: ShuffleMapStage 8 (count at NativeMethodAccessorImpl.java:0) finished in 0.920 s
[2026-05-09T13:50:36.642+0000] {subprocess.py:106} INFO - 26/05/09 13:50:36 INFO DAGScheduler: looking for newly runnable stages
[2026-05-09T13:50:36.643+0000] {subprocess.py:106} INFO - 26/05/09 13:50:36 INFO DAGScheduler: running: Set()
[2026-05-09T13:50:36.643+0000] {subprocess.py:106} INFO - 26/05/09 13:50:36 INFO DAGScheduler: waiting: Set()
[2026-05-09T13:50:36.644+0000] {subprocess.py:106} INFO - 26/05/09 13:50:36 INFO DAGScheduler: failed: Set()
[2026-05-09T13:50:36.679+0000] {subprocess.py:106} INFO - 26/05/09 13:50:36 INFO SparkContext: Starting job: count at NativeMethodAccessorImpl.java:0
[2026-05-09T13:50:36.682+0000] {subprocess.py:106} INFO - 26/05/09 13:50:36 INFO DAGScheduler: Got job 7 (count at NativeMethodAccessorImpl.java:0) with 1 output partitions
[2026-05-09T13:50:36.684+0000] {subprocess.py:106} INFO - 26/05/09 13:50:36 INFO DAGScheduler: Final stage: ResultStage 10 (count at NativeMethodAccessorImpl.java:0)
[2026-05-09T13:50:36.685+0000] {subprocess.py:106} INFO - 26/05/09 13:50:36 INFO DAGScheduler: Parents of final stage: List(ShuffleMapStage 9)
[2026-05-09T13:50:36.686+0000] {subprocess.py:106} INFO - 26/05/09 13:50:36 INFO DAGScheduler: Missing parents: List()
[2026-05-09T13:50:36.687+0000] {subprocess.py:106} INFO - 26/05/09 13:50:36 INFO DAGScheduler: Submitting ResultStage 10 (MapPartitionsRDD[26] at count at NativeMethodAccessorImpl.java:0), which has no missing parents
[2026-05-09T13:50:36.688+0000] {subprocess.py:106} INFO - 26/05/09 13:50:36 INFO MemoryStore: Block broadcast_12 stored as values in memory (estimated size 12.5 KiB, free 433.9 MiB)
[2026-05-09T13:50:36.690+0000] {subprocess.py:106} INFO - 26/05/09 13:50:36 INFO MemoryStore: Block broadcast_12_piece0 stored as bytes in memory (estimated size 5.9 KiB, free 433.9 MiB)
[2026-05-09T13:50:36.692+0000] {subprocess.py:106} INFO - 26/05/09 13:50:36 INFO BlockManagerInfo: Added broadcast_12_piece0 in memory on 172.30.1.13:37901 (size: 5.9 KiB, free: 434.3 MiB)
[2026-05-09T13:50:36.693+0000] {subprocess.py:106} INFO - 26/05/09 13:50:36 INFO SparkContext: Created broadcast 12 from broadcast at DAGScheduler.scala:1580
[2026-05-09T13:50:36.694+0000] {subprocess.py:106} INFO - 26/05/09 13:50:36 INFO DAGScheduler: Submitting 1 missing tasks from ResultStage 10 (MapPartitionsRDD[26] at count at NativeMethodAccessorImpl.java:0) (first 15 tasks are for partitions Vector(0))
[2026-05-09T13:50:36.695+0000] {subprocess.py:106} INFO - 26/05/09 13:50:36 INFO YarnScheduler: Adding task set 10.0 with 1 tasks resource profile 0
[2026-05-09T13:50:36.699+0000] {subprocess.py:106} INFO - 26/05/09 13:50:36 INFO TaskSetManager: Starting task 0.0 in stage 10.0 (TID 23) (00a554289257, executor 1, partition 0, NODE_LOCAL, 7626 bytes)
[2026-05-09T13:50:36.721+0000] {subprocess.py:106} INFO - 26/05/09 13:50:36 INFO BlockManagerInfo: Added broadcast_12_piece0 in memory on 00a554289257:45391 (size: 5.9 KiB, free: 93.3 MiB)
[2026-05-09T13:50:36.733+0000] {subprocess.py:106} INFO - 26/05/09 13:50:36 INFO MapOutputTrackerMasterEndpoint: Asked to send map output locations for shuffle 2 to 172.30.1.26:49126
[2026-05-09T13:50:36.758+0000] {subprocess.py:106} INFO - 26/05/09 13:50:36 INFO TaskSetManager: Finished task 0.0 in stage 10.0 (TID 23) in 59 ms on 00a554289257 (executor 1) (1/1)
[2026-05-09T13:50:36.759+0000] {subprocess.py:106} INFO - 26/05/09 13:50:36 INFO YarnScheduler: Removed TaskSet 10.0, whose tasks have all completed, from pool
[2026-05-09T13:50:36.760+0000] {subprocess.py:106} INFO - 26/05/09 13:50:36 INFO DAGScheduler: ResultStage 10 (count at NativeMethodAccessorImpl.java:0) finished in 0.072 s
[2026-05-09T13:50:36.762+0000] {subprocess.py:106} INFO - 26/05/09 13:50:36 INFO DAGScheduler: Job 7 is finished. Cancelling potential speculative or zombie tasks for this job
[2026-05-09T13:50:36.763+0000] {subprocess.py:106} INFO - 26/05/09 13:50:36 INFO YarnScheduler: Killing all running tasks in stage 10: Stage finished
[2026-05-09T13:50:36.763+0000] {subprocess.py:106} INFO - 26/05/09 13:50:36 INFO DAGScheduler: Job 7 finished: count at NativeMethodAccessorImpl.java:0, took 0.080672 s
[2026-05-09T13:50:36.764+0000] {subprocess.py:106} INFO - ⚡ 112650 rows found!
[2026-05-09T13:50:36.789+0000] {subprocess.py:106} INFO - 26/05/09 13:50:36 INFO FileSourceStrategy: Pushed Filters:
[2026-05-09T13:50:36.790+0000] {subprocess.py:106} INFO - 26/05/09 13:50:36 INFO FileSourceStrategy: Post-Scan Filters:
[2026-05-09T13:50:36.803+0000] {subprocess.py:106} INFO - 26/05/09 13:50:36 INFO ParquetUtils: Using default output committer for Parquet: org.apache.parquet.hadoop.ParquetOutputCommitter
[2026-05-09T13:50:36.806+0000] {subprocess.py:106} INFO - 26/05/09 13:50:36 INFO FileOutputCommitter: File Output Committer Algorithm version is 1
[2026-05-09T13:50:36.807+0000] {subprocess.py:106} INFO - 26/05/09 13:50:36 INFO FileOutputCommitter: FileOutputCommitter skip cleanup _temporary folders under output directory:false, ignore cleanup failures: false
[2026-05-09T13:50:36.808+0000] {subprocess.py:106} INFO - 26/05/09 13:50:36 INFO SQLHadoopMapReduceCommitProtocol: Using user defined output committer class org.apache.parquet.hadoop.ParquetOutputCommitter
[2026-05-09T13:50:36.812+0000] {subprocess.py:106} INFO - 26/05/09 13:50:36 INFO FileOutputCommitter: File Output Committer Algorithm version is 1
[2026-05-09T13:50:36.813+0000] {subprocess.py:106} INFO - 26/05/09 13:50:36 INFO FileOutputCommitter: FileOutputCommitter skip cleanup _temporary folders under output directory:false, ignore cleanup failures: false
[2026-05-09T13:50:36.814+0000] {subprocess.py:106} INFO - 26/05/09 13:50:36 INFO SQLHadoopMapReduceCommitProtocol: Using output committer class org.apache.parquet.hadoop.ParquetOutputCommitter
[2026-05-09T13:50:36.823+0000] {subprocess.py:106} INFO - 26/05/09 13:50:36 INFO MemoryStore: Block broadcast_13 stored as values in memory (estimated size 206.3 KiB, free 433.7 MiB)
[2026-05-09T13:50:36.845+0000] {subprocess.py:106} INFO - 26/05/09 13:50:36 INFO BlockManagerInfo: Removed broadcast_10_piece0 on 172.30.1.13:37901 in memory (size: 35.1 KiB, free: 434.3 MiB)
[2026-05-09T13:50:36.851+0000] {subprocess.py:106} INFO - 26/05/09 13:50:36 INFO MemoryStore: Block broadcast_13_piece0 stored as bytes in memory (estimated size 35.1 KiB, free 433.9 MiB)
[2026-05-09T13:50:36.859+0000] {subprocess.py:106} INFO - 26/05/09 13:50:36 INFO BlockManagerInfo: Added broadcast_13_piece0 in memory on 172.30.1.13:37901 (size: 35.1 KiB, free: 434.3 MiB)
[2026-05-09T13:50:36.861+0000] {subprocess.py:106} INFO - 26/05/09 13:50:36 INFO BlockManagerInfo: Removed broadcast_10_piece0 on 00a554289257:45391 in memory (size: 35.1 KiB, free: 93.3 MiB)
[2026-05-09T13:50:36.862+0000] {subprocess.py:106} INFO - 26/05/09 13:50:36 INFO SparkContext: Created broadcast 13 from save at NativeMethodAccessorImpl.java:0
[2026-05-09T13:50:36.863+0000] {subprocess.py:106} INFO - 26/05/09 13:50:36 INFO BlockManagerInfo: Removed broadcast_10_piece0 on 6303bebb27dc:33103 in memory (size: 35.1 KiB, free: 93.2 MiB)
[2026-05-09T13:50:36.864+0000] {subprocess.py:106} INFO - 26/05/09 13:50:36 INFO FileSourceScanExec: Planning scan with bin packing, max size: 134217728 bytes, open cost is considered as scanning 4194304 bytes.
[2026-05-09T13:50:36.877+0000] {subprocess.py:106} INFO - 26/05/09 13:50:36 INFO BlockManagerInfo: Removed broadcast_11_piece0 on 172.30.1.13:37901 in memory (size: 8.9 KiB, free: 434.3 MiB)
[2026-05-09T13:50:36.884+0000] {subprocess.py:106} INFO - 26/05/09 13:50:36 INFO BlockManagerInfo: Removed broadcast_11_piece0 on 6303bebb27dc:33103 in memory (size: 8.9 KiB, free: 93.3 MiB)
[2026-05-09T13:50:36.892+0000] {subprocess.py:106} INFO - 26/05/09 13:50:36 INFO BlockManagerInfo: Removed broadcast_11_piece0 on 00a554289257:45391 in memory (size: 8.9 KiB, free: 93.3 MiB)
[2026-05-09T13:50:36.910+0000] {subprocess.py:106} INFO - 26/05/09 13:50:36 INFO SparkContext: Starting job: save at NativeMethodAccessorImpl.java:0
[2026-05-09T13:50:36.911+0000] {subprocess.py:106} INFO - 26/05/09 13:50:36 INFO DAGScheduler: Got job 8 (save at NativeMethodAccessorImpl.java:0) with 4 output partitions
[2026-05-09T13:50:36.914+0000] {subprocess.py:106} INFO - 26/05/09 13:50:36 INFO BlockManagerInfo: Removed broadcast_12_piece0 on 172.30.1.13:37901 in memory (size: 5.9 KiB, free: 434.3 MiB)
[2026-05-09T13:50:36.915+0000] {subprocess.py:106} INFO - 26/05/09 13:50:36 INFO DAGScheduler: Final stage: ResultStage 11 (save at NativeMethodAccessorImpl.java:0)
[2026-05-09T13:50:36.916+0000] {subprocess.py:106} INFO - 26/05/09 13:50:36 INFO DAGScheduler: Parents of final stage: List()
[2026-05-09T13:50:36.917+0000] {subprocess.py:106} INFO - 26/05/09 13:50:36 INFO DAGScheduler: Missing parents: List()
[2026-05-09T13:50:36.918+0000] {subprocess.py:106} INFO - 26/05/09 13:50:36 INFO DAGScheduler: Submitting ResultStage 11 (MapPartitionsRDD[29] at save at NativeMethodAccessorImpl.java:0), which has no missing parents
[2026-05-09T13:50:36.920+0000] {subprocess.py:106} INFO - 26/05/09 13:50:36 INFO BlockManagerInfo: Removed broadcast_12_piece0 on 00a554289257:45391 in memory (size: 5.9 KiB, free: 93.3 MiB)
[2026-05-09T13:50:36.948+0000] {subprocess.py:106} INFO - 26/05/09 13:50:36 INFO MemoryStore: Block broadcast_14 stored as values in memory (estimated size 216.2 KiB, free 433.7 MiB)
[2026-05-09T13:50:36.963+0000] {subprocess.py:106} INFO - 26/05/09 13:50:36 INFO MemoryStore: Block broadcast_14_piece0 stored as bytes in memory (estimated size 78.5 KiB, free 433.6 MiB)
[2026-05-09T13:50:36.966+0000] {subprocess.py:106} INFO - 26/05/09 13:50:36 INFO BlockManagerInfo: Added broadcast_14_piece0 in memory on 172.30.1.13:37901 (size: 78.5 KiB, free: 434.2 MiB)
[2026-05-09T13:50:36.972+0000] {subprocess.py:106} INFO - 26/05/09 13:50:36 INFO SparkContext: Created broadcast 14 from broadcast at DAGScheduler.scala:1580
[2026-05-09T13:50:36.978+0000] {subprocess.py:106} INFO - 26/05/09 13:50:36 INFO DAGScheduler: Submitting 4 missing tasks from ResultStage 11 (MapPartitionsRDD[29] at save at NativeMethodAccessorImpl.java:0) (first 15 tasks are for partitions Vector(0, 1, 2, 3))
[2026-05-09T13:50:36.982+0000] {subprocess.py:106} INFO - 26/05/09 13:50:36 INFO YarnScheduler: Adding task set 11.0 with 4 tasks resource profile 0
[2026-05-09T13:50:36.983+0000] {subprocess.py:106} INFO - 26/05/09 13:50:36 INFO TaskSetManager: Starting task 0.0 in stage 11.0 (TID 24) (00a554289257, executor 1, partition 0, RACK_LOCAL, 12378 bytes)
[2026-05-09T13:50:36.984+0000] {subprocess.py:106} INFO - 26/05/09 13:50:36 INFO TaskSetManager: Starting task 1.0 in stage 11.0 (TID 25) (6303bebb27dc, executor 2, partition 1, RACK_LOCAL, 12384 bytes)
[2026-05-09T13:50:37.033+0000] {subprocess.py:106} INFO - 26/05/09 13:50:37 INFO BlockManagerInfo: Added broadcast_14_piece0 in memory on 00a554289257:45391 (size: 78.5 KiB, free: 93.2 MiB)
[2026-05-09T13:50:37.056+0000] {subprocess.py:106} INFO - 26/05/09 13:50:37 INFO BlockManagerInfo: Added broadcast_14_piece0 in memory on 6303bebb27dc:33103 (size: 78.5 KiB, free: 93.2 MiB)
[2026-05-09T13:50:37.201+0000] {subprocess.py:106} INFO - 26/05/09 13:50:37 INFO BlockManagerInfo: Added broadcast_13_piece0 in memory on 6303bebb27dc:33103 (size: 35.1 KiB, free: 93.1 MiB)
[2026-05-09T13:50:37.295+0000] {subprocess.py:106} INFO - 26/05/09 13:50:37 INFO BlockManagerInfo: Added broadcast_13_piece0 in memory on 00a554289257:45391 (size: 35.1 KiB, free: 93.2 MiB)
[2026-05-09T13:50:38.514+0000] {subprocess.py:106} INFO - 26/05/09 13:50:38 INFO TaskSetManager: Starting task 2.0 in stage 11.0 (TID 26) (6303bebb27dc, executor 2, partition 2, RACK_LOCAL, 12375 bytes)
[2026-05-09T13:50:38.516+0000] {subprocess.py:106} INFO - 26/05/09 13:50:38 INFO TaskSetManager: Finished task 1.0 in stage 11.0 (TID 25) in 1536 ms on 6303bebb27dc (executor 2) (1/4)
[2026-05-09T13:50:38.573+0000] {subprocess.py:106} INFO - 26/05/09 13:50:38 INFO TaskSetManager: Starting task 3.0 in stage 11.0 (TID 27) (00a554289257, executor 1, partition 3, RACK_LOCAL, 10877 bytes)
[2026-05-09T13:50:38.578+0000] {subprocess.py:106} INFO - 26/05/09 13:50:38 INFO TaskSetManager: Finished task 0.0 in stage 11.0 (TID 24) in 1605 ms on 00a554289257 (executor 1) (2/4)
[2026-05-09T13:50:39.426+0000] {subprocess.py:106} INFO - 26/05/09 13:50:39 INFO TaskSetManager: Finished task 3.0 in stage 11.0 (TID 27) in 854 ms on 00a554289257 (executor 1) (3/4)
[2026-05-09T13:50:39.627+0000] {subprocess.py:106} INFO - 26/05/09 13:50:39 INFO TaskSetManager: Finished task 2.0 in stage 11.0 (TID 26) in 1118 ms on 6303bebb27dc (executor 2) (4/4)
[2026-05-09T13:50:39.629+0000] {subprocess.py:106} INFO - 26/05/09 13:50:39 INFO YarnScheduler: Removed TaskSet 11.0, whose tasks have all completed, from pool
[2026-05-09T13:50:39.630+0000] {subprocess.py:106} INFO - 26/05/09 13:50:39 INFO DAGScheduler: ResultStage 11 (save at NativeMethodAccessorImpl.java:0) finished in 2.712 s
[2026-05-09T13:50:39.631+0000] {subprocess.py:106} INFO - 26/05/09 13:50:39 INFO DAGScheduler: Job 8 is finished. Cancelling potential speculative or zombie tasks for this job
[2026-05-09T13:50:39.632+0000] {subprocess.py:106} INFO - 26/05/09 13:50:39 INFO YarnScheduler: Killing all running tasks in stage 11: Stage finished
[2026-05-09T13:50:39.632+0000] {subprocess.py:106} INFO - 26/05/09 13:50:39 INFO DAGScheduler: Job 8 finished: save at NativeMethodAccessorImpl.java:0, took 2.719715 s
[2026-05-09T13:50:39.633+0000] {subprocess.py:106} INFO - 26/05/09 13:50:39 INFO FileFormatWriter: Start to commit write Job f6f75f45-c50b-48dd-a1f3-a5328da0a5c5.
[2026-05-09T13:50:39.695+0000] {subprocess.py:106} INFO - 26/05/09 13:50:39 INFO FileFormatWriter: Write Job f6f75f45-c50b-48dd-a1f3-a5328da0a5c5 committed. Elapsed time: 64 ms.
[2026-05-09T13:50:39.696+0000] {subprocess.py:106} INFO - 26/05/09 13:50:39 INFO FileFormatWriter: Finished processing stats for write job f6f75f45-c50b-48dd-a1f3-a5328da0a5c5.
[2026-05-09T13:50:39.697+0000] {subprocess.py:106} INFO - ✅ order_items saved to Bronze Layer!
[2026-05-09T13:50:39.698+0000] {subprocess.py:106} INFO - 📥 Reading products...
[2026-05-09T13:50:39.745+0000] {subprocess.py:106} INFO - 26/05/09 13:50:39 INFO InMemoryFileIndex: It took 13 ms to list leaf files for 1 paths.
[2026-05-09T13:50:39.810+0000] {subprocess.py:106} INFO - 26/05/09 13:50:39 INFO FileSourceStrategy: Pushed Filters:
[2026-05-09T13:50:39.811+0000] {subprocess.py:106} INFO - 26/05/09 13:50:39 INFO FileSourceStrategy: Post-Scan Filters:
[2026-05-09T13:50:39.855+0000] {subprocess.py:106} INFO - 26/05/09 13:50:39 INFO MemoryStore: Block broadcast_15 stored as values in memory (estimated size 206.3 KiB, free 433.4 MiB)
[2026-05-09T13:50:39.879+0000] {subprocess.py:106} INFO - 26/05/09 13:50:39 INFO MemoryStore: Block broadcast_15_piece0 stored as bytes in memory (estimated size 35.1 KiB, free 433.4 MiB)
[2026-05-09T13:50:39.882+0000] {subprocess.py:106} INFO - 26/05/09 13:50:39 INFO BlockManagerInfo: Added broadcast_15_piece0 in memory on 172.30.1.13:37901 (size: 35.1 KiB, free: 434.2 MiB)
[2026-05-09T13:50:39.884+0000] {subprocess.py:106} INFO - 26/05/09 13:50:39 INFO SparkContext: Created broadcast 15 from count at NativeMethodAccessorImpl.java:0
[2026-05-09T13:50:39.892+0000] {subprocess.py:106} INFO - 26/05/09 13:50:39 INFO FileSourceScanExec: Planning scan with bin packing, max size: 70606685 bytes, open cost is considered as scanning 4194304 bytes.
[2026-05-09T13:50:39.933+0000] {subprocess.py:106} INFO - 26/05/09 13:50:39 INFO DAGScheduler: Registering RDD 33 (count at NativeMethodAccessorImpl.java:0) as input to shuffle 3
[2026-05-09T13:50:39.935+0000] {subprocess.py:106} INFO - 26/05/09 13:50:39 INFO DAGScheduler: Got map stage job 9 (count at NativeMethodAccessorImpl.java:0) with 2 output partitions
[2026-05-09T13:50:39.936+0000] {subprocess.py:106} INFO - 26/05/09 13:50:39 INFO DAGScheduler: Final stage: ShuffleMapStage 12 (count at NativeMethodAccessorImpl.java:0)
[2026-05-09T13:50:39.938+0000] {subprocess.py:106} INFO - 26/05/09 13:50:39 INFO DAGScheduler: Parents of final stage: List()
[2026-05-09T13:50:39.940+0000] {subprocess.py:106} INFO - 26/05/09 13:50:39 INFO DAGScheduler: Missing parents: List()
[2026-05-09T13:50:39.940+0000] {subprocess.py:106} INFO - 26/05/09 13:50:39 INFO DAGScheduler: Submitting ShuffleMapStage 12 (MapPartitionsRDD[33] at count at NativeMethodAccessorImpl.java:0), which has no missing parents
[2026-05-09T13:50:39.943+0000] {subprocess.py:106} INFO - 26/05/09 13:50:39 INFO MemoryStore: Block broadcast_16 stored as values in memory (estimated size 18.2 KiB, free 433.4 MiB)
[2026-05-09T13:50:39.952+0000] {subprocess.py:106} INFO - 26/05/09 13:50:39 INFO MemoryStore: Block broadcast_16_piece0 stored as bytes in memory (estimated size 8.9 KiB, free 433.4 MiB)
[2026-05-09T13:50:39.955+0000] {subprocess.py:106} INFO - 26/05/09 13:50:39 INFO BlockManagerInfo: Added broadcast_16_piece0 in memory on 172.30.1.13:37901 (size: 8.9 KiB, free: 434.2 MiB)
[2026-05-09T13:50:39.956+0000] {subprocess.py:106} INFO - 26/05/09 13:50:39 INFO SparkContext: Created broadcast 16 from broadcast at DAGScheduler.scala:1580
[2026-05-09T13:50:39.957+0000] {subprocess.py:106} INFO - 26/05/09 13:50:39 INFO DAGScheduler: Submitting 2 missing tasks from ShuffleMapStage 12 (MapPartitionsRDD[33] at count at NativeMethodAccessorImpl.java:0) (first 15 tasks are for partitions Vector(0, 1))
[2026-05-09T13:50:39.958+0000] {subprocess.py:106} INFO - 26/05/09 13:50:39 INFO YarnScheduler: Adding task set 12.0 with 2 tasks resource profile 0
[2026-05-09T13:50:39.960+0000] {subprocess.py:106} INFO - 26/05/09 13:50:39 INFO TaskSetManager: Starting task 0.0 in stage 12.0 (TID 28) (00a554289257, executor 1, partition 0, RACK_LOCAL, 10394 bytes)
[2026-05-09T13:50:39.963+0000] {subprocess.py:106} INFO - 26/05/09 13:50:39 INFO TaskSetManager: Starting task 1.0 in stage 12.0 (TID 29) (6303bebb27dc, executor 2, partition 1, RACK_LOCAL, 10261 bytes)
[2026-05-09T13:50:39.999+0000] {subprocess.py:106} INFO - 26/05/09 13:50:39 INFO BlockManagerInfo: Added broadcast_16_piece0 in memory on 00a554289257:45391 (size: 8.9 KiB, free: 93.2 MiB)
[2026-05-09T13:50:40.004+0000] {subprocess.py:106} INFO - 26/05/09 13:50:39 INFO BlockManagerInfo: Added broadcast_16_piece0 in memory on 6303bebb27dc:33103 (size: 8.9 KiB, free: 93.1 MiB)
[2026-05-09T13:50:40.038+0000] {subprocess.py:106} INFO - 26/05/09 13:50:40 INFO BlockManagerInfo: Added broadcast_15_piece0 in memory on 00a554289257:45391 (size: 35.1 KiB, free: 93.1 MiB)
[2026-05-09T13:50:40.040+0000] {subprocess.py:106} INFO - 26/05/09 13:50:40 INFO BlockManagerInfo: Added broadcast_15_piece0 in memory on 6303bebb27dc:33103 (size: 35.1 KiB, free: 93.1 MiB)
[2026-05-09T13:50:40.326+0000] {subprocess.py:106} INFO - 26/05/09 13:50:40 INFO TaskSetManager: Finished task 1.0 in stage 12.0 (TID 29) in 353 ms on 6303bebb27dc (executor 2) (1/2)
[2026-05-09T13:50:40.336+0000] {subprocess.py:106} INFO - 26/05/09 13:50:40 INFO TaskSetManager: Finished task 0.0 in stage 12.0 (TID 28) in 376 ms on 00a554289257 (executor 1) (2/2)
[2026-05-09T13:50:40.338+0000] {subprocess.py:106} INFO - 26/05/09 13:50:40 INFO YarnScheduler: Removed TaskSet 12.0, whose tasks have all completed, from pool
[2026-05-09T13:50:40.342+0000] {subprocess.py:106} INFO - 26/05/09 13:50:40 INFO DAGScheduler: ShuffleMapStage 12 (count at NativeMethodAccessorImpl.java:0) finished in 0.401 s
[2026-05-09T13:50:40.344+0000] {subprocess.py:106} INFO - 26/05/09 13:50:40 INFO DAGScheduler: looking for newly runnable stages
[2026-05-09T13:50:40.346+0000] {subprocess.py:106} INFO - 26/05/09 13:50:40 INFO DAGScheduler: running: Set()
[2026-05-09T13:50:40.352+0000] {subprocess.py:106} INFO - 26/05/09 13:50:40 INFO DAGScheduler: waiting: Set()
[2026-05-09T13:50:40.353+0000] {subprocess.py:106} INFO - 26/05/09 13:50:40 INFO DAGScheduler: failed: Set()
[2026-05-09T13:50:40.396+0000] {subprocess.py:106} INFO - 26/05/09 13:50:40 INFO SparkContext: Starting job: count at NativeMethodAccessorImpl.java:0
[2026-05-09T13:50:40.401+0000] {subprocess.py:106} INFO - 26/05/09 13:50:40 INFO DAGScheduler: Got job 10 (count at NativeMethodAccessorImpl.java:0) with 1 output partitions
[2026-05-09T13:50:40.402+0000] {subprocess.py:106} INFO - 26/05/09 13:50:40 INFO DAGScheduler: Final stage: ResultStage 14 (count at NativeMethodAccessorImpl.java:0)
[2026-05-09T13:50:40.406+0000] {subprocess.py:106} INFO - 26/05/09 13:50:40 INFO DAGScheduler: Parents of final stage: List(ShuffleMapStage 13)
[2026-05-09T13:50:40.409+0000] {subprocess.py:106} INFO - 26/05/09 13:50:40 INFO DAGScheduler: Missing parents: List()
[2026-05-09T13:50:40.415+0000] {subprocess.py:106} INFO - 26/05/09 13:50:40 INFO DAGScheduler: Submitting ResultStage 14 (MapPartitionsRDD[36] at count at NativeMethodAccessorImpl.java:0), which has no missing parents
[2026-05-09T13:50:40.417+0000] {subprocess.py:106} INFO - 26/05/09 13:50:40 INFO MemoryStore: Block broadcast_17 stored as values in memory (estimated size 12.5 KiB, free 433.3 MiB)
[2026-05-09T13:50:40.428+0000] {subprocess.py:106} INFO - 26/05/09 13:50:40 INFO MemoryStore: Block broadcast_17_piece0 stored as bytes in memory (estimated size 5.9 KiB, free 433.3 MiB)
[2026-05-09T13:50:40.429+0000] {subprocess.py:106} INFO - 26/05/09 13:50:40 INFO BlockManagerInfo: Added broadcast_17_piece0 in memory on 172.30.1.13:37901 (size: 5.9 KiB, free: 434.2 MiB)
[2026-05-09T13:50:40.432+0000] {subprocess.py:106} INFO - 26/05/09 13:50:40 INFO BlockManagerInfo: Removed broadcast_14_piece0 on 172.30.1.13:37901 in memory (size: 78.5 KiB, free: 434.3 MiB)
[2026-05-09T13:50:40.433+0000] {subprocess.py:106} INFO - 26/05/09 13:50:40 INFO SparkContext: Created broadcast 17 from broadcast at DAGScheduler.scala:1580
[2026-05-09T13:50:40.437+0000] {subprocess.py:106} INFO - 26/05/09 13:50:40 INFO DAGScheduler: Submitting 1 missing tasks from ResultStage 14 (MapPartitionsRDD[36] at count at NativeMethodAccessorImpl.java:0) (first 15 tasks are for partitions Vector(0))
[2026-05-09T13:50:40.438+0000] {subprocess.py:106} INFO - 26/05/09 13:50:40 INFO YarnScheduler: Adding task set 14.0 with 1 tasks resource profile 0
[2026-05-09T13:50:40.442+0000] {subprocess.py:106} INFO - 26/05/09 13:50:40 INFO TaskSetManager: Starting task 0.0 in stage 14.0 (TID 30) (00a554289257, executor 1, partition 0, NODE_LOCAL, 7626 bytes)
[2026-05-09T13:50:40.444+0000] {subprocess.py:106} INFO - 26/05/09 13:50:40 INFO BlockManagerInfo: Removed broadcast_14_piece0 on 00a554289257:45391 in memory (size: 78.5 KiB, free: 93.2 MiB)
[2026-05-09T13:50:40.446+0000] {subprocess.py:106} INFO - 26/05/09 13:50:40 INFO BlockManagerInfo: Removed broadcast_14_piece0 on 6303bebb27dc:33103 in memory (size: 78.5 KiB, free: 93.2 MiB)
[2026-05-09T13:50:40.494+0000] {subprocess.py:106} INFO - 26/05/09 13:50:40 INFO BlockManagerInfo: Removed broadcast_16_piece0 on 6303bebb27dc:33103 in memory (size: 8.9 KiB, free: 93.2 MiB)
[2026-05-09T13:50:40.496+0000] {subprocess.py:106} INFO - 26/05/09 13:50:40 INFO BlockManagerInfo: Removed broadcast_16_piece0 on 172.30.1.13:37901 in memory (size: 8.9 KiB, free: 434.3 MiB)
[2026-05-09T13:50:40.500+0000] {subprocess.py:106} INFO - 26/05/09 13:50:40 INFO BlockManagerInfo: Removed broadcast_16_piece0 on 00a554289257:45391 in memory (size: 8.9 KiB, free: 93.2 MiB)
[2026-05-09T13:50:40.510+0000] {subprocess.py:106} INFO - 26/05/09 13:50:40 INFO BlockManagerInfo: Added broadcast_17_piece0 in memory on 00a554289257:45391 (size: 5.9 KiB, free: 93.2 MiB)
[2026-05-09T13:50:40.529+0000] {subprocess.py:106} INFO - 26/05/09 13:50:40 INFO BlockManagerInfo: Removed broadcast_13_piece0 on 172.30.1.13:37901 in memory (size: 35.1 KiB, free: 434.3 MiB)
[2026-05-09T13:50:40.535+0000] {subprocess.py:106} INFO - 26/05/09 13:50:40 INFO BlockManagerInfo: Removed broadcast_13_piece0 on 6303bebb27dc:33103 in memory (size: 35.1 KiB, free: 93.2 MiB)
[2026-05-09T13:50:40.538+0000] {subprocess.py:106} INFO - 26/05/09 13:50:40 INFO MapOutputTrackerMasterEndpoint: Asked to send map output locations for shuffle 3 to 172.30.1.26:49126
[2026-05-09T13:50:40.581+0000] {subprocess.py:106} INFO - 26/05/09 13:50:40 INFO BlockManagerInfo: Removed broadcast_13_piece0 on 00a554289257:45391 in memory (size: 35.1 KiB, free: 93.3 MiB)
[2026-05-09T13:50:40.636+0000] {subprocess.py:106} INFO - 26/05/09 13:50:40 INFO TaskSetManager: Finished task 0.0 in stage 14.0 (TID 30) in 192 ms on 00a554289257 (executor 1) (1/1)
[2026-05-09T13:50:40.640+0000] {subprocess.py:106} INFO - 26/05/09 13:50:40 INFO DAGScheduler: ResultStage 14 (count at NativeMethodAccessorImpl.java:0) finished in 0.235 s
[2026-05-09T13:50:40.648+0000] {subprocess.py:106} INFO - 26/05/09 13:50:40 INFO YarnScheduler: Removed TaskSet 14.0, whose tasks have all completed, from pool
[2026-05-09T13:50:40.657+0000] {subprocess.py:106} INFO - 26/05/09 13:50:40 INFO DAGScheduler: Job 10 is finished. Cancelling potential speculative or zombie tasks for this job
[2026-05-09T13:50:40.658+0000] {subprocess.py:106} INFO - 26/05/09 13:50:40 INFO YarnScheduler: Killing all running tasks in stage 14: Stage finished
[2026-05-09T13:50:40.660+0000] {subprocess.py:106} INFO - 26/05/09 13:50:40 INFO DAGScheduler: Job 10 finished: count at NativeMethodAccessorImpl.java:0, took 0.255228 s
[2026-05-09T13:50:40.670+0000] {subprocess.py:106} INFO - ⚡ 32951 rows found!
[2026-05-09T13:50:40.729+0000] {subprocess.py:106} INFO - 26/05/09 13:50:40 INFO FileSourceStrategy: Pushed Filters:
[2026-05-09T13:50:40.730+0000] {subprocess.py:106} INFO - 26/05/09 13:50:40 INFO FileSourceStrategy: Post-Scan Filters:
[2026-05-09T13:50:40.748+0000] {subprocess.py:106} INFO - 26/05/09 13:50:40 INFO ParquetUtils: Using default output committer for Parquet: org.apache.parquet.hadoop.ParquetOutputCommitter
[2026-05-09T13:50:40.752+0000] {subprocess.py:106} INFO - 26/05/09 13:50:40 INFO FileOutputCommitter: File Output Committer Algorithm version is 1
[2026-05-09T13:50:40.753+0000] {subprocess.py:106} INFO - 26/05/09 13:50:40 INFO FileOutputCommitter: FileOutputCommitter skip cleanup _temporary folders under output directory:false, ignore cleanup failures: false
[2026-05-09T13:50:40.754+0000] {subprocess.py:106} INFO - 26/05/09 13:50:40 INFO SQLHadoopMapReduceCommitProtocol: Using user defined output committer class org.apache.parquet.hadoop.ParquetOutputCommitter
[2026-05-09T13:50:40.756+0000] {subprocess.py:106} INFO - 26/05/09 13:50:40 INFO FileOutputCommitter: File Output Committer Algorithm version is 1
[2026-05-09T13:50:40.759+0000] {subprocess.py:106} INFO - 26/05/09 13:50:40 INFO FileOutputCommitter: FileOutputCommitter skip cleanup _temporary folders under output directory:false, ignore cleanup failures: false
[2026-05-09T13:50:40.761+0000] {subprocess.py:106} INFO - 26/05/09 13:50:40 INFO SQLHadoopMapReduceCommitProtocol: Using output committer class org.apache.parquet.hadoop.ParquetOutputCommitter
[2026-05-09T13:50:40.779+0000] {subprocess.py:106} INFO - 26/05/09 13:50:40 INFO MemoryStore: Block broadcast_18 stored as values in memory (estimated size 206.3 KiB, free 433.7 MiB)
[2026-05-09T13:50:40.808+0000] {subprocess.py:106} INFO - 26/05/09 13:50:40 INFO MemoryStore: Block broadcast_18_piece0 stored as bytes in memory (estimated size 35.1 KiB, free 433.6 MiB)
[2026-05-09T13:50:40.821+0000] {subprocess.py:106} INFO - 26/05/09 13:50:40 INFO BlockManagerInfo: Added broadcast_18_piece0 in memory on 172.30.1.13:37901 (size: 35.1 KiB, free: 434.3 MiB)
[2026-05-09T13:50:40.825+0000] {subprocess.py:106} INFO - 26/05/09 13:50:40 INFO SparkContext: Created broadcast 18 from save at NativeMethodAccessorImpl.java:0
[2026-05-09T13:50:40.826+0000] {subprocess.py:106} INFO - 26/05/09 13:50:40 INFO FileSourceScanExec: Planning scan with bin packing, max size: 70606685 bytes, open cost is considered as scanning 4194304 bytes.
[2026-05-09T13:50:40.850+0000] {subprocess.py:106} INFO - 26/05/09 13:50:40 INFO SparkContext: Starting job: save at NativeMethodAccessorImpl.java:0
[2026-05-09T13:50:40.851+0000] {subprocess.py:106} INFO - 26/05/09 13:50:40 INFO DAGScheduler: Got job 11 (save at NativeMethodAccessorImpl.java:0) with 2 output partitions
[2026-05-09T13:50:40.854+0000] {subprocess.py:106} INFO - 26/05/09 13:50:40 INFO DAGScheduler: Final stage: ResultStage 15 (save at NativeMethodAccessorImpl.java:0)
[2026-05-09T13:50:40.861+0000] {subprocess.py:106} INFO - 26/05/09 13:50:40 INFO DAGScheduler: Parents of final stage: List()
[2026-05-09T13:50:40.862+0000] {subprocess.py:106} INFO - 26/05/09 13:50:40 INFO DAGScheduler: Missing parents: List()
[2026-05-09T13:50:40.864+0000] {subprocess.py:106} INFO - 26/05/09 13:50:40 INFO DAGScheduler: Submitting ResultStage 15 (MapPartitionsRDD[39] at save at NativeMethodAccessorImpl.java:0), which has no missing parents
[2026-05-09T13:50:40.879+0000] {subprocess.py:106} INFO - 26/05/09 13:50:40 INFO MemoryStore: Block broadcast_19 stored as values in memory (estimated size 216.9 KiB, free 433.4 MiB)
[2026-05-09T13:50:40.885+0000] {subprocess.py:106} INFO - 26/05/09 13:50:40 INFO MemoryStore: Block broadcast_19_piece0 stored as bytes in memory (estimated size 78.7 KiB, free 433.4 MiB)
[2026-05-09T13:50:40.886+0000] {subprocess.py:106} INFO - 26/05/09 13:50:40 INFO BlockManagerInfo: Added broadcast_19_piece0 in memory on 172.30.1.13:37901 (size: 78.7 KiB, free: 434.2 MiB)
[2026-05-09T13:50:40.887+0000] {subprocess.py:106} INFO - 26/05/09 13:50:40 INFO SparkContext: Created broadcast 19 from broadcast at DAGScheduler.scala:1580
[2026-05-09T13:50:40.887+0000] {subprocess.py:106} INFO - 26/05/09 13:50:40 INFO DAGScheduler: Submitting 2 missing tasks from ResultStage 15 (MapPartitionsRDD[39] at save at NativeMethodAccessorImpl.java:0) (first 15 tasks are for partitions Vector(0, 1))
[2026-05-09T13:50:40.888+0000] {subprocess.py:106} INFO - 26/05/09 13:50:40 INFO YarnScheduler: Adding task set 15.0 with 2 tasks resource profile 0
[2026-05-09T13:50:40.891+0000] {subprocess.py:106} INFO - 26/05/09 13:50:40 INFO TaskSetManager: Starting task 0.0 in stage 15.0 (TID 31) (6303bebb27dc, executor 2, partition 0, RACK_LOCAL, 10405 bytes)
[2026-05-09T13:50:40.894+0000] {subprocess.py:106} INFO - 26/05/09 13:50:40 INFO TaskSetManager: Starting task 1.0 in stage 15.0 (TID 32) (00a554289257, executor 1, partition 1, RACK_LOCAL, 10272 bytes)
[2026-05-09T13:50:40.934+0000] {subprocess.py:106} INFO - 26/05/09 13:50:40 INFO BlockManagerInfo: Added broadcast_19_piece0 in memory on 6303bebb27dc:33103 (size: 78.7 KiB, free: 93.1 MiB)
[2026-05-09T13:50:40.936+0000] {subprocess.py:106} INFO - 26/05/09 13:50:40 INFO BlockManagerInfo: Added broadcast_19_piece0 in memory on 00a554289257:45391 (size: 78.7 KiB, free: 93.2 MiB)
[2026-05-09T13:50:41.038+0000] {subprocess.py:106} INFO - 26/05/09 13:50:41 INFO BlockManagerInfo: Added broadcast_18_piece0 in memory on 00a554289257:45391 (size: 35.1 KiB, free: 93.1 MiB)
[2026-05-09T13:50:41.060+0000] {subprocess.py:106} INFO - 26/05/09 13:50:41 INFO BlockManagerInfo: Added broadcast_18_piece0 in memory on 6303bebb27dc:33103 (size: 35.1 KiB, free: 93.1 MiB)
[2026-05-09T13:50:42.481+0000] {subprocess.py:106} INFO - 26/05/09 13:50:42 INFO TaskSetManager: Finished task 0.0 in stage 15.0 (TID 31) in 1591 ms on 6303bebb27dc (executor 2) (1/2)
[2026-05-09T13:50:42.483+0000] {subprocess.py:106} INFO - 26/05/09 13:50:42 INFO TaskSetManager: Finished task 1.0 in stage 15.0 (TID 32) in 1589 ms on 00a554289257 (executor 1) (2/2)
[2026-05-09T13:50:42.484+0000] {subprocess.py:106} INFO - 26/05/09 13:50:42 INFO YarnScheduler: Removed TaskSet 15.0, whose tasks have all completed, from pool
[2026-05-09T13:50:42.486+0000] {subprocess.py:106} INFO - 26/05/09 13:50:42 INFO DAGScheduler: ResultStage 15 (save at NativeMethodAccessorImpl.java:0) finished in 1.635 s
[2026-05-09T13:50:42.487+0000] {subprocess.py:106} INFO - 26/05/09 13:50:42 INFO DAGScheduler: Job 11 is finished. Cancelling potential speculative or zombie tasks for this job
[2026-05-09T13:50:42.487+0000] {subprocess.py:106} INFO - 26/05/09 13:50:42 INFO YarnScheduler: Killing all running tasks in stage 15: Stage finished
[2026-05-09T13:50:42.488+0000] {subprocess.py:106} INFO - 26/05/09 13:50:42 INFO DAGScheduler: Job 11 finished: save at NativeMethodAccessorImpl.java:0, took 1.641629 s
[2026-05-09T13:50:42.490+0000] {subprocess.py:106} INFO - 26/05/09 13:50:42 INFO FileFormatWriter: Start to commit write Job 630ee576-5ea5-4f0f-bcb3-6a31d44f0122.
[2026-05-09T13:50:42.539+0000] {subprocess.py:106} INFO - 26/05/09 13:50:42 INFO FileFormatWriter: Write Job 630ee576-5ea5-4f0f-bcb3-6a31d44f0122 committed. Elapsed time: 50 ms.
[2026-05-09T13:50:42.541+0000] {subprocess.py:106} INFO - 26/05/09 13:50:42 INFO FileFormatWriter: Finished processing stats for write job 630ee576-5ea5-4f0f-bcb3-6a31d44f0122.
[2026-05-09T13:50:42.571+0000] {subprocess.py:106} INFO - ✅ products saved to Bronze Layer!
[2026-05-09T13:50:42.576+0000] {subprocess.py:106} INFO - 📥 Reading sellers...
[2026-05-09T13:50:42.673+0000] {subprocess.py:106} INFO - 26/05/09 13:50:42 INFO InMemoryFileIndex: It took 10 ms to list leaf files for 1 paths.
[2026-05-09T13:50:42.741+0000] {subprocess.py:106} INFO - 26/05/09 13:50:42 INFO FileSourceStrategy: Pushed Filters:
[2026-05-09T13:50:42.744+0000] {subprocess.py:106} INFO - 26/05/09 13:50:42 INFO FileSourceStrategy: Post-Scan Filters:
[2026-05-09T13:50:42.771+0000] {subprocess.py:106} INFO - 26/05/09 13:50:42 INFO MemoryStore: Block broadcast_20 stored as values in memory (estimated size 206.3 KiB, free 433.2 MiB)
[2026-05-09T13:50:42.811+0000] {subprocess.py:106} INFO - 26/05/09 13:50:42 INFO BlockManagerInfo: Removed broadcast_19_piece0 on 172.30.1.13:37901 in memory (size: 78.7 KiB, free: 434.3 MiB)
[2026-05-09T13:50:42.813+0000] {subprocess.py:106} INFO - 26/05/09 13:50:42 INFO MemoryStore: Block broadcast_20_piece0 stored as bytes in memory (estimated size 35.1 KiB, free 433.2 MiB)
[2026-05-09T13:50:42.817+0000] {subprocess.py:106} INFO - 26/05/09 13:50:42 INFO BlockManagerInfo: Added broadcast_20_piece0 in memory on 172.30.1.13:37901 (size: 35.1 KiB, free: 434.2 MiB)
[2026-05-09T13:50:42.818+0000] {subprocess.py:106} INFO - 26/05/09 13:50:42 INFO SparkContext: Created broadcast 20 from count at NativeMethodAccessorImpl.java:0
[2026-05-09T13:50:42.821+0000] {subprocess.py:106} INFO - 26/05/09 13:50:42 INFO BlockManagerInfo: Removed broadcast_19_piece0 on 00a554289257:45391 in memory (size: 78.7 KiB, free: 93.2 MiB)
[2026-05-09T13:50:42.823+0000] {subprocess.py:106} INFO - 26/05/09 13:50:42 INFO FileSourceScanExec: Planning scan with bin packing, max size: 8470490 bytes, open cost is considered as scanning 4194304 bytes.
[2026-05-09T13:50:42.825+0000] {subprocess.py:106} INFO - 26/05/09 13:50:42 INFO BlockManagerInfo: Removed broadcast_19_piece0 on 6303bebb27dc:33103 in memory (size: 78.7 KiB, free: 93.2 MiB)
[2026-05-09T13:50:42.839+0000] {subprocess.py:106} INFO - 26/05/09 13:50:42 INFO DAGScheduler: Registering RDD 43 (count at NativeMethodAccessorImpl.java:0) as input to shuffle 4
[2026-05-09T13:50:42.841+0000] {subprocess.py:106} INFO - 26/05/09 13:50:42 INFO DAGScheduler: Got map stage job 12 (count at NativeMethodAccessorImpl.java:0) with 2 output partitions
[2026-05-09T13:50:42.844+0000] {subprocess.py:106} INFO - 26/05/09 13:50:42 INFO DAGScheduler: Final stage: ShuffleMapStage 16 (count at NativeMethodAccessorImpl.java:0)
[2026-05-09T13:50:42.847+0000] {subprocess.py:106} INFO - 26/05/09 13:50:42 INFO DAGScheduler: Parents of final stage: List()
[2026-05-09T13:50:42.848+0000] {subprocess.py:106} INFO - 26/05/09 13:50:42 INFO DAGScheduler: Missing parents: List()
[2026-05-09T13:50:42.849+0000] {subprocess.py:106} INFO - 26/05/09 13:50:42 INFO DAGScheduler: Submitting ShuffleMapStage 16 (MapPartitionsRDD[43] at count at NativeMethodAccessorImpl.java:0), which has no missing parents
[2026-05-09T13:50:42.850+0000] {subprocess.py:106} INFO - 26/05/09 13:50:42 INFO BlockManagerInfo: Removed broadcast_17_piece0 on 172.30.1.13:37901 in memory (size: 5.9 KiB, free: 434.3 MiB)
[2026-05-09T13:50:42.855+0000] {subprocess.py:106} INFO - 26/05/09 13:50:42 INFO MemoryStore: Block broadcast_21 stored as values in memory (estimated size 17.9 KiB, free 433.4 MiB)
[2026-05-09T13:50:42.857+0000] {subprocess.py:106} INFO - 26/05/09 13:50:42 INFO BlockManagerInfo: Removed broadcast_17_piece0 on 00a554289257:45391 in memory (size: 5.9 KiB, free: 93.2 MiB)
[2026-05-09T13:50:42.858+0000] {subprocess.py:106} INFO - 26/05/09 13:50:42 INFO MemoryStore: Block broadcast_21_piece0 stored as bytes in memory (estimated size 8.8 KiB, free 433.4 MiB)
[2026-05-09T13:50:42.861+0000] {subprocess.py:106} INFO - 26/05/09 13:50:42 INFO BlockManagerInfo: Added broadcast_21_piece0 in memory on 172.30.1.13:37901 (size: 8.8 KiB, free: 434.2 MiB)
[2026-05-09T13:50:42.863+0000] {subprocess.py:106} INFO - 26/05/09 13:50:42 INFO SparkContext: Created broadcast 21 from broadcast at DAGScheduler.scala:1580
[2026-05-09T13:50:42.867+0000] {subprocess.py:106} INFO - 26/05/09 13:50:42 INFO DAGScheduler: Submitting 2 missing tasks from ShuffleMapStage 16 (MapPartitionsRDD[43] at count at NativeMethodAccessorImpl.java:0) (first 15 tasks are for partitions Vector(0, 1))
[2026-05-09T13:50:42.869+0000] {subprocess.py:106} INFO - 26/05/09 13:50:42 INFO YarnScheduler: Adding task set 16.0 with 2 tasks resource profile 0
[2026-05-09T13:50:42.875+0000] {subprocess.py:106} INFO - 26/05/09 13:50:42 INFO TaskSetManager: Starting task 0.0 in stage 16.0 (TID 33) (6303bebb27dc, executor 2, partition 0, RACK_LOCAL, 8385 bytes)
[2026-05-09T13:50:42.876+0000] {subprocess.py:106} INFO - 26/05/09 13:50:42 INFO TaskSetManager: Starting task 1.0 in stage 16.0 (TID 34) (00a554289257, executor 1, partition 1, RACK_LOCAL, 8385 bytes)
[2026-05-09T13:50:42.882+0000] {subprocess.py:106} INFO - 26/05/09 13:50:42 INFO BlockManagerInfo: Removed broadcast_15_piece0 on 172.30.1.13:37901 in memory (size: 35.1 KiB, free: 434.3 MiB)
[2026-05-09T13:50:42.897+0000] {subprocess.py:106} INFO - 26/05/09 13:50:42 INFO BlockManagerInfo: Removed broadcast_15_piece0 on 6303bebb27dc:33103 in memory (size: 35.1 KiB, free: 93.2 MiB)
[2026-05-09T13:50:42.900+0000] {subprocess.py:106} INFO - 26/05/09 13:50:42 INFO BlockManagerInfo: Removed broadcast_15_piece0 on 00a554289257:45391 in memory (size: 35.1 KiB, free: 93.3 MiB)
[2026-05-09T13:50:42.921+0000] {subprocess.py:106} INFO - 26/05/09 13:50:42 INFO BlockManagerInfo: Removed broadcast_18_piece0 on 172.30.1.13:37901 in memory (size: 35.1 KiB, free: 434.3 MiB)
[2026-05-09T13:50:42.931+0000] {subprocess.py:106} INFO - 26/05/09 13:50:42 INFO BlockManagerInfo: Added broadcast_21_piece0 in memory on 00a554289257:45391 (size: 8.8 KiB, free: 93.3 MiB)
[2026-05-09T13:50:42.936+0000] {subprocess.py:106} INFO - 26/05/09 13:50:42 INFO BlockManagerInfo: Added broadcast_21_piece0 in memory on 6303bebb27dc:33103 (size: 8.8 KiB, free: 93.2 MiB)
[2026-05-09T13:50:42.937+0000] {subprocess.py:106} INFO - 26/05/09 13:50:42 INFO BlockManagerInfo: Removed broadcast_18_piece0 on 6303bebb27dc:33103 in memory (size: 35.1 KiB, free: 93.2 MiB)
[2026-05-09T13:50:42.940+0000] {subprocess.py:106} INFO - 26/05/09 13:50:42 INFO BlockManagerInfo: Removed broadcast_18_piece0 on 00a554289257:45391 in memory (size: 35.1 KiB, free: 93.3 MiB)
[2026-05-09T13:50:42.988+0000] {subprocess.py:106} INFO - 26/05/09 13:50:42 INFO BlockManagerInfo: Added broadcast_20_piece0 in memory on 00a554289257:45391 (size: 35.1 KiB, free: 93.3 MiB)
[2026-05-09T13:50:42.989+0000] {subprocess.py:106} INFO - 26/05/09 13:50:42 INFO BlockManagerInfo: Added broadcast_20_piece0 in memory on 6303bebb27dc:33103 (size: 35.1 KiB, free: 93.2 MiB)
[2026-05-09T13:50:43.041+0000] {subprocess.py:106} INFO - 26/05/09 13:50:43 INFO TaskSetManager: Finished task 0.0 in stage 16.0 (TID 33) in 172 ms on 6303bebb27dc (executor 2) (1/2)
[2026-05-09T13:50:43.043+0000] {subprocess.py:106} INFO - 26/05/09 13:50:43 INFO TaskSetManager: Finished task 1.0 in stage 16.0 (TID 34) in 175 ms on 00a554289257 (executor 1) (2/2)
[2026-05-09T13:50:43.045+0000] {subprocess.py:106} INFO - 26/05/09 13:50:43 INFO YarnScheduler: Removed TaskSet 16.0, whose tasks have all completed, from pool
[2026-05-09T13:50:43.051+0000] {subprocess.py:106} INFO - 26/05/09 13:50:43 INFO DAGScheduler: ShuffleMapStage 16 (count at NativeMethodAccessorImpl.java:0) finished in 0.206 s
[2026-05-09T13:50:43.055+0000] {subprocess.py:106} INFO - 26/05/09 13:50:43 INFO DAGScheduler: looking for newly runnable stages
[2026-05-09T13:50:43.060+0000] {subprocess.py:106} INFO - 26/05/09 13:50:43 INFO DAGScheduler: running: Set()
[2026-05-09T13:50:43.061+0000] {subprocess.py:106} INFO - 26/05/09 13:50:43 INFO DAGScheduler: waiting: Set()
[2026-05-09T13:50:43.062+0000] {subprocess.py:106} INFO - 26/05/09 13:50:43 INFO DAGScheduler: failed: Set()
[2026-05-09T13:50:43.099+0000] {subprocess.py:106} INFO - 26/05/09 13:50:43 INFO SparkContext: Starting job: count at NativeMethodAccessorImpl.java:0
[2026-05-09T13:50:43.105+0000] {subprocess.py:106} INFO - 26/05/09 13:50:43 INFO DAGScheduler: Got job 13 (count at NativeMethodAccessorImpl.java:0) with 1 output partitions
[2026-05-09T13:50:43.106+0000] {subprocess.py:106} INFO - 26/05/09 13:50:43 INFO DAGScheduler: Final stage: ResultStage 18 (count at NativeMethodAccessorImpl.java:0)
[2026-05-09T13:50:43.107+0000] {subprocess.py:106} INFO - 26/05/09 13:50:43 INFO DAGScheduler: Parents of final stage: List(ShuffleMapStage 17)
[2026-05-09T13:50:43.109+0000] {subprocess.py:106} INFO - 26/05/09 13:50:43 INFO DAGScheduler: Missing parents: List()
[2026-05-09T13:50:43.111+0000] {subprocess.py:106} INFO - 26/05/09 13:50:43 INFO DAGScheduler: Submitting ResultStage 18 (MapPartitionsRDD[46] at count at NativeMethodAccessorImpl.java:0), which has no missing parents
[2026-05-09T13:50:43.115+0000] {subprocess.py:106} INFO - 26/05/09 13:50:43 INFO MemoryStore: Block broadcast_22 stored as values in memory (estimated size 12.5 KiB, free 433.9 MiB)
[2026-05-09T13:50:43.127+0000] {subprocess.py:106} INFO - 26/05/09 13:50:43 INFO MemoryStore: Block broadcast_22_piece0 stored as bytes in memory (estimated size 5.9 KiB, free 433.9 MiB)
[2026-05-09T13:50:43.129+0000] {subprocess.py:106} INFO - 26/05/09 13:50:43 INFO BlockManagerInfo: Added broadcast_22_piece0 in memory on 172.30.1.13:37901 (size: 5.9 KiB, free: 434.3 MiB)
[2026-05-09T13:50:43.129+0000] {subprocess.py:106} INFO - 26/05/09 13:50:43 INFO SparkContext: Created broadcast 22 from broadcast at DAGScheduler.scala:1580
[2026-05-09T13:50:43.130+0000] {subprocess.py:106} INFO - 26/05/09 13:50:43 INFO DAGScheduler: Submitting 1 missing tasks from ResultStage 18 (MapPartitionsRDD[46] at count at NativeMethodAccessorImpl.java:0) (first 15 tasks are for partitions Vector(0))
[2026-05-09T13:50:43.132+0000] {subprocess.py:106} INFO - 26/05/09 13:50:43 INFO YarnScheduler: Adding task set 18.0 with 1 tasks resource profile 0
[2026-05-09T13:50:43.133+0000] {subprocess.py:106} INFO - 26/05/09 13:50:43 INFO TaskSetManager: Starting task 0.0 in stage 18.0 (TID 35) (00a554289257, executor 1, partition 0, NODE_LOCAL, 7626 bytes)
[2026-05-09T13:50:43.151+0000] {subprocess.py:106} INFO - 26/05/09 13:50:43 INFO BlockManagerInfo: Added broadcast_22_piece0 in memory on 00a554289257:45391 (size: 5.9 KiB, free: 93.3 MiB)
[2026-05-09T13:50:43.161+0000] {subprocess.py:106} INFO - 26/05/09 13:50:43 INFO MapOutputTrackerMasterEndpoint: Asked to send map output locations for shuffle 4 to 172.30.1.26:49126
[2026-05-09T13:50:43.195+0000] {subprocess.py:106} INFO - 26/05/09 13:50:43 INFO TaskSetManager: Finished task 0.0 in stage 18.0 (TID 35) in 72 ms on 00a554289257 (executor 1) (1/1)
[2026-05-09T13:50:43.197+0000] {subprocess.py:106} INFO - 26/05/09 13:50:43 INFO YarnScheduler: Removed TaskSet 18.0, whose tasks have all completed, from pool
[2026-05-09T13:50:43.198+0000] {subprocess.py:106} INFO - 26/05/09 13:50:43 INFO DAGScheduler: ResultStage 18 (count at NativeMethodAccessorImpl.java:0) finished in 0.090 s
[2026-05-09T13:50:43.201+0000] {subprocess.py:106} INFO - 26/05/09 13:50:43 INFO DAGScheduler: Job 13 is finished. Cancelling potential speculative or zombie tasks for this job
[2026-05-09T13:50:43.202+0000] {subprocess.py:106} INFO - 26/05/09 13:50:43 INFO YarnScheduler: Killing all running tasks in stage 18: Stage finished
[2026-05-09T13:50:43.204+0000] {subprocess.py:106} INFO - 26/05/09 13:50:43 INFO DAGScheduler: Job 13 finished: count at NativeMethodAccessorImpl.java:0, took 0.098047 s
[2026-05-09T13:50:43.205+0000] {subprocess.py:106} INFO - ⚡ 3095 rows found!
[2026-05-09T13:50:43.232+0000] {subprocess.py:106} INFO - 26/05/09 13:50:43 INFO FileSourceStrategy: Pushed Filters:
[2026-05-09T13:50:43.235+0000] {subprocess.py:106} INFO - 26/05/09 13:50:43 INFO FileSourceStrategy: Post-Scan Filters:
[2026-05-09T13:50:43.244+0000] {subprocess.py:106} INFO - 26/05/09 13:50:43 INFO ParquetUtils: Using default output committer for Parquet: org.apache.parquet.hadoop.ParquetOutputCommitter
[2026-05-09T13:50:43.245+0000] {subprocess.py:106} INFO - 26/05/09 13:50:43 INFO FileOutputCommitter: File Output Committer Algorithm version is 1
[2026-05-09T13:50:43.247+0000] {subprocess.py:106} INFO - 26/05/09 13:50:43 INFO FileOutputCommitter: FileOutputCommitter skip cleanup _temporary folders under output directory:false, ignore cleanup failures: false
[2026-05-09T13:50:43.248+0000] {subprocess.py:106} INFO - 26/05/09 13:50:43 INFO SQLHadoopMapReduceCommitProtocol: Using user defined output committer class org.apache.parquet.hadoop.ParquetOutputCommitter
[2026-05-09T13:50:43.249+0000] {subprocess.py:106} INFO - 26/05/09 13:50:43 INFO FileOutputCommitter: File Output Committer Algorithm version is 1
[2026-05-09T13:50:43.250+0000] {subprocess.py:106} INFO - 26/05/09 13:50:43 INFO FileOutputCommitter: FileOutputCommitter skip cleanup _temporary folders under output directory:false, ignore cleanup failures: false
[2026-05-09T13:50:43.251+0000] {subprocess.py:106} INFO - 26/05/09 13:50:43 INFO SQLHadoopMapReduceCommitProtocol: Using output committer class org.apache.parquet.hadoop.ParquetOutputCommitter
[2026-05-09T13:50:43.257+0000] {subprocess.py:106} INFO - 26/05/09 13:50:43 INFO MemoryStore: Block broadcast_23 stored as values in memory (estimated size 206.3 KiB, free 433.7 MiB)
[2026-05-09T13:50:43.272+0000] {subprocess.py:106} INFO - 26/05/09 13:50:43 INFO BlockManagerInfo: Removed broadcast_20_piece0 on 172.30.1.13:37901 in memory (size: 35.1 KiB, free: 434.3 MiB)
[2026-05-09T13:50:43.280+0000] {subprocess.py:106} INFO - 26/05/09 13:50:43 INFO BlockManagerInfo: Removed broadcast_20_piece0 on 6303bebb27dc:33103 in memory (size: 35.1 KiB, free: 93.2 MiB)
[2026-05-09T13:50:43.281+0000] {subprocess.py:106} INFO - 26/05/09 13:50:43 INFO BlockManagerInfo: Removed broadcast_20_piece0 on 00a554289257:45391 in memory (size: 35.1 KiB, free: 93.3 MiB)
[2026-05-09T13:50:43.282+0000] {subprocess.py:106} INFO - 26/05/09 13:50:43 INFO MemoryStore: Block broadcast_23_piece0 stored as bytes in memory (estimated size 35.1 KiB, free 433.9 MiB)
[2026-05-09T13:50:43.287+0000] {subprocess.py:106} INFO - 26/05/09 13:50:43 INFO BlockManagerInfo: Added broadcast_23_piece0 in memory on 172.30.1.13:37901 (size: 35.1 KiB, free: 434.3 MiB)
[2026-05-09T13:50:43.290+0000] {subprocess.py:106} INFO - 26/05/09 13:50:43 INFO SparkContext: Created broadcast 23 from save at NativeMethodAccessorImpl.java:0
[2026-05-09T13:50:43.292+0000] {subprocess.py:106} INFO - 26/05/09 13:50:43 INFO BlockManagerInfo: Removed broadcast_22_piece0 on 172.30.1.13:37901 in memory (size: 5.9 KiB, free: 434.3 MiB)
[2026-05-09T13:50:43.296+0000] {subprocess.py:106} INFO - 26/05/09 13:50:43 INFO FileSourceScanExec: Planning scan with bin packing, max size: 8470490 bytes, open cost is considered as scanning 4194304 bytes.
[2026-05-09T13:50:43.304+0000] {subprocess.py:106} INFO - 26/05/09 13:50:43 INFO BlockManagerInfo: Removed broadcast_22_piece0 on 00a554289257:45391 in memory (size: 5.9 KiB, free: 93.3 MiB)
[2026-05-09T13:50:43.312+0000] {subprocess.py:106} INFO - 26/05/09 13:50:43 INFO SparkContext: Starting job: save at NativeMethodAccessorImpl.java:0
[2026-05-09T13:50:43.314+0000] {subprocess.py:106} INFO - 26/05/09 13:50:43 INFO BlockManagerInfo: Removed broadcast_21_piece0 on 172.30.1.13:37901 in memory (size: 8.8 KiB, free: 434.3 MiB)
[2026-05-09T13:50:43.317+0000] {subprocess.py:106} INFO - 26/05/09 13:50:43 INFO DAGScheduler: Got job 14 (save at NativeMethodAccessorImpl.java:0) with 2 output partitions
[2026-05-09T13:50:43.318+0000] {subprocess.py:106} INFO - 26/05/09 13:50:43 INFO DAGScheduler: Final stage: ResultStage 19 (save at NativeMethodAccessorImpl.java:0)
[2026-05-09T13:50:43.320+0000] {subprocess.py:106} INFO - 26/05/09 13:50:43 INFO DAGScheduler: Parents of final stage: List()
[2026-05-09T13:50:43.321+0000] {subprocess.py:106} INFO - 26/05/09 13:50:43 INFO DAGScheduler: Missing parents: List()
[2026-05-09T13:50:43.322+0000] {subprocess.py:106} INFO - 26/05/09 13:50:43 INFO DAGScheduler: Submitting ResultStage 19 (MapPartitionsRDD[49] at save at NativeMethodAccessorImpl.java:0), which has no missing parents
[2026-05-09T13:50:43.323+0000] {subprocess.py:106} INFO - 26/05/09 13:50:43 INFO BlockManagerInfo: Removed broadcast_21_piece0 on 00a554289257:45391 in memory (size: 8.8 KiB, free: 93.3 MiB)
[2026-05-09T13:50:43.324+0000] {subprocess.py:106} INFO - 26/05/09 13:50:43 INFO BlockManagerInfo: Removed broadcast_21_piece0 on 6303bebb27dc:33103 in memory (size: 8.8 KiB, free: 93.3 MiB)
[2026-05-09T13:50:43.336+0000] {subprocess.py:106} INFO - 26/05/09 13:50:43 INFO MemoryStore: Block broadcast_24 stored as values in memory (estimated size 215.5 KiB, free 433.7 MiB)
[2026-05-09T13:50:43.341+0000] {subprocess.py:106} INFO - 26/05/09 13:50:43 INFO MemoryStore: Block broadcast_24_piece0 stored as bytes in memory (estimated size 78.3 KiB, free 433.6 MiB)
[2026-05-09T13:50:43.342+0000] {subprocess.py:106} INFO - 26/05/09 13:50:43 INFO BlockManagerInfo: Added broadcast_24_piece0 in memory on 172.30.1.13:37901 (size: 78.3 KiB, free: 434.2 MiB)
[2026-05-09T13:50:43.343+0000] {subprocess.py:106} INFO - 26/05/09 13:50:43 INFO SparkContext: Created broadcast 24 from broadcast at DAGScheduler.scala:1580
[2026-05-09T13:50:43.344+0000] {subprocess.py:106} INFO - 26/05/09 13:50:43 INFO DAGScheduler: Submitting 2 missing tasks from ResultStage 19 (MapPartitionsRDD[49] at save at NativeMethodAccessorImpl.java:0) (first 15 tasks are for partitions Vector(0, 1))
[2026-05-09T13:50:43.345+0000] {subprocess.py:106} INFO - 26/05/09 13:50:43 INFO YarnScheduler: Adding task set 19.0 with 2 tasks resource profile 0
[2026-05-09T13:50:43.347+0000] {subprocess.py:106} INFO - 26/05/09 13:50:43 INFO TaskSetManager: Starting task 0.0 in stage 19.0 (TID 36) (00a554289257, executor 1, partition 0, RACK_LOCAL, 8396 bytes)
[2026-05-09T13:50:43.350+0000] {subprocess.py:106} INFO - 26/05/09 13:50:43 INFO TaskSetManager: Starting task 1.0 in stage 19.0 (TID 37) (6303bebb27dc, executor 2, partition 1, RACK_LOCAL, 8396 bytes)
[2026-05-09T13:50:43.379+0000] {subprocess.py:106} INFO - 26/05/09 13:50:43 INFO BlockManagerInfo: Added broadcast_24_piece0 in memory on 6303bebb27dc:33103 (size: 78.3 KiB, free: 93.2 MiB)
[2026-05-09T13:50:43.382+0000] {subprocess.py:106} INFO - 26/05/09 13:50:43 INFO BlockManagerInfo: Added broadcast_24_piece0 in memory on 00a554289257:45391 (size: 78.3 KiB, free: 93.2 MiB)
[2026-05-09T13:50:43.505+0000] {subprocess.py:106} INFO - 26/05/09 13:50:43 INFO BlockManagerInfo: Added broadcast_23_piece0 in memory on 6303bebb27dc:33103 (size: 35.1 KiB, free: 93.1 MiB)
[2026-05-09T13:50:43.507+0000] {subprocess.py:106} INFO - 26/05/09 13:50:43 INFO BlockManagerInfo: Added broadcast_23_piece0 in memory on 00a554289257:45391 (size: 35.1 KiB, free: 93.2 MiB)
[2026-05-09T13:50:43.720+0000] {subprocess.py:106} INFO - 26/05/09 13:50:43 INFO TaskSetManager: Finished task 0.0 in stage 19.0 (TID 36) in 371 ms on 00a554289257 (executor 1) (1/2)
[2026-05-09T13:50:43.754+0000] {subprocess.py:106} INFO - 26/05/09 13:50:43 INFO TaskSetManager: Finished task 1.0 in stage 19.0 (TID 37) in 402 ms on 6303bebb27dc (executor 2) (2/2)
[2026-05-09T13:50:43.757+0000] {subprocess.py:106} INFO - 26/05/09 13:50:43 INFO YarnScheduler: Removed TaskSet 19.0, whose tasks have all completed, from pool
[2026-05-09T13:50:43.758+0000] {subprocess.py:106} INFO - 26/05/09 13:50:43 INFO DAGScheduler: ResultStage 19 (save at NativeMethodAccessorImpl.java:0) finished in 0.436 s
[2026-05-09T13:50:43.759+0000] {subprocess.py:106} INFO - 26/05/09 13:50:43 INFO DAGScheduler: Job 14 is finished. Cancelling potential speculative or zombie tasks for this job
[2026-05-09T13:50:43.760+0000] {subprocess.py:106} INFO - 26/05/09 13:50:43 INFO YarnScheduler: Killing all running tasks in stage 19: Stage finished
[2026-05-09T13:50:43.761+0000] {subprocess.py:106} INFO - 26/05/09 13:50:43 INFO DAGScheduler: Job 14 finished: save at NativeMethodAccessorImpl.java:0, took 0.441272 s
[2026-05-09T13:50:43.763+0000] {subprocess.py:106} INFO - 26/05/09 13:50:43 INFO FileFormatWriter: Start to commit write Job 652affa4-c951-4665-863f-fcdb3c11a40c.
[2026-05-09T13:50:43.803+0000] {subprocess.py:106} INFO - 26/05/09 13:50:43 INFO FileFormatWriter: Write Job 652affa4-c951-4665-863f-fcdb3c11a40c committed. Elapsed time: 46 ms.
[2026-05-09T13:50:43.807+0000] {subprocess.py:106} INFO - 26/05/09 13:50:43 INFO FileFormatWriter: Finished processing stats for write job 652affa4-c951-4665-863f-fcdb3c11a40c.
[2026-05-09T13:50:43.808+0000] {subprocess.py:106} INFO - ✅ sellers saved to Bronze Layer!
[2026-05-09T13:50:43.810+0000] {subprocess.py:106} INFO - 📥 Reading payments...
[2026-05-09T13:50:43.980+0000] {subprocess.py:106} INFO - 26/05/09 13:50:43 INFO InMemoryFileIndex: It took 47 ms to list leaf files for 1 paths.
[2026-05-09T13:50:44.008+0000] {subprocess.py:106} INFO - 26/05/09 13:50:43 INFO FileSourceStrategy: Pushed Filters:
[2026-05-09T13:50:44.013+0000] {subprocess.py:106} INFO - 26/05/09 13:50:43 INFO FileSourceStrategy: Post-Scan Filters:
[2026-05-09T13:50:44.070+0000] {subprocess.py:106} INFO - 26/05/09 13:50:44 INFO MemoryStore: Block broadcast_25 stored as values in memory (estimated size 206.3 KiB, free 433.4 MiB)
[2026-05-09T13:50:44.163+0000] {subprocess.py:106} INFO - 26/05/09 13:50:44 INFO MemoryStore: Block broadcast_25_piece0 stored as bytes in memory (estimated size 35.1 KiB, free 433.4 MiB)
[2026-05-09T13:50:44.180+0000] {subprocess.py:106} INFO - 26/05/09 13:50:44 INFO BlockManagerInfo: Added broadcast_25_piece0 in memory on 172.30.1.13:37901 (size: 35.1 KiB, free: 434.2 MiB)
[2026-05-09T13:50:44.183+0000] {subprocess.py:106} INFO - 26/05/09 13:50:44 INFO SparkContext: Created broadcast 25 from count at NativeMethodAccessorImpl.java:0
[2026-05-09T13:50:44.192+0000] {subprocess.py:106} INFO - 26/05/09 13:50:44 INFO FileSourceScanExec: Planning scan with bin packing, max size: 134217728 bytes, open cost is considered as scanning 4194304 bytes.
[2026-05-09T13:50:44.199+0000] {subprocess.py:106} INFO - 26/05/09 13:50:44 INFO DAGScheduler: Registering RDD 53 (count at NativeMethodAccessorImpl.java:0) as input to shuffle 5
[2026-05-09T13:50:44.201+0000] {subprocess.py:106} INFO - 26/05/09 13:50:44 INFO DAGScheduler: Got map stage job 15 (count at NativeMethodAccessorImpl.java:0) with 4 output partitions
[2026-05-09T13:50:44.203+0000] {subprocess.py:106} INFO - 26/05/09 13:50:44 INFO DAGScheduler: Final stage: ShuffleMapStage 20 (count at NativeMethodAccessorImpl.java:0)
[2026-05-09T13:50:44.206+0000] {subprocess.py:106} INFO - 26/05/09 13:50:44 INFO DAGScheduler: Parents of final stage: List()
[2026-05-09T13:50:44.207+0000] {subprocess.py:106} INFO - 26/05/09 13:50:44 INFO DAGScheduler: Missing parents: List()
[2026-05-09T13:50:44.211+0000] {subprocess.py:106} INFO - 26/05/09 13:50:44 INFO DAGScheduler: Submitting ShuffleMapStage 20 (MapPartitionsRDD[53] at count at NativeMethodAccessorImpl.java:0), which has no missing parents
[2026-05-09T13:50:44.212+0000] {subprocess.py:106} INFO - 26/05/09 13:50:44 INFO MemoryStore: Block broadcast_26 stored as values in memory (estimated size 17.9 KiB, free 433.4 MiB)
[2026-05-09T13:50:44.213+0000] {subprocess.py:106} INFO - 26/05/09 13:50:44 INFO MemoryStore: Block broadcast_26_piece0 stored as bytes in memory (estimated size 8.8 KiB, free 433.4 MiB)
[2026-05-09T13:50:44.214+0000] {subprocess.py:106} INFO - 26/05/09 13:50:44 INFO BlockManagerInfo: Added broadcast_26_piece0 in memory on 172.30.1.13:37901 (size: 8.8 KiB, free: 434.2 MiB)
[2026-05-09T13:50:44.215+0000] {subprocess.py:106} INFO - 26/05/09 13:50:44 INFO SparkContext: Created broadcast 26 from broadcast at DAGScheduler.scala:1580
[2026-05-09T13:50:44.218+0000] {subprocess.py:106} INFO - 26/05/09 13:50:44 INFO DAGScheduler: Submitting 4 missing tasks from ShuffleMapStage 20 (MapPartitionsRDD[53] at count at NativeMethodAccessorImpl.java:0) (first 15 tasks are for partitions Vector(0, 1, 2, 3))
[2026-05-09T13:50:44.220+0000] {subprocess.py:106} INFO - 26/05/09 13:50:44 INFO YarnScheduler: Adding task set 20.0 with 4 tasks resource profile 0
[2026-05-09T13:50:44.223+0000] {subprocess.py:106} INFO - 26/05/09 13:50:44 INFO BlockManagerInfo: Removed broadcast_24_piece0 on 172.30.1.13:37901 in memory (size: 78.3 KiB, free: 434.3 MiB)
[2026-05-09T13:50:44.226+0000] {subprocess.py:106} INFO - 26/05/09 13:50:44 INFO TaskSetManager: Starting task 0.0 in stage 20.0 (TID 38) (00a554289257, executor 1, partition 0, RACK_LOCAL, 12598 bytes)
[2026-05-09T13:50:44.230+0000] {subprocess.py:106} INFO - 26/05/09 13:50:44 INFO TaskSetManager: Starting task 1.0 in stage 20.0 (TID 39) (6303bebb27dc, executor 2, partition 1, RACK_LOCAL, 12598 bytes)
[2026-05-09T13:50:44.232+0000] {subprocess.py:106} INFO - 26/05/09 13:50:44 INFO BlockManagerInfo: Removed broadcast_24_piece0 on 00a554289257:45391 in memory (size: 78.3 KiB, free: 93.3 MiB)
[2026-05-09T13:50:44.233+0000] {subprocess.py:106} INFO - 26/05/09 13:50:44 INFO BlockManagerInfo: Removed broadcast_24_piece0 on 6303bebb27dc:33103 in memory (size: 78.3 KiB, free: 93.2 MiB)
[2026-05-09T13:50:44.240+0000] {subprocess.py:106} INFO - 26/05/09 13:50:44 INFO BlockManagerInfo: Removed broadcast_23_piece0 on 172.30.1.13:37901 in memory (size: 35.1 KiB, free: 434.3 MiB)
[2026-05-09T13:50:44.243+0000] {subprocess.py:106} INFO - 26/05/09 13:50:44 INFO BlockManagerInfo: Removed broadcast_23_piece0 on 00a554289257:45391 in memory (size: 35.1 KiB, free: 93.3 MiB)
[2026-05-09T13:50:44.247+0000] {subprocess.py:106} INFO - 26/05/09 13:50:44 INFO BlockManagerInfo: Added broadcast_26_piece0 in memory on 00a554289257:45391 (size: 8.8 KiB, free: 93.3 MiB)
[2026-05-09T13:50:44.264+0000] {subprocess.py:106} INFO - 26/05/09 13:50:44 INFO BlockManagerInfo: Removed broadcast_23_piece0 on 6303bebb27dc:33103 in memory (size: 35.1 KiB, free: 93.3 MiB)
[2026-05-09T13:50:44.271+0000] {subprocess.py:106} INFO - 26/05/09 13:50:44 INFO BlockManagerInfo: Added broadcast_26_piece0 in memory on 6303bebb27dc:33103 (size: 8.8 KiB, free: 93.2 MiB)
[2026-05-09T13:50:44.285+0000] {subprocess.py:106} INFO - 26/05/09 13:50:44 INFO BlockManagerInfo: Added broadcast_25_piece0 in memory on 00a554289257:45391 (size: 35.1 KiB, free: 93.3 MiB)
[2026-05-09T13:50:44.351+0000] {subprocess.py:106} INFO - 26/05/09 13:50:44 INFO BlockManagerInfo: Added broadcast_25_piece0 in memory on 6303bebb27dc:33103 (size: 35.1 KiB, free: 93.2 MiB)
[2026-05-09T13:50:44.696+0000] {subprocess.py:106} INFO - 26/05/09 13:50:44 INFO TaskSetManager: Starting task 2.0 in stage 20.0 (TID 40) (00a554289257, executor 1, partition 2, RACK_LOCAL, 12602 bytes)
[2026-05-09T13:50:44.698+0000] {subprocess.py:106} INFO - 26/05/09 13:50:44 INFO TaskSetManager: Finished task 0.0 in stage 20.0 (TID 38) in 515 ms on 00a554289257 (executor 1) (1/4)
[2026-05-09T13:50:44.754+0000] {subprocess.py:106} INFO - 26/05/09 13:50:44 INFO TaskSetManager: Starting task 3.0 in stage 20.0 (TID 41) (6303bebb27dc, executor 2, partition 3, RACK_LOCAL, 9242 bytes)
[2026-05-09T13:50:44.756+0000] {subprocess.py:106} INFO - 26/05/09 13:50:44 INFO TaskSetManager: Finished task 1.0 in stage 20.0 (TID 39) in 573 ms on 6303bebb27dc (executor 2) (2/4)
[2026-05-09T13:50:44.866+0000] {subprocess.py:106} INFO - 26/05/09 13:50:44 INFO TaskSetManager: Finished task 3.0 in stage 20.0 (TID 41) in 113 ms on 6303bebb27dc (executor 2) (3/4)
[2026-05-09T13:50:45.032+0000] {subprocess.py:106} INFO - 26/05/09 13:50:45 INFO TaskSetManager: Finished task 2.0 in stage 20.0 (TID 40) in 342 ms on 00a554289257 (executor 1) (4/4)
[2026-05-09T13:50:45.033+0000] {subprocess.py:106} INFO - 26/05/09 13:50:45 INFO YarnScheduler: Removed TaskSet 20.0, whose tasks have all completed, from pool
[2026-05-09T13:50:45.035+0000] {subprocess.py:106} INFO - 26/05/09 13:50:45 INFO DAGScheduler: ShuffleMapStage 20 (count at NativeMethodAccessorImpl.java:0) finished in 0.935 s
[2026-05-09T13:50:45.036+0000] {subprocess.py:106} INFO - 26/05/09 13:50:45 INFO DAGScheduler: looking for newly runnable stages
[2026-05-09T13:50:45.037+0000] {subprocess.py:106} INFO - 26/05/09 13:50:45 INFO DAGScheduler: running: Set()
[2026-05-09T13:50:45.037+0000] {subprocess.py:106} INFO - 26/05/09 13:50:45 INFO DAGScheduler: waiting: Set()
[2026-05-09T13:50:45.038+0000] {subprocess.py:106} INFO - 26/05/09 13:50:45 INFO DAGScheduler: failed: Set()
[2026-05-09T13:50:45.063+0000] {subprocess.py:106} INFO - 26/05/09 13:50:45 INFO SparkContext: Starting job: count at NativeMethodAccessorImpl.java:0
[2026-05-09T13:50:45.066+0000] {subprocess.py:106} INFO - 26/05/09 13:50:45 INFO DAGScheduler: Got job 16 (count at NativeMethodAccessorImpl.java:0) with 1 output partitions
[2026-05-09T13:50:45.067+0000] {subprocess.py:106} INFO - 26/05/09 13:50:45 INFO DAGScheduler: Final stage: ResultStage 22 (count at NativeMethodAccessorImpl.java:0)
[2026-05-09T13:50:45.068+0000] {subprocess.py:106} INFO - 26/05/09 13:50:45 INFO DAGScheduler: Parents of final stage: List(ShuffleMapStage 21)
[2026-05-09T13:50:45.069+0000] {subprocess.py:106} INFO - 26/05/09 13:50:45 INFO DAGScheduler: Missing parents: List()
[2026-05-09T13:50:45.070+0000] {subprocess.py:106} INFO - 26/05/09 13:50:45 INFO DAGScheduler: Submitting ResultStage 22 (MapPartitionsRDD[56] at count at NativeMethodAccessorImpl.java:0), which has no missing parents
[2026-05-09T13:50:45.071+0000] {subprocess.py:106} INFO - 26/05/09 13:50:45 INFO MemoryStore: Block broadcast_27 stored as values in memory (estimated size 12.5 KiB, free 433.9 MiB)
[2026-05-09T13:50:45.072+0000] {subprocess.py:106} INFO - 26/05/09 13:50:45 INFO MemoryStore: Block broadcast_27_piece0 stored as bytes in memory (estimated size 6.0 KiB, free 433.9 MiB)
[2026-05-09T13:50:45.073+0000] {subprocess.py:106} INFO - 26/05/09 13:50:45 INFO BlockManagerInfo: Added broadcast_27_piece0 in memory on 172.30.1.13:37901 (size: 6.0 KiB, free: 434.3 MiB)
[2026-05-09T13:50:45.075+0000] {subprocess.py:106} INFO - 26/05/09 13:50:45 INFO SparkContext: Created broadcast 27 from broadcast at DAGScheduler.scala:1580
[2026-05-09T13:50:45.076+0000] {subprocess.py:106} INFO - 26/05/09 13:50:45 INFO DAGScheduler: Submitting 1 missing tasks from ResultStage 22 (MapPartitionsRDD[56] at count at NativeMethodAccessorImpl.java:0) (first 15 tasks are for partitions Vector(0))
[2026-05-09T13:50:45.077+0000] {subprocess.py:106} INFO - 26/05/09 13:50:45 INFO YarnScheduler: Adding task set 22.0 with 1 tasks resource profile 0
[2026-05-09T13:50:45.080+0000] {subprocess.py:106} INFO - 26/05/09 13:50:45 INFO TaskSetManager: Starting task 0.0 in stage 22.0 (TID 42) (6303bebb27dc, executor 2, partition 0, NODE_LOCAL, 7626 bytes)
[2026-05-09T13:50:45.097+0000] {subprocess.py:106} INFO - 26/05/09 13:50:45 INFO BlockManagerInfo: Added broadcast_27_piece0 in memory on 6303bebb27dc:33103 (size: 6.0 KiB, free: 93.2 MiB)
[2026-05-09T13:50:45.107+0000] {subprocess.py:106} INFO - 26/05/09 13:50:45 INFO MapOutputTrackerMasterEndpoint: Asked to send map output locations for shuffle 5 to 172.30.1.25:36956
[2026-05-09T13:50:45.169+0000] {subprocess.py:106} INFO - 26/05/09 13:50:45 INFO TaskSetManager: Finished task 0.0 in stage 22.0 (TID 42) in 89 ms on 6303bebb27dc (executor 2) (1/1)
[2026-05-09T13:50:45.172+0000] {subprocess.py:106} INFO - 26/05/09 13:50:45 INFO YarnScheduler: Removed TaskSet 22.0, whose tasks have all completed, from pool
[2026-05-09T13:50:45.175+0000] {subprocess.py:106} INFO - 26/05/09 13:50:45 INFO DAGScheduler: ResultStage 22 (count at NativeMethodAccessorImpl.java:0) finished in 0.103 s
[2026-05-09T13:50:45.176+0000] {subprocess.py:106} INFO - 26/05/09 13:50:45 INFO DAGScheduler: Job 16 is finished. Cancelling potential speculative or zombie tasks for this job
[2026-05-09T13:50:45.177+0000] {subprocess.py:106} INFO - 26/05/09 13:50:45 INFO YarnScheduler: Killing all running tasks in stage 22: Stage finished
[2026-05-09T13:50:45.178+0000] {subprocess.py:106} INFO - 26/05/09 13:50:45 INFO DAGScheduler: Job 16 finished: count at NativeMethodAccessorImpl.java:0, took 0.106865 s
[2026-05-09T13:50:45.184+0000] {subprocess.py:106} INFO - ⚡ 103886 rows found!
[2026-05-09T13:50:45.200+0000] {subprocess.py:106} INFO - 26/05/09 13:50:45 INFO FileSourceStrategy: Pushed Filters:
[2026-05-09T13:50:45.201+0000] {subprocess.py:106} INFO - 26/05/09 13:50:45 INFO FileSourceStrategy: Post-Scan Filters:
[2026-05-09T13:50:45.218+0000] {subprocess.py:106} INFO - 26/05/09 13:50:45 INFO ParquetUtils: Using default output committer for Parquet: org.apache.parquet.hadoop.ParquetOutputCommitter
[2026-05-09T13:50:45.220+0000] {subprocess.py:106} INFO - 26/05/09 13:50:45 INFO FileOutputCommitter: File Output Committer Algorithm version is 1
[2026-05-09T13:50:45.221+0000] {subprocess.py:106} INFO - 26/05/09 13:50:45 INFO FileOutputCommitter: FileOutputCommitter skip cleanup _temporary folders under output directory:false, ignore cleanup failures: false
[2026-05-09T13:50:45.222+0000] {subprocess.py:106} INFO - 26/05/09 13:50:45 INFO SQLHadoopMapReduceCommitProtocol: Using user defined output committer class org.apache.parquet.hadoop.ParquetOutputCommitter
[2026-05-09T13:50:45.223+0000] {subprocess.py:106} INFO - 26/05/09 13:50:45 INFO FileOutputCommitter: File Output Committer Algorithm version is 1
[2026-05-09T13:50:45.224+0000] {subprocess.py:106} INFO - 26/05/09 13:50:45 INFO FileOutputCommitter: FileOutputCommitter skip cleanup _temporary folders under output directory:false, ignore cleanup failures: false
[2026-05-09T13:50:45.225+0000] {subprocess.py:106} INFO - 26/05/09 13:50:45 INFO SQLHadoopMapReduceCommitProtocol: Using output committer class org.apache.parquet.hadoop.ParquetOutputCommitter
[2026-05-09T13:50:45.229+0000] {subprocess.py:106} INFO - 26/05/09 13:50:45 INFO MemoryStore: Block broadcast_28 stored as values in memory (estimated size 206.3 KiB, free 433.7 MiB)
[2026-05-09T13:50:45.239+0000] {subprocess.py:106} INFO - 26/05/09 13:50:45 INFO MemoryStore: Block broadcast_28_piece0 stored as bytes in memory (estimated size 35.1 KiB, free 433.6 MiB)
[2026-05-09T13:50:45.242+0000] {subprocess.py:106} INFO - 26/05/09 13:50:45 INFO BlockManagerInfo: Added broadcast_28_piece0 in memory on 172.30.1.13:37901 (size: 35.1 KiB, free: 434.3 MiB)
[2026-05-09T13:50:45.243+0000] {subprocess.py:106} INFO - 26/05/09 13:50:45 INFO SparkContext: Created broadcast 28 from save at NativeMethodAccessorImpl.java:0
[2026-05-09T13:50:45.244+0000] {subprocess.py:106} INFO - 26/05/09 13:50:45 INFO FileSourceScanExec: Planning scan with bin packing, max size: 134217728 bytes, open cost is considered as scanning 4194304 bytes.
[2026-05-09T13:50:45.270+0000] {subprocess.py:106} INFO - 26/05/09 13:50:45 INFO SparkContext: Starting job: save at NativeMethodAccessorImpl.java:0
[2026-05-09T13:50:45.271+0000] {subprocess.py:106} INFO - 26/05/09 13:50:45 INFO DAGScheduler: Got job 17 (save at NativeMethodAccessorImpl.java:0) with 4 output partitions
[2026-05-09T13:50:45.273+0000] {subprocess.py:106} INFO - 26/05/09 13:50:45 INFO DAGScheduler: Final stage: ResultStage 23 (save at NativeMethodAccessorImpl.java:0)
[2026-05-09T13:50:45.273+0000] {subprocess.py:106} INFO - 26/05/09 13:50:45 INFO DAGScheduler: Parents of final stage: List()
[2026-05-09T13:50:45.274+0000] {subprocess.py:106} INFO - 26/05/09 13:50:45 INFO DAGScheduler: Missing parents: List()
[2026-05-09T13:50:45.275+0000] {subprocess.py:106} INFO - 26/05/09 13:50:45 INFO DAGScheduler: Submitting ResultStage 23 (MapPartitionsRDD[59] at save at NativeMethodAccessorImpl.java:0), which has no missing parents
[2026-05-09T13:50:45.291+0000] {subprocess.py:106} INFO - 26/05/09 13:50:45 INFO MemoryStore: Block broadcast_29 stored as values in memory (estimated size 215.7 KiB, free 433.4 MiB)
[2026-05-09T13:50:45.300+0000] {subprocess.py:106} INFO - 26/05/09 13:50:45 INFO MemoryStore: Block broadcast_29_piece0 stored as bytes in memory (estimated size 78.5 KiB, free 433.3 MiB)
[2026-05-09T13:50:45.302+0000] {subprocess.py:106} INFO - 26/05/09 13:50:45 INFO BlockManagerInfo: Added broadcast_29_piece0 in memory on 172.30.1.13:37901 (size: 78.5 KiB, free: 434.2 MiB)
[2026-05-09T13:50:45.303+0000] {subprocess.py:106} INFO - 26/05/09 13:50:45 INFO SparkContext: Created broadcast 29 from broadcast at DAGScheduler.scala:1580
[2026-05-09T13:50:45.304+0000] {subprocess.py:106} INFO - 26/05/09 13:50:45 INFO DAGScheduler: Submitting 4 missing tasks from ResultStage 23 (MapPartitionsRDD[59] at save at NativeMethodAccessorImpl.java:0) (first 15 tasks are for partitions Vector(0, 1, 2, 3))
[2026-05-09T13:50:45.307+0000] {subprocess.py:106} INFO - 26/05/09 13:50:45 INFO YarnScheduler: Adding task set 23.0 with 4 tasks resource profile 0
[2026-05-09T13:50:45.309+0000] {subprocess.py:106} INFO - 26/05/09 13:50:45 INFO BlockManagerInfo: Removed broadcast_26_piece0 on 172.30.1.13:37901 in memory (size: 8.8 KiB, free: 434.2 MiB)
[2026-05-09T13:50:45.309+0000] {subprocess.py:106} INFO - 26/05/09 13:50:45 INFO TaskSetManager: Starting task 0.0 in stage 23.0 (TID 43) (00a554289257, executor 1, partition 0, RACK_LOCAL, 12609 bytes)
[2026-05-09T13:50:45.310+0000] {subprocess.py:106} INFO - 26/05/09 13:50:45 INFO TaskSetManager: Starting task 1.0 in stage 23.0 (TID 44) (6303bebb27dc, executor 2, partition 1, RACK_LOCAL, 12609 bytes)
[2026-05-09T13:50:45.311+0000] {subprocess.py:106} INFO - 26/05/09 13:50:45 INFO BlockManagerInfo: Removed broadcast_26_piece0 on 00a554289257:45391 in memory (size: 8.8 KiB, free: 93.3 MiB)
[2026-05-09T13:50:45.317+0000] {subprocess.py:106} INFO - 26/05/09 13:50:45 INFO BlockManagerInfo: Removed broadcast_26_piece0 on 6303bebb27dc:33103 in memory (size: 8.8 KiB, free: 93.2 MiB)
[2026-05-09T13:50:45.335+0000] {subprocess.py:106} INFO - 26/05/09 13:50:45 INFO BlockManagerInfo: Removed broadcast_27_piece0 on 172.30.1.13:37901 in memory (size: 6.0 KiB, free: 434.2 MiB)
[2026-05-09T13:50:45.337+0000] {subprocess.py:106} INFO - 26/05/09 13:50:45 INFO BlockManagerInfo: Removed broadcast_27_piece0 on 6303bebb27dc:33103 in memory (size: 6.0 KiB, free: 93.2 MiB)
[2026-05-09T13:50:45.343+0000] {subprocess.py:106} INFO - 26/05/09 13:50:45 INFO BlockManagerInfo: Added broadcast_29_piece0 in memory on 6303bebb27dc:33103 (size: 78.5 KiB, free: 93.1 MiB)
[2026-05-09T13:50:45.345+0000] {subprocess.py:106} INFO - 26/05/09 13:50:45 INFO BlockManagerInfo: Added broadcast_29_piece0 in memory on 00a554289257:45391 (size: 78.5 KiB, free: 93.2 MiB)
[2026-05-09T13:50:45.349+0000] {subprocess.py:106} INFO - 26/05/09 13:50:45 INFO BlockManagerInfo: Removed broadcast_25_piece0 on 172.30.1.13:37901 in memory (size: 35.1 KiB, free: 434.2 MiB)
[2026-05-09T13:50:45.351+0000] {subprocess.py:106} INFO - 26/05/09 13:50:45 INFO BlockManagerInfo: Removed broadcast_25_piece0 on 6303bebb27dc:33103 in memory (size: 35.1 KiB, free: 93.2 MiB)
[2026-05-09T13:50:45.357+0000] {subprocess.py:106} INFO - 26/05/09 13:50:45 INFO BlockManagerInfo: Removed broadcast_25_piece0 on 00a554289257:45391 in memory (size: 35.1 KiB, free: 93.2 MiB)
[2026-05-09T13:50:45.404+0000] {subprocess.py:106} INFO - 26/05/09 13:50:45 INFO BlockManagerInfo: Added broadcast_28_piece0 in memory on 6303bebb27dc:33103 (size: 35.1 KiB, free: 93.1 MiB)
[2026-05-09T13:50:45.426+0000] {subprocess.py:106} INFO - 26/05/09 13:50:45 INFO BlockManagerInfo: Added broadcast_28_piece0 in memory on 00a554289257:45391 (size: 35.1 KiB, free: 93.2 MiB)
[2026-05-09T13:50:45.885+0000] {subprocess.py:106} INFO - 26/05/09 13:50:45 INFO TaskSetManager: Starting task 2.0 in stage 23.0 (TID 45) (6303bebb27dc, executor 2, partition 2, RACK_LOCAL, 12613 bytes)
[2026-05-09T13:50:45.888+0000] {subprocess.py:106} INFO - 26/05/09 13:50:45 INFO TaskSetManager: Finished task 1.0 in stage 23.0 (TID 44) in 582 ms on 6303bebb27dc (executor 2) (1/4)
[2026-05-09T13:50:45.909+0000] {subprocess.py:106} INFO - 26/05/09 13:50:45 INFO TaskSetManager: Starting task 3.0 in stage 23.0 (TID 46) (00a554289257, executor 1, partition 3, RACK_LOCAL, 9253 bytes)
[2026-05-09T13:50:45.910+0000] {subprocess.py:106} INFO - 26/05/09 13:50:45 INFO TaskSetManager: Finished task 0.0 in stage 23.0 (TID 43) in 604 ms on 00a554289257 (executor 1) (2/4)
[2026-05-09T13:50:46.121+0000] {subprocess.py:106} INFO - 26/05/09 13:50:46 INFO TaskSetManager: Finished task 3.0 in stage 23.0 (TID 46) in 210 ms on 00a554289257 (executor 1) (3/4)
[2026-05-09T13:50:46.353+0000] {subprocess.py:106} INFO - 26/05/09 13:50:46 INFO TaskSetManager: Finished task 2.0 in stage 23.0 (TID 45) in 470 ms on 6303bebb27dc (executor 2) (4/4)
[2026-05-09T13:50:46.355+0000] {subprocess.py:106} INFO - 26/05/09 13:50:46 INFO YarnScheduler: Removed TaskSet 23.0, whose tasks have all completed, from pool
[2026-05-09T13:50:46.356+0000] {subprocess.py:106} INFO - 26/05/09 13:50:46 INFO DAGScheduler: ResultStage 23 (save at NativeMethodAccessorImpl.java:0) finished in 1.078 s
[2026-05-09T13:50:46.357+0000] {subprocess.py:106} INFO - 26/05/09 13:50:46 INFO DAGScheduler: Job 17 is finished. Cancelling potential speculative or zombie tasks for this job
[2026-05-09T13:50:46.358+0000] {subprocess.py:106} INFO - 26/05/09 13:50:46 INFO YarnScheduler: Killing all running tasks in stage 23: Stage finished
[2026-05-09T13:50:46.358+0000] {subprocess.py:106} INFO - 26/05/09 13:50:46 INFO DAGScheduler: Job 17 finished: save at NativeMethodAccessorImpl.java:0, took 1.084513 s
[2026-05-09T13:50:46.359+0000] {subprocess.py:106} INFO - 26/05/09 13:50:46 INFO FileFormatWriter: Start to commit write Job 8a05ed2e-30b4-415f-b3f3-1702ecb04dbc.
[2026-05-09T13:50:46.391+0000] {subprocess.py:106} INFO - 26/05/09 13:50:46 INFO FileFormatWriter: Write Job 8a05ed2e-30b4-415f-b3f3-1702ecb04dbc committed. Elapsed time: 35 ms.
[2026-05-09T13:50:46.392+0000] {subprocess.py:106} INFO - 26/05/09 13:50:46 INFO FileFormatWriter: Finished processing stats for write job 8a05ed2e-30b4-415f-b3f3-1702ecb04dbc.
[2026-05-09T13:50:46.392+0000] {subprocess.py:106} INFO - ✅ payments saved to Bronze Layer!
[2026-05-09T13:50:46.393+0000] {subprocess.py:106} INFO - 
[2026-05-09T13:50:46.394+0000] {subprocess.py:106} INFO - 🎉 Extract complete!
[2026-05-09T13:50:46.394+0000] {subprocess.py:106} INFO - 26/05/09 13:50:46 INFO SparkContext: SparkContext is stopping with exitCode 0.
[2026-05-09T13:50:46.442+0000] {subprocess.py:106} INFO - 26/05/09 13:50:46 INFO SparkUI: Stopped Spark web UI at http://172.30.1.13:4041
[2026-05-09T13:50:46.448+0000] {subprocess.py:106} INFO - 26/05/09 13:50:46 INFO YarnClientSchedulerBackend: Interrupting monitor thread
[2026-05-09T13:50:46.529+0000] {subprocess.py:106} INFO - 26/05/09 13:50:46 INFO YarnClientSchedulerBackend: Shutting down all executors
[2026-05-09T13:50:46.530+0000] {subprocess.py:106} INFO - 26/05/09 13:50:46 INFO YarnSchedulerBackend$YarnDriverEndpoint: Asking each executor to shut down
[2026-05-09T13:50:46.542+0000] {subprocess.py:106} INFO - 26/05/09 13:50:46 INFO YarnClientSchedulerBackend: YARN client scheduler backend Stopped
[2026-05-09T13:50:46.553+0000] {subprocess.py:106} INFO - 26/05/09 13:50:46 INFO MapOutputTrackerMasterEndpoint: MapOutputTrackerMasterEndpoint stopped!
[2026-05-09T13:50:46.592+0000] {subprocess.py:106} INFO - 26/05/09 13:50:46 INFO MemoryStore: MemoryStore cleared
[2026-05-09T13:50:46.594+0000] {subprocess.py:106} INFO - 26/05/09 13:50:46 INFO BlockManager: BlockManager stopped
[2026-05-09T13:50:46.600+0000] {subprocess.py:106} INFO - 26/05/09 13:50:46 INFO BlockManagerMaster: BlockManagerMaster stopped
[2026-05-09T13:50:46.605+0000] {subprocess.py:106} INFO - 26/05/09 13:50:46 INFO OutputCommitCoordinator$OutputCommitCoordinatorEndpoint: OutputCommitCoordinator stopped!
[2026-05-09T13:50:46.652+0000] {subprocess.py:106} INFO - 26/05/09 13:50:46 INFO SparkContext: Successfully stopped SparkContext
[2026-05-09T13:50:47.090+0000] {subprocess.py:106} INFO - 🛑 Spark Stopped.
[2026-05-09T13:50:48.340+0000] {subprocess.py:106} INFO - 26/05/09 13:50:48 INFO ShutdownHookManager: Shutdown hook called
[2026-05-09T13:50:48.341+0000] {subprocess.py:106} INFO - 26/05/09 13:50:48 INFO ShutdownHookManager: Deleting directory /tmp/spark-73d8b775-5407-4706-a805-61891111e502
[2026-05-09T13:50:48.348+0000] {subprocess.py:106} INFO - 26/05/09 13:50:48 INFO ShutdownHookManager: Deleting directory /tmp/spark-73d8b775-5407-4706-a805-61891111e502/pyspark-717f96b0-8631-4ec2-a91b-3c4a63f98cbe
[2026-05-09T13:50:48.354+0000] {subprocess.py:106} INFO - 26/05/09 13:50:48 INFO ShutdownHookManager: Deleting directory /tmp/spark-7f208316-445f-47a7-88dc-4185ee7ff203
[2026-05-09T13:50:48.516+0000] {subprocess.py:110} INFO - Command exited with return code 0
[2026-05-09T13:50:48.567+0000] {taskinstance.py:340} INFO - ::group::Post task execution logs
[2026-05-09T13:50:48.568+0000] {taskinstance.py:352} INFO - Marking task as SUCCESS. dag_id=ecommerce_etl_pipeline, task_id=extract, run_id=manual__2026-05-09T13:49:11.508385+00:00, execution_date=20260509T134911, start_date=20260509T134917, end_date=20260509T135048
[2026-05-09T13:50:48.604+0000] {local_task_job_runner.py:266} INFO - Task exited with return code 0
[2026-05-09T13:50:48.649+0000] {taskinstance.py:3895} INFO - 1 downstream tasks scheduled from follow-on schedule check
[2026-05-09T13:50:48.652+0000] {local_task_job_runner.py:245} INFO - ::endgroup::
