[2026-05-09T13:38:24.029+0000] {processor.py:186} INFO - Started process (PID=191) to work on /opt/airflow/dags/ecommerce_etl_dag.py
[2026-05-09T13:38:24.030+0000] {processor.py:914} INFO - Processing file /opt/airflow/dags/ecommerce_etl_dag.py for tasks to queue
[2026-05-09T13:38:24.034+0000] {logging_mixin.py:190} INFO - [2026-05-09T13:38:24.033+0000] {dagbag.py:588} INFO - Filling up the DagBag from /opt/airflow/dags/ecommerce_etl_dag.py
[2026-05-09T13:38:24.111+0000] {processor.py:925} INFO - DAG(s) 'ecommerce_etl_pipeline' retrieved from /opt/airflow/dags/ecommerce_etl_dag.py
[2026-05-09T13:38:24.525+0000] {logging_mixin.py:190} INFO - [2026-05-09T13:38:24.524+0000] {override.py:1911} INFO - Created Permission View: can edit on DAG:ecommerce_etl_pipeline
[2026-05-09T13:38:24.536+0000] {logging_mixin.py:190} INFO - [2026-05-09T13:38:24.535+0000] {override.py:1911} INFO - Created Permission View: can delete on DAG:ecommerce_etl_pipeline
[2026-05-09T13:38:24.543+0000] {logging_mixin.py:190} INFO - [2026-05-09T13:38:24.542+0000] {override.py:1911} INFO - Created Permission View: can read on DAG:ecommerce_etl_pipeline
[2026-05-09T13:38:24.550+0000] {logging_mixin.py:190} INFO - [2026-05-09T13:38:24.550+0000] {override.py:1911} INFO - Created Permission View: menu access on DAG Run:ecommerce_etl_pipeline
[2026-05-09T13:38:24.558+0000] {logging_mixin.py:190} INFO - [2026-05-09T13:38:24.558+0000] {override.py:1911} INFO - Created Permission View: can create on DAG Run:ecommerce_etl_pipeline
[2026-05-09T13:38:24.565+0000] {logging_mixin.py:190} INFO - [2026-05-09T13:38:24.565+0000] {override.py:1911} INFO - Created Permission View: can delete on DAG Run:ecommerce_etl_pipeline
[2026-05-09T13:38:24.572+0000] {logging_mixin.py:190} INFO - [2026-05-09T13:38:24.571+0000] {override.py:1911} INFO - Created Permission View: can read on DAG Run:ecommerce_etl_pipeline
[2026-05-09T13:38:24.572+0000] {logging_mixin.py:190} INFO - [2026-05-09T13:38:24.572+0000] {dag.py:3239} INFO - Sync 1 DAGs
[2026-05-09T13:38:24.593+0000] {logging_mixin.py:190} INFO - [2026-05-09T13:38:24.593+0000] {dag.py:3262} INFO - Creating ORM DAG for ecommerce_etl_pipeline
[2026-05-09T13:38:24.608+0000] {logging_mixin.py:190} INFO - [2026-05-09T13:38:24.607+0000] {dag.py:4180} INFO - Setting next_dagrun for ecommerce_etl_pipeline to 2026-05-08 00:00:00+00:00, run_after=2026-05-09 00:00:00+00:00
[2026-05-09T13:38:24.631+0000] {processor.py:208} INFO - Processing /opt/airflow/dags/ecommerce_etl_dag.py took 0.611 seconds
[2026-05-09T13:38:55.042+0000] {processor.py:186} INFO - Started process (PID=202) to work on /opt/airflow/dags/ecommerce_etl_dag.py
[2026-05-09T13:38:55.044+0000] {processor.py:914} INFO - Processing file /opt/airflow/dags/ecommerce_etl_dag.py for tasks to queue
[2026-05-09T13:38:55.049+0000] {logging_mixin.py:190} INFO - [2026-05-09T13:38:55.048+0000] {dagbag.py:588} INFO - Filling up the DagBag from /opt/airflow/dags/ecommerce_etl_dag.py
[2026-05-09T13:38:55.088+0000] {processor.py:925} INFO - DAG(s) 'ecommerce_etl_pipeline' retrieved from /opt/airflow/dags/ecommerce_etl_dag.py
[2026-05-09T13:38:55.133+0000] {logging_mixin.py:190} INFO - [2026-05-09T13:38:55.132+0000] {dag.py:3239} INFO - Sync 1 DAGs
[2026-05-09T13:38:55.165+0000] {logging_mixin.py:190} INFO - [2026-05-09T13:38:55.165+0000] {dag.py:4180} INFO - Setting next_dagrun for ecommerce_etl_pipeline to 2026-05-08 00:00:00+00:00, run_after=2026-05-09 00:00:00+00:00
[2026-05-09T13:38:55.192+0000] {processor.py:208} INFO - Processing /opt/airflow/dags/ecommerce_etl_dag.py took 0.159 seconds
[2026-05-09T13:39:25.304+0000] {processor.py:186} INFO - Started process (PID=263) to work on /opt/airflow/dags/ecommerce_etl_dag.py
[2026-05-09T13:39:25.306+0000] {processor.py:914} INFO - Processing file /opt/airflow/dags/ecommerce_etl_dag.py for tasks to queue
[2026-05-09T13:39:25.311+0000] {logging_mixin.py:190} INFO - [2026-05-09T13:39:25.310+0000] {dagbag.py:588} INFO - Filling up the DagBag from /opt/airflow/dags/ecommerce_etl_dag.py
[2026-05-09T13:39:25.344+0000] {processor.py:925} INFO - DAG(s) 'ecommerce_etl_pipeline' retrieved from /opt/airflow/dags/ecommerce_etl_dag.py
[2026-05-09T13:39:25.384+0000] {logging_mixin.py:190} INFO - [2026-05-09T13:39:25.384+0000] {dag.py:3239} INFO - Sync 1 DAGs
[2026-05-09T13:39:25.419+0000] {logging_mixin.py:190} INFO - [2026-05-09T13:39:25.419+0000] {dag.py:4180} INFO - Setting next_dagrun for ecommerce_etl_pipeline to 2026-05-09 00:00:00+00:00, run_after=2026-05-10 00:00:00+00:00
[2026-05-09T13:39:25.445+0000] {processor.py:208} INFO - Processing /opt/airflow/dags/ecommerce_etl_dag.py took 0.149 seconds
[2026-05-09T13:39:55.685+0000] {processor.py:186} INFO - Started process (PID=274) to work on /opt/airflow/dags/ecommerce_etl_dag.py
[2026-05-09T13:39:55.687+0000] {processor.py:914} INFO - Processing file /opt/airflow/dags/ecommerce_etl_dag.py for tasks to queue
[2026-05-09T13:39:55.691+0000] {logging_mixin.py:190} INFO - [2026-05-09T13:39:55.690+0000] {dagbag.py:588} INFO - Filling up the DagBag from /opt/airflow/dags/ecommerce_etl_dag.py
[2026-05-09T13:39:55.724+0000] {processor.py:925} INFO - DAG(s) 'ecommerce_etl_pipeline' retrieved from /opt/airflow/dags/ecommerce_etl_dag.py
[2026-05-09T13:39:55.760+0000] {logging_mixin.py:190} INFO - [2026-05-09T13:39:55.760+0000] {dag.py:3239} INFO - Sync 1 DAGs
[2026-05-09T13:39:55.792+0000] {logging_mixin.py:190} INFO - [2026-05-09T13:39:55.792+0000] {dag.py:4180} INFO - Setting next_dagrun for ecommerce_etl_pipeline to 2026-05-09 00:00:00+00:00, run_after=2026-05-10 00:00:00+00:00
[2026-05-09T13:39:55.815+0000] {processor.py:208} INFO - Processing /opt/airflow/dags/ecommerce_etl_dag.py took 0.139 seconds
[2026-05-09T13:40:25.922+0000] {processor.py:186} INFO - Started process (PID=285) to work on /opt/airflow/dags/ecommerce_etl_dag.py
[2026-05-09T13:40:25.924+0000] {processor.py:914} INFO - Processing file /opt/airflow/dags/ecommerce_etl_dag.py for tasks to queue
[2026-05-09T13:40:25.927+0000] {logging_mixin.py:190} INFO - [2026-05-09T13:40:25.926+0000] {dagbag.py:588} INFO - Filling up the DagBag from /opt/airflow/dags/ecommerce_etl_dag.py
[2026-05-09T13:40:25.958+0000] {processor.py:925} INFO - DAG(s) 'ecommerce_etl_pipeline' retrieved from /opt/airflow/dags/ecommerce_etl_dag.py
[2026-05-09T13:40:25.995+0000] {logging_mixin.py:190} INFO - [2026-05-09T13:40:25.995+0000] {dag.py:3239} INFO - Sync 1 DAGs
[2026-05-09T13:40:26.029+0000] {logging_mixin.py:190} INFO - [2026-05-09T13:40:26.028+0000] {dag.py:4180} INFO - Setting next_dagrun for ecommerce_etl_pipeline to 2026-05-09 00:00:00+00:00, run_after=2026-05-10 00:00:00+00:00
[2026-05-09T13:40:26.052+0000] {processor.py:208} INFO - Processing /opt/airflow/dags/ecommerce_etl_dag.py took 0.137 seconds
[2026-05-09T13:40:56.303+0000] {processor.py:186} INFO - Started process (PID=296) to work on /opt/airflow/dags/ecommerce_etl_dag.py
[2026-05-09T13:40:56.305+0000] {processor.py:914} INFO - Processing file /opt/airflow/dags/ecommerce_etl_dag.py for tasks to queue
[2026-05-09T13:40:56.309+0000] {logging_mixin.py:190} INFO - [2026-05-09T13:40:56.308+0000] {dagbag.py:588} INFO - Filling up the DagBag from /opt/airflow/dags/ecommerce_etl_dag.py
[2026-05-09T13:40:56.345+0000] {processor.py:925} INFO - DAG(s) 'ecommerce_etl_pipeline' retrieved from /opt/airflow/dags/ecommerce_etl_dag.py
[2026-05-09T13:40:56.383+0000] {logging_mixin.py:190} INFO - [2026-05-09T13:40:56.383+0000] {dag.py:3239} INFO - Sync 1 DAGs
[2026-05-09T13:40:56.417+0000] {logging_mixin.py:190} INFO - [2026-05-09T13:40:56.416+0000] {dag.py:4180} INFO - Setting next_dagrun for ecommerce_etl_pipeline to 2026-05-09 00:00:00+00:00, run_after=2026-05-10 00:00:00+00:00
[2026-05-09T13:40:56.441+0000] {processor.py:208} INFO - Processing /opt/airflow/dags/ecommerce_etl_dag.py took 0.148 seconds
[2026-05-09T13:41:26.541+0000] {processor.py:186} INFO - Started process (PID=307) to work on /opt/airflow/dags/ecommerce_etl_dag.py
[2026-05-09T13:41:26.542+0000] {processor.py:914} INFO - Processing file /opt/airflow/dags/ecommerce_etl_dag.py for tasks to queue
[2026-05-09T13:41:26.547+0000] {logging_mixin.py:190} INFO - [2026-05-09T13:41:26.547+0000] {dagbag.py:588} INFO - Filling up the DagBag from /opt/airflow/dags/ecommerce_etl_dag.py
[2026-05-09T13:41:26.583+0000] {processor.py:925} INFO - DAG(s) 'ecommerce_etl_pipeline' retrieved from /opt/airflow/dags/ecommerce_etl_dag.py
[2026-05-09T13:41:26.623+0000] {logging_mixin.py:190} INFO - [2026-05-09T13:41:26.623+0000] {dag.py:3239} INFO - Sync 1 DAGs
[2026-05-09T13:41:26.654+0000] {logging_mixin.py:190} INFO - [2026-05-09T13:41:26.654+0000] {dag.py:4180} INFO - Setting next_dagrun for ecommerce_etl_pipeline to 2026-05-09 00:00:00+00:00, run_after=2026-05-10 00:00:00+00:00
[2026-05-09T13:41:26.688+0000] {processor.py:208} INFO - Processing /opt/airflow/dags/ecommerce_etl_dag.py took 0.156 seconds
[2026-05-09T13:41:56.964+0000] {processor.py:186} INFO - Started process (PID=318) to work on /opt/airflow/dags/ecommerce_etl_dag.py
[2026-05-09T13:41:56.966+0000] {processor.py:914} INFO - Processing file /opt/airflow/dags/ecommerce_etl_dag.py for tasks to queue
[2026-05-09T13:41:56.971+0000] {logging_mixin.py:190} INFO - [2026-05-09T13:41:56.971+0000] {dagbag.py:588} INFO - Filling up the DagBag from /opt/airflow/dags/ecommerce_etl_dag.py
[2026-05-09T13:41:57.006+0000] {processor.py:925} INFO - DAG(s) 'ecommerce_etl_pipeline' retrieved from /opt/airflow/dags/ecommerce_etl_dag.py
[2026-05-09T13:41:57.043+0000] {logging_mixin.py:190} INFO - [2026-05-09T13:41:57.043+0000] {dag.py:3239} INFO - Sync 1 DAGs
[2026-05-09T13:41:57.079+0000] {logging_mixin.py:190} INFO - [2026-05-09T13:41:57.078+0000] {dag.py:4180} INFO - Setting next_dagrun for ecommerce_etl_pipeline to 2026-05-09 00:00:00+00:00, run_after=2026-05-10 00:00:00+00:00
[2026-05-09T13:41:57.106+0000] {processor.py:208} INFO - Processing /opt/airflow/dags/ecommerce_etl_dag.py took 0.151 seconds
[2026-05-09T13:42:27.243+0000] {processor.py:186} INFO - Started process (PID=354) to work on /opt/airflow/dags/ecommerce_etl_dag.py
[2026-05-09T13:42:27.244+0000] {processor.py:914} INFO - Processing file /opt/airflow/dags/ecommerce_etl_dag.py for tasks to queue
[2026-05-09T13:42:27.249+0000] {logging_mixin.py:190} INFO - [2026-05-09T13:42:27.249+0000] {dagbag.py:588} INFO - Filling up the DagBag from /opt/airflow/dags/ecommerce_etl_dag.py
[2026-05-09T13:42:27.287+0000] {processor.py:925} INFO - DAG(s) 'ecommerce_etl_pipeline' retrieved from /opt/airflow/dags/ecommerce_etl_dag.py
[2026-05-09T13:42:27.327+0000] {logging_mixin.py:190} INFO - [2026-05-09T13:42:27.327+0000] {dag.py:3239} INFO - Sync 1 DAGs
[2026-05-09T13:42:27.364+0000] {logging_mixin.py:190} INFO - [2026-05-09T13:42:27.364+0000] {dag.py:4180} INFO - Setting next_dagrun for ecommerce_etl_pipeline to 2026-05-09 00:00:00+00:00, run_after=2026-05-10 00:00:00+00:00
[2026-05-09T13:42:27.390+0000] {processor.py:208} INFO - Processing /opt/airflow/dags/ecommerce_etl_dag.py took 0.157 seconds
[2026-05-09T13:42:57.640+0000] {processor.py:186} INFO - Started process (PID=365) to work on /opt/airflow/dags/ecommerce_etl_dag.py
[2026-05-09T13:42:57.642+0000] {processor.py:914} INFO - Processing file /opt/airflow/dags/ecommerce_etl_dag.py for tasks to queue
[2026-05-09T13:42:57.647+0000] {logging_mixin.py:190} INFO - [2026-05-09T13:42:57.647+0000] {dagbag.py:588} INFO - Filling up the DagBag from /opt/airflow/dags/ecommerce_etl_dag.py
[2026-05-09T13:42:57.689+0000] {processor.py:925} INFO - DAG(s) 'ecommerce_etl_pipeline' retrieved from /opt/airflow/dags/ecommerce_etl_dag.py
[2026-05-09T13:42:57.744+0000] {logging_mixin.py:190} INFO - [2026-05-09T13:42:57.744+0000] {dag.py:3239} INFO - Sync 1 DAGs
[2026-05-09T13:42:57.781+0000] {logging_mixin.py:190} INFO - [2026-05-09T13:42:57.781+0000] {dag.py:4180} INFO - Setting next_dagrun for ecommerce_etl_pipeline to 2026-05-09 00:00:00+00:00, run_after=2026-05-10 00:00:00+00:00
[2026-05-09T13:42:57.809+0000] {processor.py:208} INFO - Processing /opt/airflow/dags/ecommerce_etl_dag.py took 0.181 seconds
[2026-05-09T13:43:27.913+0000] {processor.py:186} INFO - Started process (PID=377) to work on /opt/airflow/dags/ecommerce_etl_dag.py
[2026-05-09T13:43:27.915+0000] {processor.py:914} INFO - Processing file /opt/airflow/dags/ecommerce_etl_dag.py for tasks to queue
[2026-05-09T13:43:27.920+0000] {logging_mixin.py:190} INFO - [2026-05-09T13:43:27.919+0000] {dagbag.py:588} INFO - Filling up the DagBag from /opt/airflow/dags/ecommerce_etl_dag.py
[2026-05-09T13:43:27.955+0000] {processor.py:925} INFO - DAG(s) 'ecommerce_etl_pipeline' retrieved from /opt/airflow/dags/ecommerce_etl_dag.py
[2026-05-09T13:43:27.996+0000] {logging_mixin.py:190} INFO - [2026-05-09T13:43:27.995+0000] {dag.py:3239} INFO - Sync 1 DAGs
[2026-05-09T13:43:28.033+0000] {logging_mixin.py:190} INFO - [2026-05-09T13:43:28.033+0000] {dag.py:4180} INFO - Setting next_dagrun for ecommerce_etl_pipeline to 2026-05-09 00:00:00+00:00, run_after=2026-05-10 00:00:00+00:00
[2026-05-09T13:43:28.058+0000] {processor.py:208} INFO - Processing /opt/airflow/dags/ecommerce_etl_dag.py took 0.155 seconds
[2026-05-09T13:43:58.178+0000] {processor.py:186} INFO - Started process (PID=388) to work on /opt/airflow/dags/ecommerce_etl_dag.py
[2026-05-09T13:43:58.180+0000] {processor.py:914} INFO - Processing file /opt/airflow/dags/ecommerce_etl_dag.py for tasks to queue
[2026-05-09T13:43:58.186+0000] {logging_mixin.py:190} INFO - [2026-05-09T13:43:58.185+0000] {dagbag.py:588} INFO - Filling up the DagBag from /opt/airflow/dags/ecommerce_etl_dag.py
[2026-05-09T13:43:58.223+0000] {processor.py:925} INFO - DAG(s) 'ecommerce_etl_pipeline' retrieved from /opt/airflow/dags/ecommerce_etl_dag.py
[2026-05-09T13:43:58.272+0000] {logging_mixin.py:190} INFO - [2026-05-09T13:43:58.271+0000] {dag.py:3239} INFO - Sync 1 DAGs
[2026-05-09T13:43:58.311+0000] {logging_mixin.py:190} INFO - [2026-05-09T13:43:58.311+0000] {dag.py:4180} INFO - Setting next_dagrun for ecommerce_etl_pipeline to 2026-05-09 00:00:00+00:00, run_after=2026-05-10 00:00:00+00:00
[2026-05-09T13:43:58.339+0000] {processor.py:208} INFO - Processing /opt/airflow/dags/ecommerce_etl_dag.py took 0.173 seconds
[2026-05-09T13:44:28.591+0000] {processor.py:186} INFO - Started process (PID=449) to work on /opt/airflow/dags/ecommerce_etl_dag.py
[2026-05-09T13:44:28.592+0000] {processor.py:914} INFO - Processing file /opt/airflow/dags/ecommerce_etl_dag.py for tasks to queue
[2026-05-09T13:44:28.595+0000] {logging_mixin.py:190} INFO - [2026-05-09T13:44:28.595+0000] {dagbag.py:588} INFO - Filling up the DagBag from /opt/airflow/dags/ecommerce_etl_dag.py
[2026-05-09T13:44:28.629+0000] {processor.py:925} INFO - DAG(s) 'ecommerce_etl_pipeline' retrieved from /opt/airflow/dags/ecommerce_etl_dag.py
[2026-05-09T13:44:28.675+0000] {logging_mixin.py:190} INFO - [2026-05-09T13:44:28.674+0000] {dag.py:3239} INFO - Sync 1 DAGs
[2026-05-09T13:44:28.712+0000] {logging_mixin.py:190} INFO - [2026-05-09T13:44:28.712+0000] {dag.py:4180} INFO - Setting next_dagrun for ecommerce_etl_pipeline to 2026-05-09 00:00:00+00:00, run_after=2026-05-10 00:00:00+00:00
[2026-05-09T13:44:28.740+0000] {processor.py:208} INFO - Processing /opt/airflow/dags/ecommerce_etl_dag.py took 0.157 seconds
[2026-05-09T13:44:58.844+0000] {processor.py:186} INFO - Started process (PID=460) to work on /opt/airflow/dags/ecommerce_etl_dag.py
[2026-05-09T13:44:58.845+0000] {processor.py:914} INFO - Processing file /opt/airflow/dags/ecommerce_etl_dag.py for tasks to queue
[2026-05-09T13:44:58.850+0000] {logging_mixin.py:190} INFO - [2026-05-09T13:44:58.849+0000] {dagbag.py:588} INFO - Filling up the DagBag from /opt/airflow/dags/ecommerce_etl_dag.py
[2026-05-09T13:44:58.883+0000] {processor.py:925} INFO - DAG(s) 'ecommerce_etl_pipeline' retrieved from /opt/airflow/dags/ecommerce_etl_dag.py
[2026-05-09T13:44:58.925+0000] {logging_mixin.py:190} INFO - [2026-05-09T13:44:58.925+0000] {dag.py:3239} INFO - Sync 1 DAGs
[2026-05-09T13:44:58.960+0000] {logging_mixin.py:190} INFO - [2026-05-09T13:44:58.960+0000] {dag.py:4180} INFO - Setting next_dagrun for ecommerce_etl_pipeline to 2026-05-09 00:00:00+00:00, run_after=2026-05-10 00:00:00+00:00
[2026-05-09T13:44:58.986+0000] {processor.py:208} INFO - Processing /opt/airflow/dags/ecommerce_etl_dag.py took 0.150 seconds
[2026-05-09T13:45:29.231+0000] {processor.py:186} INFO - Started process (PID=470) to work on /opt/airflow/dags/ecommerce_etl_dag.py
[2026-05-09T13:45:29.233+0000] {processor.py:914} INFO - Processing file /opt/airflow/dags/ecommerce_etl_dag.py for tasks to queue
[2026-05-09T13:45:29.237+0000] {logging_mixin.py:190} INFO - [2026-05-09T13:45:29.237+0000] {dagbag.py:588} INFO - Filling up the DagBag from /opt/airflow/dags/ecommerce_etl_dag.py
[2026-05-09T13:45:29.268+0000] {processor.py:925} INFO - DAG(s) 'ecommerce_etl_pipeline' retrieved from /opt/airflow/dags/ecommerce_etl_dag.py
[2026-05-09T13:45:29.308+0000] {logging_mixin.py:190} INFO - [2026-05-09T13:45:29.308+0000] {dag.py:3239} INFO - Sync 1 DAGs
[2026-05-09T13:45:29.343+0000] {logging_mixin.py:190} INFO - [2026-05-09T13:45:29.343+0000] {dag.py:4180} INFO - Setting next_dagrun for ecommerce_etl_pipeline to 2026-05-09 00:00:00+00:00, run_after=2026-05-10 00:00:00+00:00
[2026-05-09T13:45:29.366+0000] {processor.py:208} INFO - Processing /opt/airflow/dags/ecommerce_etl_dag.py took 0.144 seconds
[2026-05-09T13:45:59.480+0000] {processor.py:186} INFO - Started process (PID=481) to work on /opt/airflow/dags/ecommerce_etl_dag.py
[2026-05-09T13:45:59.482+0000] {processor.py:914} INFO - Processing file /opt/airflow/dags/ecommerce_etl_dag.py for tasks to queue
[2026-05-09T13:45:59.487+0000] {logging_mixin.py:190} INFO - [2026-05-09T13:45:59.486+0000] {dagbag.py:588} INFO - Filling up the DagBag from /opt/airflow/dags/ecommerce_etl_dag.py
[2026-05-09T13:45:59.521+0000] {processor.py:925} INFO - DAG(s) 'ecommerce_etl_pipeline' retrieved from /opt/airflow/dags/ecommerce_etl_dag.py
[2026-05-09T13:45:59.562+0000] {logging_mixin.py:190} INFO - [2026-05-09T13:45:59.562+0000] {dag.py:3239} INFO - Sync 1 DAGs
[2026-05-09T13:45:59.600+0000] {logging_mixin.py:190} INFO - [2026-05-09T13:45:59.599+0000] {dag.py:4180} INFO - Setting next_dagrun for ecommerce_etl_pipeline to 2026-05-09 00:00:00+00:00, run_after=2026-05-10 00:00:00+00:00
[2026-05-09T13:45:59.628+0000] {processor.py:208} INFO - Processing /opt/airflow/dags/ecommerce_etl_dag.py took 0.156 seconds
[2026-05-09T13:46:29.914+0000] {processor.py:186} INFO - Started process (PID=492) to work on /opt/airflow/dags/ecommerce_etl_dag.py
[2026-05-09T13:46:29.916+0000] {processor.py:914} INFO - Processing file /opt/airflow/dags/ecommerce_etl_dag.py for tasks to queue
[2026-05-09T13:46:29.922+0000] {logging_mixin.py:190} INFO - [2026-05-09T13:46:29.922+0000] {dagbag.py:588} INFO - Filling up the DagBag from /opt/airflow/dags/ecommerce_etl_dag.py
[2026-05-09T13:46:29.963+0000] {processor.py:925} INFO - DAG(s) 'ecommerce_etl_pipeline' retrieved from /opt/airflow/dags/ecommerce_etl_dag.py
[2026-05-09T13:46:30.018+0000] {logging_mixin.py:190} INFO - [2026-05-09T13:46:30.018+0000] {dag.py:3239} INFO - Sync 1 DAGs
[2026-05-09T13:46:30.073+0000] {logging_mixin.py:190} INFO - [2026-05-09T13:46:30.072+0000] {dag.py:4180} INFO - Setting next_dagrun for ecommerce_etl_pipeline to 2026-05-09 00:00:00+00:00, run_after=2026-05-10 00:00:00+00:00
[2026-05-09T13:46:30.111+0000] {processor.py:208} INFO - Processing /opt/airflow/dags/ecommerce_etl_dag.py took 0.213 seconds
[2026-05-09T13:47:00.376+0000] {processor.py:186} INFO - Started process (PID=509) to work on /opt/airflow/dags/ecommerce_etl_dag.py
[2026-05-09T13:47:00.378+0000] {processor.py:914} INFO - Processing file /opt/airflow/dags/ecommerce_etl_dag.py for tasks to queue
[2026-05-09T13:47:00.382+0000] {logging_mixin.py:190} INFO - [2026-05-09T13:47:00.381+0000] {dagbag.py:588} INFO - Filling up the DagBag from /opt/airflow/dags/ecommerce_etl_dag.py
[2026-05-09T13:47:00.412+0000] {processor.py:925} INFO - DAG(s) 'ecommerce_etl_pipeline' retrieved from /opt/airflow/dags/ecommerce_etl_dag.py
[2026-05-09T13:47:00.459+0000] {logging_mixin.py:190} INFO - [2026-05-09T13:47:00.459+0000] {dag.py:3239} INFO - Sync 1 DAGs
[2026-05-09T13:47:00.499+0000] {logging_mixin.py:190} INFO - [2026-05-09T13:47:00.499+0000] {dag.py:4180} INFO - Setting next_dagrun for ecommerce_etl_pipeline to 2026-05-09 00:00:00+00:00, run_after=2026-05-10 00:00:00+00:00
[2026-05-09T13:47:00.527+0000] {processor.py:208} INFO - Processing /opt/airflow/dags/ecommerce_etl_dag.py took 0.159 seconds
[2026-05-09T13:47:30.617+0000] {processor.py:186} INFO - Started process (PID=545) to work on /opt/airflow/dags/ecommerce_etl_dag.py
[2026-05-09T13:47:30.618+0000] {processor.py:914} INFO - Processing file /opt/airflow/dags/ecommerce_etl_dag.py for tasks to queue
[2026-05-09T13:47:30.621+0000] {logging_mixin.py:190} INFO - [2026-05-09T13:47:30.621+0000] {dagbag.py:588} INFO - Filling up the DagBag from /opt/airflow/dags/ecommerce_etl_dag.py
[2026-05-09T13:47:30.654+0000] {processor.py:925} INFO - DAG(s) 'ecommerce_etl_pipeline' retrieved from /opt/airflow/dags/ecommerce_etl_dag.py
[2026-05-09T13:47:30.697+0000] {logging_mixin.py:190} INFO - [2026-05-09T13:47:30.696+0000] {dag.py:3239} INFO - Sync 1 DAGs
[2026-05-09T13:47:30.740+0000] {logging_mixin.py:190} INFO - [2026-05-09T13:47:30.740+0000] {dag.py:4180} INFO - Setting next_dagrun for ecommerce_etl_pipeline to 2026-05-09 00:00:00+00:00, run_after=2026-05-10 00:00:00+00:00
[2026-05-09T13:47:30.768+0000] {processor.py:208} INFO - Processing /opt/airflow/dags/ecommerce_etl_dag.py took 0.158 seconds
[2026-05-09T13:48:01.083+0000] {processor.py:186} INFO - Started process (PID=557) to work on /opt/airflow/dags/ecommerce_etl_dag.py
[2026-05-09T13:48:01.090+0000] {processor.py:914} INFO - Processing file /opt/airflow/dags/ecommerce_etl_dag.py for tasks to queue
[2026-05-09T13:48:01.099+0000] {logging_mixin.py:190} INFO - [2026-05-09T13:48:01.098+0000] {dagbag.py:588} INFO - Filling up the DagBag from /opt/airflow/dags/ecommerce_etl_dag.py
[2026-05-09T13:48:01.167+0000] {processor.py:925} INFO - DAG(s) 'ecommerce_etl_pipeline' retrieved from /opt/airflow/dags/ecommerce_etl_dag.py
[2026-05-09T13:48:01.263+0000] {logging_mixin.py:190} INFO - [2026-05-09T13:48:01.263+0000] {dag.py:3239} INFO - Sync 1 DAGs
[2026-05-09T13:48:01.336+0000] {logging_mixin.py:190} INFO - [2026-05-09T13:48:01.336+0000] {dag.py:4180} INFO - Setting next_dagrun for ecommerce_etl_pipeline to 2026-05-09 00:00:00+00:00, run_after=2026-05-10 00:00:00+00:00
[2026-05-09T13:48:01.389+0000] {processor.py:208} INFO - Processing /opt/airflow/dags/ecommerce_etl_dag.py took 0.324 seconds
[2026-05-09T13:48:32.363+0000] {processor.py:186} INFO - Started process (PID=567) to work on /opt/airflow/dags/ecommerce_etl_dag.py
[2026-05-09T13:48:32.386+0000] {processor.py:914} INFO - Processing file /opt/airflow/dags/ecommerce_etl_dag.py for tasks to queue
[2026-05-09T13:48:32.421+0000] {logging_mixin.py:190} INFO - [2026-05-09T13:48:32.421+0000] {dagbag.py:588} INFO - Filling up the DagBag from /opt/airflow/dags/ecommerce_etl_dag.py
[2026-05-09T13:48:32.743+0000] {processor.py:925} INFO - DAG(s) 'ecommerce_etl_pipeline' retrieved from /opt/airflow/dags/ecommerce_etl_dag.py
[2026-05-09T13:48:32.871+0000] {logging_mixin.py:190} INFO - [2026-05-09T13:48:32.870+0000] {dag.py:3239} INFO - Sync 1 DAGs
[2026-05-09T13:48:32.992+0000] {logging_mixin.py:190} INFO - [2026-05-09T13:48:32.984+0000] {dag.py:4180} INFO - Setting next_dagrun for ecommerce_etl_pipeline to 2026-05-09 00:00:00+00:00, run_after=2026-05-10 00:00:00+00:00
[2026-05-09T13:48:33.172+0000] {processor.py:208} INFO - Processing /opt/airflow/dags/ecommerce_etl_dag.py took 0.829 seconds
[2026-05-09T13:49:03.587+0000] {processor.py:186} INFO - Started process (PID=579) to work on /opt/airflow/dags/ecommerce_etl_dag.py
[2026-05-09T13:49:03.588+0000] {processor.py:914} INFO - Processing file /opt/airflow/dags/ecommerce_etl_dag.py for tasks to queue
[2026-05-09T13:49:03.592+0000] {logging_mixin.py:190} INFO - [2026-05-09T13:49:03.591+0000] {dagbag.py:588} INFO - Filling up the DagBag from /opt/airflow/dags/ecommerce_etl_dag.py
[2026-05-09T13:49:03.625+0000] {processor.py:925} INFO - DAG(s) 'ecommerce_etl_pipeline' retrieved from /opt/airflow/dags/ecommerce_etl_dag.py
[2026-05-09T13:49:03.668+0000] {logging_mixin.py:190} INFO - [2026-05-09T13:49:03.667+0000] {dag.py:3239} INFO - Sync 1 DAGs
[2026-05-09T13:49:03.707+0000] {logging_mixin.py:190} INFO - [2026-05-09T13:49:03.707+0000] {dag.py:4180} INFO - Setting next_dagrun for ecommerce_etl_pipeline to 2026-05-09 00:00:00+00:00, run_after=2026-05-10 00:00:00+00:00
[2026-05-09T13:49:03.737+0000] {processor.py:208} INFO - Processing /opt/airflow/dags/ecommerce_etl_dag.py took 0.158 seconds
[2026-05-09T13:49:33.937+0000] {processor.py:186} INFO - Started process (PID=641) to work on /opt/airflow/dags/ecommerce_etl_dag.py
[2026-05-09T13:49:33.940+0000] {processor.py:914} INFO - Processing file /opt/airflow/dags/ecommerce_etl_dag.py for tasks to queue
[2026-05-09T13:49:33.958+0000] {logging_mixin.py:190} INFO - [2026-05-09T13:49:33.955+0000] {dagbag.py:588} INFO - Filling up the DagBag from /opt/airflow/dags/ecommerce_etl_dag.py
[2026-05-09T13:49:34.348+0000] {processor.py:925} INFO - DAG(s) 'ecommerce_etl_pipeline' retrieved from /opt/airflow/dags/ecommerce_etl_dag.py
[2026-05-09T13:49:34.589+0000] {logging_mixin.py:190} INFO - [2026-05-09T13:49:34.588+0000] {dag.py:3239} INFO - Sync 1 DAGs
[2026-05-09T13:49:34.840+0000] {logging_mixin.py:190} INFO - [2026-05-09T13:49:34.839+0000] {dag.py:4180} INFO - Setting next_dagrun for ecommerce_etl_pipeline to 2026-05-09 00:00:00+00:00, run_after=2026-05-10 00:00:00+00:00
[2026-05-09T13:49:34.954+0000] {processor.py:208} INFO - Processing /opt/airflow/dags/ecommerce_etl_dag.py took 1.060 seconds
[2026-05-09T13:50:05.588+0000] {processor.py:186} INFO - Started process (PID=652) to work on /opt/airflow/dags/ecommerce_etl_dag.py
[2026-05-09T13:50:05.595+0000] {processor.py:914} INFO - Processing file /opt/airflow/dags/ecommerce_etl_dag.py for tasks to queue
[2026-05-09T13:50:05.623+0000] {logging_mixin.py:190} INFO - [2026-05-09T13:50:05.613+0000] {dagbag.py:588} INFO - Filling up the DagBag from /opt/airflow/dags/ecommerce_etl_dag.py
[2026-05-09T13:50:06.062+0000] {processor.py:925} INFO - DAG(s) 'ecommerce_etl_pipeline' retrieved from /opt/airflow/dags/ecommerce_etl_dag.py
[2026-05-09T13:50:06.770+0000] {logging_mixin.py:190} INFO - [2026-05-09T13:50:06.769+0000] {dag.py:3239} INFO - Sync 1 DAGs
[2026-05-09T13:50:07.089+0000] {logging_mixin.py:190} INFO - [2026-05-09T13:50:07.088+0000] {dag.py:4180} INFO - Setting next_dagrun for ecommerce_etl_pipeline to 2026-05-09 00:00:00+00:00, run_after=2026-05-10 00:00:00+00:00
[2026-05-09T13:50:07.268+0000] {processor.py:208} INFO - Processing /opt/airflow/dags/ecommerce_etl_dag.py took 1.743 seconds
[2026-05-09T13:50:38.103+0000] {processor.py:186} INFO - Started process (PID=663) to work on /opt/airflow/dags/ecommerce_etl_dag.py
[2026-05-09T13:50:38.110+0000] {processor.py:914} INFO - Processing file /opt/airflow/dags/ecommerce_etl_dag.py for tasks to queue
[2026-05-09T13:50:38.175+0000] {logging_mixin.py:190} INFO - [2026-05-09T13:50:38.169+0000] {dagbag.py:588} INFO - Filling up the DagBag from /opt/airflow/dags/ecommerce_etl_dag.py
[2026-05-09T13:50:38.401+0000] {processor.py:925} INFO - DAG(s) 'ecommerce_etl_pipeline' retrieved from /opt/airflow/dags/ecommerce_etl_dag.py
[2026-05-09T13:50:38.644+0000] {logging_mixin.py:190} INFO - [2026-05-09T13:50:38.643+0000] {dag.py:3239} INFO - Sync 1 DAGs
[2026-05-09T13:50:38.765+0000] {logging_mixin.py:190} INFO - [2026-05-09T13:50:38.764+0000] {dag.py:4180} INFO - Setting next_dagrun for ecommerce_etl_pipeline to 2026-05-09 00:00:00+00:00, run_after=2026-05-10 00:00:00+00:00
[2026-05-09T13:50:38.865+0000] {processor.py:208} INFO - Processing /opt/airflow/dags/ecommerce_etl_dag.py took 0.898 seconds
[2026-05-09T13:51:09.718+0000] {processor.py:186} INFO - Started process (PID=724) to work on /opt/airflow/dags/ecommerce_etl_dag.py
[2026-05-09T13:51:09.723+0000] {processor.py:914} INFO - Processing file /opt/airflow/dags/ecommerce_etl_dag.py for tasks to queue
[2026-05-09T13:51:09.751+0000] {logging_mixin.py:190} INFO - [2026-05-09T13:51:09.744+0000] {dagbag.py:588} INFO - Filling up the DagBag from /opt/airflow/dags/ecommerce_etl_dag.py
[2026-05-09T13:51:10.535+0000] {processor.py:925} INFO - DAG(s) 'ecommerce_etl_pipeline' retrieved from /opt/airflow/dags/ecommerce_etl_dag.py
[2026-05-09T13:51:10.962+0000] {logging_mixin.py:190} INFO - [2026-05-09T13:51:10.960+0000] {dag.py:3239} INFO - Sync 1 DAGs
[2026-05-09T13:51:11.248+0000] {logging_mixin.py:190} INFO - [2026-05-09T13:51:11.247+0000] {dag.py:4180} INFO - Setting next_dagrun for ecommerce_etl_pipeline to 2026-05-09 00:00:00+00:00, run_after=2026-05-10 00:00:00+00:00
[2026-05-09T13:51:11.356+0000] {processor.py:208} INFO - Processing /opt/airflow/dags/ecommerce_etl_dag.py took 1.684 seconds
[2026-05-09T13:51:41.811+0000] {processor.py:186} INFO - Started process (PID=735) to work on /opt/airflow/dags/ecommerce_etl_dag.py
[2026-05-09T13:51:41.818+0000] {processor.py:914} INFO - Processing file /opt/airflow/dags/ecommerce_etl_dag.py for tasks to queue
[2026-05-09T13:51:41.879+0000] {logging_mixin.py:190} INFO - [2026-05-09T13:51:41.873+0000] {dagbag.py:588} INFO - Filling up the DagBag from /opt/airflow/dags/ecommerce_etl_dag.py
[2026-05-09T13:51:42.062+0000] {processor.py:925} INFO - DAG(s) 'ecommerce_etl_pipeline' retrieved from /opt/airflow/dags/ecommerce_etl_dag.py
[2026-05-09T13:51:42.216+0000] {logging_mixin.py:190} INFO - [2026-05-09T13:51:42.216+0000] {dag.py:3239} INFO - Sync 1 DAGs
[2026-05-09T13:51:42.290+0000] {logging_mixin.py:190} INFO - [2026-05-09T13:51:42.290+0000] {dag.py:4180} INFO - Setting next_dagrun for ecommerce_etl_pipeline to 2026-05-09 00:00:00+00:00, run_after=2026-05-10 00:00:00+00:00
[2026-05-09T13:51:42.341+0000] {processor.py:208} INFO - Processing /opt/airflow/dags/ecommerce_etl_dag.py took 0.650 seconds
[2026-05-09T13:56:17.111+0000] {processor.py:186} INFO - Started process (PID=802) to work on /opt/airflow/dags/ecommerce_etl_dag.py
[2026-05-09T13:56:17.118+0000] {processor.py:914} INFO - Processing file /opt/airflow/dags/ecommerce_etl_dag.py for tasks to queue
[2026-05-09T13:56:17.194+0000] {logging_mixin.py:190} INFO - [2026-05-09T13:56:17.183+0000] {dagbag.py:588} INFO - Filling up the DagBag from /opt/airflow/dags/ecommerce_etl_dag.py
[2026-05-09T13:56:17.987+0000] {processor.py:925} INFO - DAG(s) 'ecommerce_etl_pipeline' retrieved from /opt/airflow/dags/ecommerce_etl_dag.py
[2026-05-09T13:56:18.404+0000] {logging_mixin.py:190} INFO - [2026-05-09T13:56:18.402+0000] {dag.py:3239} INFO - Sync 1 DAGs
[2026-05-09T13:56:18.674+0000] {logging_mixin.py:190} INFO - [2026-05-09T13:56:18.673+0000] {dag.py:4180} INFO - Setting next_dagrun for ecommerce_etl_pipeline to 2026-05-09 00:00:00+00:00, run_after=2026-05-10 00:00:00+00:00
[2026-05-09T13:56:18.787+0000] {processor.py:208} INFO - Processing /opt/airflow/dags/ecommerce_etl_dag.py took 1.741 seconds
[2026-05-09T13:56:49.497+0000] {processor.py:186} INFO - Started process (PID=820) to work on /opt/airflow/dags/ecommerce_etl_dag.py
[2026-05-09T13:56:49.500+0000] {processor.py:914} INFO - Processing file /opt/airflow/dags/ecommerce_etl_dag.py for tasks to queue
[2026-05-09T13:56:49.519+0000] {logging_mixin.py:190} INFO - [2026-05-09T13:56:49.515+0000] {dagbag.py:588} INFO - Filling up the DagBag from /opt/airflow/dags/ecommerce_etl_dag.py
[2026-05-09T13:56:49.651+0000] {processor.py:925} INFO - DAG(s) 'ecommerce_etl_pipeline' retrieved from /opt/airflow/dags/ecommerce_etl_dag.py
[2026-05-09T13:56:49.777+0000] {logging_mixin.py:190} INFO - [2026-05-09T13:56:49.776+0000] {dag.py:3239} INFO - Sync 1 DAGs
[2026-05-09T13:56:49.838+0000] {logging_mixin.py:190} INFO - [2026-05-09T13:56:49.837+0000] {dag.py:4180} INFO - Setting next_dagrun for ecommerce_etl_pipeline to 2026-05-09 00:00:00+00:00, run_after=2026-05-10 00:00:00+00:00
[2026-05-09T13:56:49.881+0000] {processor.py:208} INFO - Processing /opt/airflow/dags/ecommerce_etl_dag.py took 0.508 seconds
[2026-05-09T13:57:20.152+0000] {processor.py:186} INFO - Started process (PID=832) to work on /opt/airflow/dags/ecommerce_etl_dag.py
[2026-05-09T13:57:20.154+0000] {processor.py:914} INFO - Processing file /opt/airflow/dags/ecommerce_etl_dag.py for tasks to queue
[2026-05-09T13:57:20.161+0000] {logging_mixin.py:190} INFO - [2026-05-09T13:57:20.159+0000] {dagbag.py:588} INFO - Filling up the DagBag from /opt/airflow/dags/ecommerce_etl_dag.py
[2026-05-09T13:57:20.206+0000] {processor.py:925} INFO - DAG(s) 'ecommerce_etl_pipeline' retrieved from /opt/airflow/dags/ecommerce_etl_dag.py
[2026-05-09T13:57:20.254+0000] {logging_mixin.py:190} INFO - [2026-05-09T13:57:20.254+0000] {dag.py:3239} INFO - Sync 1 DAGs
[2026-05-09T13:57:20.287+0000] {logging_mixin.py:190} INFO - [2026-05-09T13:57:20.287+0000] {dag.py:4180} INFO - Setting next_dagrun for ecommerce_etl_pipeline to 2026-05-09 00:00:00+00:00, run_after=2026-05-10 00:00:00+00:00
[2026-05-09T13:57:20.311+0000] {processor.py:208} INFO - Processing /opt/airflow/dags/ecommerce_etl_dag.py took 0.172 seconds
[2026-05-09T13:57:50.404+0000] {processor.py:186} INFO - Started process (PID=843) to work on /opt/airflow/dags/ecommerce_etl_dag.py
[2026-05-09T13:57:50.405+0000] {processor.py:914} INFO - Processing file /opt/airflow/dags/ecommerce_etl_dag.py for tasks to queue
[2026-05-09T13:57:50.410+0000] {logging_mixin.py:190} INFO - [2026-05-09T13:57:50.409+0000] {dagbag.py:588} INFO - Filling up the DagBag from /opt/airflow/dags/ecommerce_etl_dag.py
[2026-05-09T13:57:50.447+0000] {processor.py:925} INFO - DAG(s) 'ecommerce_etl_pipeline' retrieved from /opt/airflow/dags/ecommerce_etl_dag.py
[2026-05-09T13:57:50.492+0000] {logging_mixin.py:190} INFO - [2026-05-09T13:57:50.491+0000] {dag.py:3239} INFO - Sync 1 DAGs
[2026-05-09T13:57:50.543+0000] {logging_mixin.py:190} INFO - [2026-05-09T13:57:50.543+0000] {dag.py:4180} INFO - Setting next_dagrun for ecommerce_etl_pipeline to 2026-05-09 00:00:00+00:00, run_after=2026-05-10 00:00:00+00:00
[2026-05-09T13:57:50.580+0000] {processor.py:208} INFO - Processing /opt/airflow/dags/ecommerce_etl_dag.py took 0.188 seconds
[2026-05-09T13:58:20.948+0000] {processor.py:186} INFO - Started process (PID=854) to work on /opt/airflow/dags/ecommerce_etl_dag.py
[2026-05-09T13:58:20.950+0000] {processor.py:914} INFO - Processing file /opt/airflow/dags/ecommerce_etl_dag.py for tasks to queue
[2026-05-09T13:58:20.961+0000] {logging_mixin.py:190} INFO - [2026-05-09T13:58:20.960+0000] {dagbag.py:588} INFO - Filling up the DagBag from /opt/airflow/dags/ecommerce_etl_dag.py
[2026-05-09T13:58:21.027+0000] {processor.py:925} INFO - DAG(s) 'ecommerce_etl_pipeline' retrieved from /opt/airflow/dags/ecommerce_etl_dag.py
[2026-05-09T13:58:21.100+0000] {logging_mixin.py:190} INFO - [2026-05-09T13:58:21.099+0000] {dag.py:3239} INFO - Sync 1 DAGs
[2026-05-09T13:58:21.152+0000] {logging_mixin.py:190} INFO - [2026-05-09T13:58:21.152+0000] {dag.py:4180} INFO - Setting next_dagrun for ecommerce_etl_pipeline to 2026-05-09 00:00:00+00:00, run_after=2026-05-10 00:00:00+00:00
[2026-05-09T13:58:21.181+0000] {processor.py:208} INFO - Processing /opt/airflow/dags/ecommerce_etl_dag.py took 0.258 seconds
[2026-05-09T13:58:51.475+0000] {processor.py:186} INFO - Started process (PID=865) to work on /opt/airflow/dags/ecommerce_etl_dag.py
[2026-05-09T13:58:51.477+0000] {processor.py:914} INFO - Processing file /opt/airflow/dags/ecommerce_etl_dag.py for tasks to queue
[2026-05-09T13:58:51.482+0000] {logging_mixin.py:190} INFO - [2026-05-09T13:58:51.481+0000] {dagbag.py:588} INFO - Filling up the DagBag from /opt/airflow/dags/ecommerce_etl_dag.py
[2026-05-09T13:58:51.523+0000] {processor.py:925} INFO - DAG(s) 'ecommerce_etl_pipeline' retrieved from /opt/airflow/dags/ecommerce_etl_dag.py
[2026-05-09T13:58:51.569+0000] {logging_mixin.py:190} INFO - [2026-05-09T13:58:51.569+0000] {dag.py:3239} INFO - Sync 1 DAGs
[2026-05-09T13:58:51.612+0000] {logging_mixin.py:190} INFO - [2026-05-09T13:58:51.611+0000] {dag.py:4180} INFO - Setting next_dagrun for ecommerce_etl_pipeline to 2026-05-09 00:00:00+00:00, run_after=2026-05-10 00:00:00+00:00
[2026-05-09T13:58:51.643+0000] {processor.py:208} INFO - Processing /opt/airflow/dags/ecommerce_etl_dag.py took 0.179 seconds
[2026-05-09T13:59:21.997+0000] {processor.py:186} INFO - Started process (PID=876) to work on /opt/airflow/dags/ecommerce_etl_dag.py
[2026-05-09T13:59:21.999+0000] {processor.py:914} INFO - Processing file /opt/airflow/dags/ecommerce_etl_dag.py for tasks to queue
[2026-05-09T13:59:22.003+0000] {logging_mixin.py:190} INFO - [2026-05-09T13:59:22.003+0000] {dagbag.py:588} INFO - Filling up the DagBag from /opt/airflow/dags/ecommerce_etl_dag.py
[2026-05-09T13:59:22.038+0000] {processor.py:925} INFO - DAG(s) 'ecommerce_etl_pipeline' retrieved from /opt/airflow/dags/ecommerce_etl_dag.py
[2026-05-09T13:59:22.083+0000] {logging_mixin.py:190} INFO - [2026-05-09T13:59:22.082+0000] {dag.py:3239} INFO - Sync 1 DAGs
[2026-05-09T13:59:22.120+0000] {logging_mixin.py:190} INFO - [2026-05-09T13:59:22.120+0000] {dag.py:4180} INFO - Setting next_dagrun for ecommerce_etl_pipeline to 2026-05-09 00:00:00+00:00, run_after=2026-05-10 00:00:00+00:00
[2026-05-09T13:59:22.147+0000] {processor.py:208} INFO - Processing /opt/airflow/dags/ecommerce_etl_dag.py took 0.161 seconds
[2026-05-09T13:59:52.230+0000] {processor.py:186} INFO - Started process (PID=887) to work on /opt/airflow/dags/ecommerce_etl_dag.py
[2026-05-09T13:59:52.231+0000] {processor.py:914} INFO - Processing file /opt/airflow/dags/ecommerce_etl_dag.py for tasks to queue
[2026-05-09T13:59:52.235+0000] {logging_mixin.py:190} INFO - [2026-05-09T13:59:52.234+0000] {dagbag.py:588} INFO - Filling up the DagBag from /opt/airflow/dags/ecommerce_etl_dag.py
[2026-05-09T13:59:52.273+0000] {processor.py:925} INFO - DAG(s) 'ecommerce_etl_pipeline' retrieved from /opt/airflow/dags/ecommerce_etl_dag.py
[2026-05-09T13:59:52.318+0000] {logging_mixin.py:190} INFO - [2026-05-09T13:59:52.317+0000] {dag.py:3239} INFO - Sync 1 DAGs
[2026-05-09T13:59:52.349+0000] {logging_mixin.py:190} INFO - [2026-05-09T13:59:52.349+0000] {dag.py:4180} INFO - Setting next_dagrun for ecommerce_etl_pipeline to 2026-05-09 00:00:00+00:00, run_after=2026-05-10 00:00:00+00:00
[2026-05-09T13:59:52.371+0000] {processor.py:208} INFO - Processing /opt/airflow/dags/ecommerce_etl_dag.py took 0.151 seconds
[2026-05-09T14:00:22.664+0000] {processor.py:186} INFO - Started process (PID=898) to work on /opt/airflow/dags/ecommerce_etl_dag.py
[2026-05-09T14:00:22.666+0000] {processor.py:914} INFO - Processing file /opt/airflow/dags/ecommerce_etl_dag.py for tasks to queue
[2026-05-09T14:00:22.671+0000] {logging_mixin.py:190} INFO - [2026-05-09T14:00:22.670+0000] {dagbag.py:588} INFO - Filling up the DagBag from /opt/airflow/dags/ecommerce_etl_dag.py
[2026-05-09T14:00:22.713+0000] {processor.py:925} INFO - DAG(s) 'ecommerce_etl_pipeline' retrieved from /opt/airflow/dags/ecommerce_etl_dag.py
[2026-05-09T14:00:22.759+0000] {logging_mixin.py:190} INFO - [2026-05-09T14:00:22.758+0000] {dag.py:3239} INFO - Sync 1 DAGs
[2026-05-09T14:00:22.813+0000] {logging_mixin.py:190} INFO - [2026-05-09T14:00:22.812+0000] {dag.py:4180} INFO - Setting next_dagrun for ecommerce_etl_pipeline to 2026-05-09 00:00:00+00:00, run_after=2026-05-10 00:00:00+00:00
[2026-05-09T14:00:22.865+0000] {processor.py:208} INFO - Processing /opt/airflow/dags/ecommerce_etl_dag.py took 0.213 seconds
[2026-05-09T14:00:53.062+0000] {processor.py:186} INFO - Started process (PID=908) to work on /opt/airflow/dags/ecommerce_etl_dag.py
[2026-05-09T14:00:53.064+0000] {processor.py:914} INFO - Processing file /opt/airflow/dags/ecommerce_etl_dag.py for tasks to queue
[2026-05-09T14:00:53.072+0000] {logging_mixin.py:190} INFO - [2026-05-09T14:00:53.071+0000] {dagbag.py:588} INFO - Filling up the DagBag from /opt/airflow/dags/ecommerce_etl_dag.py
[2026-05-09T14:00:53.130+0000] {processor.py:925} INFO - DAG(s) 'ecommerce_etl_pipeline' retrieved from /opt/airflow/dags/ecommerce_etl_dag.py
[2026-05-09T14:00:53.188+0000] {logging_mixin.py:190} INFO - [2026-05-09T14:00:53.187+0000] {dag.py:3239} INFO - Sync 1 DAGs
[2026-05-09T14:00:53.228+0000] {logging_mixin.py:190} INFO - [2026-05-09T14:00:53.228+0000] {dag.py:4180} INFO - Setting next_dagrun for ecommerce_etl_pipeline to 2026-05-09 00:00:00+00:00, run_after=2026-05-10 00:00:00+00:00
[2026-05-09T14:00:53.257+0000] {processor.py:208} INFO - Processing /opt/airflow/dags/ecommerce_etl_dag.py took 0.211 seconds
[2026-05-09T14:01:23.490+0000] {processor.py:186} INFO - Started process (PID=920) to work on /opt/airflow/dags/ecommerce_etl_dag.py
[2026-05-09T14:01:23.495+0000] {processor.py:914} INFO - Processing file /opt/airflow/dags/ecommerce_etl_dag.py for tasks to queue
[2026-05-09T14:01:23.534+0000] {logging_mixin.py:190} INFO - [2026-05-09T14:01:23.528+0000] {dagbag.py:588} INFO - Filling up the DagBag from /opt/airflow/dags/ecommerce_etl_dag.py
[2026-05-09T14:01:23.755+0000] {processor.py:925} INFO - DAG(s) 'ecommerce_etl_pipeline' retrieved from /opt/airflow/dags/ecommerce_etl_dag.py
[2026-05-09T14:01:23.932+0000] {logging_mixin.py:190} INFO - [2026-05-09T14:01:23.932+0000] {dag.py:3239} INFO - Sync 1 DAGs
[2026-05-09T14:01:23.977+0000] {logging_mixin.py:190} INFO - [2026-05-09T14:01:23.977+0000] {dag.py:4180} INFO - Setting next_dagrun for ecommerce_etl_pipeline to 2026-05-09 00:00:00+00:00, run_after=2026-05-10 00:00:00+00:00
[2026-05-09T14:01:24.008+0000] {processor.py:208} INFO - Processing /opt/airflow/dags/ecommerce_etl_dag.py took 0.556 seconds
[2026-05-09T14:01:54.364+0000] {processor.py:186} INFO - Started process (PID=931) to work on /opt/airflow/dags/ecommerce_etl_dag.py
[2026-05-09T14:01:54.368+0000] {processor.py:914} INFO - Processing file /opt/airflow/dags/ecommerce_etl_dag.py for tasks to queue
[2026-05-09T14:01:54.379+0000] {logging_mixin.py:190} INFO - [2026-05-09T14:01:54.378+0000] {dagbag.py:588} INFO - Filling up the DagBag from /opt/airflow/dags/ecommerce_etl_dag.py
[2026-05-09T14:01:54.434+0000] {processor.py:925} INFO - DAG(s) 'ecommerce_etl_pipeline' retrieved from /opt/airflow/dags/ecommerce_etl_dag.py
[2026-05-09T14:01:54.488+0000] {logging_mixin.py:190} INFO - [2026-05-09T14:01:54.487+0000] {dag.py:3239} INFO - Sync 1 DAGs
[2026-05-09T14:01:54.528+0000] {logging_mixin.py:190} INFO - [2026-05-09T14:01:54.528+0000] {dag.py:4180} INFO - Setting next_dagrun for ecommerce_etl_pipeline to 2026-05-09 00:00:00+00:00, run_after=2026-05-10 00:00:00+00:00
[2026-05-09T14:01:54.555+0000] {processor.py:208} INFO - Processing /opt/airflow/dags/ecommerce_etl_dag.py took 0.212 seconds
[2026-05-09T14:02:24.688+0000] {processor.py:186} INFO - Started process (PID=946) to work on /opt/airflow/dags/ecommerce_etl_dag.py
[2026-05-09T14:02:24.693+0000] {processor.py:914} INFO - Processing file /opt/airflow/dags/ecommerce_etl_dag.py for tasks to queue
[2026-05-09T14:02:24.703+0000] {logging_mixin.py:190} INFO - [2026-05-09T14:02:24.702+0000] {dagbag.py:588} INFO - Filling up the DagBag from /opt/airflow/dags/ecommerce_etl_dag.py
[2026-05-09T14:02:24.774+0000] {processor.py:925} INFO - DAG(s) 'ecommerce_etl_pipeline' retrieved from /opt/airflow/dags/ecommerce_etl_dag.py
[2026-05-09T14:02:24.979+0000] {logging_mixin.py:190} INFO - [2026-05-09T14:02:24.978+0000] {dag.py:3239} INFO - Sync 1 DAGs
[2026-05-09T14:02:25.181+0000] {logging_mixin.py:190} INFO - [2026-05-09T14:02:25.180+0000] {dag.py:4180} INFO - Setting next_dagrun for ecommerce_etl_pipeline to 2026-05-09 00:00:00+00:00, run_after=2026-05-10 00:00:00+00:00
[2026-05-09T14:02:25.247+0000] {processor.py:208} INFO - Processing /opt/airflow/dags/ecommerce_etl_dag.py took 0.584 seconds
[2026-05-09T14:02:56.140+0000] {processor.py:186} INFO - Started process (PID=1005) to work on /opt/airflow/dags/ecommerce_etl_dag.py
[2026-05-09T14:02:56.160+0000] {processor.py:914} INFO - Processing file /opt/airflow/dags/ecommerce_etl_dag.py for tasks to queue
[2026-05-09T14:02:56.257+0000] {logging_mixin.py:190} INFO - [2026-05-09T14:02:56.248+0000] {dagbag.py:588} INFO - Filling up the DagBag from /opt/airflow/dags/ecommerce_etl_dag.py
[2026-05-09T14:02:56.580+0000] {processor.py:925} INFO - DAG(s) 'ecommerce_etl_pipeline' retrieved from /opt/airflow/dags/ecommerce_etl_dag.py
[2026-05-09T14:02:56.910+0000] {logging_mixin.py:190} INFO - [2026-05-09T14:02:56.909+0000] {dag.py:3239} INFO - Sync 1 DAGs
[2026-05-09T14:02:57.122+0000] {logging_mixin.py:190} INFO - [2026-05-09T14:02:57.121+0000] {dag.py:4180} INFO - Setting next_dagrun for ecommerce_etl_pipeline to 2026-05-09 00:00:00+00:00, run_after=2026-05-10 00:00:00+00:00
[2026-05-09T14:02:57.206+0000] {processor.py:208} INFO - Processing /opt/airflow/dags/ecommerce_etl_dag.py took 1.196 seconds
[2026-05-09T14:03:28.857+0000] {processor.py:186} INFO - Started process (PID=1010) to work on /opt/airflow/dags/ecommerce_etl_dag.py
[2026-05-09T14:03:28.904+0000] {processor.py:914} INFO - Processing file /opt/airflow/dags/ecommerce_etl_dag.py for tasks to queue
[2026-05-09T14:03:29.186+0000] {logging_mixin.py:190} INFO - [2026-05-09T14:03:29.102+0000] {dagbag.py:588} INFO - Filling up the DagBag from /opt/airflow/dags/ecommerce_etl_dag.py
[2026-05-09T14:03:34.917+0000] {processor.py:925} INFO - DAG(s) 'ecommerce_etl_pipeline' retrieved from /opt/airflow/dags/ecommerce_etl_dag.py
[2026-05-09T14:04:06.206+0000] {processor.py:211} ERROR - Got an exception! Propagating...
Traceback (most recent call last):
  File "/home/airflow/.local/lib/python3.12/site-packages/sqlalchemy/engine/base.py", line 3371, in _wrap_pool_connect
    return fn()
           ^^^^
  File "/home/airflow/.local/lib/python3.12/site-packages/sqlalchemy/pool/base.py", line 327, in connect
    return _ConnectionFairy._checkout(self)
           ^^^^^^^^^^^^^^^^^^^^^^^^^^^^^^^^
  File "/home/airflow/.local/lib/python3.12/site-packages/sqlalchemy/pool/base.py", line 894, in _checkout
    fairy = _ConnectionRecord.checkout(pool)
            ^^^^^^^^^^^^^^^^^^^^^^^^^^^^^^^^
  File "/home/airflow/.local/lib/python3.12/site-packages/sqlalchemy/pool/base.py", line 493, in checkout
    rec = pool._do_get()
          ^^^^^^^^^^^^^^
  File "/home/airflow/.local/lib/python3.12/site-packages/sqlalchemy/pool/impl.py", line 145, in _do_get
    with util.safe_reraise():
         ^^^^^^^^^^^^^^^^^^^
  File "/home/airflow/.local/lib/python3.12/site-packages/sqlalchemy/util/langhelpers.py", line 70, in __exit__
    compat.raise_(
  File "/home/airflow/.local/lib/python3.12/site-packages/sqlalchemy/util/compat.py", line 211, in raise_
    raise exception
  File "/home/airflow/.local/lib/python3.12/site-packages/sqlalchemy/pool/impl.py", line 143, in _do_get
    return self._create_connection()
           ^^^^^^^^^^^^^^^^^^^^^^^^^
  File "/home/airflow/.local/lib/python3.12/site-packages/sqlalchemy/pool/base.py", line 273, in _create_connection
    return _ConnectionRecord(self)
           ^^^^^^^^^^^^^^^^^^^^^^^
  File "/home/airflow/.local/lib/python3.12/site-packages/sqlalchemy/pool/base.py", line 388, in __init__
    self.__connect()
  File "/home/airflow/.local/lib/python3.12/site-packages/sqlalchemy/pool/base.py", line 690, in __connect
    with util.safe_reraise():
         ^^^^^^^^^^^^^^^^^^^
  File "/home/airflow/.local/lib/python3.12/site-packages/sqlalchemy/util/langhelpers.py", line 70, in __exit__
    compat.raise_(
  File "/home/airflow/.local/lib/python3.12/site-packages/sqlalchemy/util/compat.py", line 211, in raise_
    raise exception
  File "/home/airflow/.local/lib/python3.12/site-packages/sqlalchemy/pool/base.py", line 686, in __connect
    self.dbapi_connection = connection = pool._invoke_creator(self)
                                         ^^^^^^^^^^^^^^^^^^^^^^^^^^
  File "/home/airflow/.local/lib/python3.12/site-packages/sqlalchemy/engine/create.py", line 574, in connect
    return dialect.connect(*cargs, **cparams)
           ^^^^^^^^^^^^^^^^^^^^^^^^^^^^^^^^^^
  File "/home/airflow/.local/lib/python3.12/site-packages/sqlalchemy/engine/default.py", line 598, in connect
    return self.dbapi.connect(*cargs, **cparams)
           ^^^^^^^^^^^^^^^^^^^^^^^^^^^^^^^^^^^^^
  File "/home/airflow/.local/lib/python3.12/site-packages/psycopg2/__init__.py", line 122, in connect
    conn = _connect(dsn, connection_factory=connection_factory, **kwasync)
           ^^^^^^^^^^^^^^^^^^^^^^^^^^^^^^^^^^^^^^^^^^^^^^^^^^^^^^^^^^^^^^^
psycopg2.OperationalError: could not translate host name "postgres_airflow" to address: Temporary failure in name resolution


The above exception was the direct cause of the following exception:

Traceback (most recent call last):
  File "/home/airflow/.local/lib/python3.12/site-packages/airflow/dag_processing/processor.py", line 207, in _run_file_processor
    _handle_dag_file_processing()
  File "/home/airflow/.local/lib/python3.12/site-packages/airflow/dag_processing/processor.py", line 188, in _handle_dag_file_processing
    result: tuple[int, int, int] = dag_file_processor.process_file(
                                   ^^^^^^^^^^^^^^^^^^^^^^^^^^^^^^^^
  File "/home/airflow/.local/lib/python3.12/site-packages/airflow/utils/session.py", line 97, in wrapper
    return func(*args, session=session, **kwargs)
           ^^^^^^^^^^^^^^^^^^^^^^^^^^^^^^^^^^^^^^
  File "/home/airflow/.local/lib/python3.12/site-packages/airflow/dag_processing/processor.py", line 942, in process_file
    serialize_errors = DagFileProcessor.save_dag_to_db(
                       ^^^^^^^^^^^^^^^^^^^^^^^^^^^^^^^^
  File "/home/airflow/.local/lib/python3.12/site-packages/airflow/api_internal/internal_api_call.py", line 166, in wrapper
    return func(*args, **kwargs)
           ^^^^^^^^^^^^^^^^^^^^^
  File "/home/airflow/.local/lib/python3.12/site-packages/airflow/utils/session.py", line 97, in wrapper
    return func(*args, session=session, **kwargs)
           ^^^^^^^^^^^^^^^^^^^^^^^^^^^^^^^^^^^^^^
  File "/home/airflow/.local/lib/python3.12/site-packages/airflow/dag_processing/processor.py", line 982, in save_dag_to_db
    import_errors = DagBag._sync_to_db(dags=dags, processor_subdir=dag_directory, session=session)
                    ^^^^^^^^^^^^^^^^^^^^^^^^^^^^^^^^^^^^^^^^^^^^^^^^^^^^^^^^^^^^^^^^^^^^^^^^^^^^^^
  File "/home/airflow/.local/lib/python3.12/site-packages/airflow/utils/session.py", line 94, in wrapper
    return func(*args, **kwargs)
           ^^^^^^^^^^^^^^^^^^^^^
  File "/home/airflow/.local/lib/python3.12/site-packages/airflow/models/dagbag.py", line 708, in _sync_to_db
    for attempt in run_with_db_retries(logger=log):
                   ^^^^^^^^^^^^^^^^^^^^^^^^^^^^^^^
  File "/home/airflow/.local/lib/python3.12/site-packages/tenacity/__init__.py", line 443, in __iter__
    do = self.iter(retry_state=retry_state)
         ^^^^^^^^^^^^^^^^^^^^^^^^^^^^^^^^^^
  File "/home/airflow/.local/lib/python3.12/site-packages/tenacity/__init__.py", line 376, in iter
    result = action(retry_state)
             ^^^^^^^^^^^^^^^^^^^
  File "/home/airflow/.local/lib/python3.12/site-packages/tenacity/__init__.py", line 418, in exc_check
    raise retry_exc.reraise()
          ^^^^^^^^^^^^^^^^^^^
  File "/home/airflow/.local/lib/python3.12/site-packages/tenacity/__init__.py", line 185, in reraise
    raise self.last_attempt.result()
          ^^^^^^^^^^^^^^^^^^^^^^^^^^
  File "/usr/local/lib/python3.12/concurrent/futures/_base.py", line 449, in result
    return self.__get_result()
           ^^^^^^^^^^^^^^^^^^^
  File "/usr/local/lib/python3.12/concurrent/futures/_base.py", line 401, in __get_result
    raise self._exception
  File "/home/airflow/.local/lib/python3.12/site-packages/airflow/models/dagbag.py", line 721, in _sync_to_db
    _serialize_dag_capturing_errors(dag, session, processor_subdir)
  File "/home/airflow/.local/lib/python3.12/site-packages/airflow/models/dagbag.py", line 686, in _serialize_dag_capturing_errors
    dag_was_updated = SerializedDagModel.write_dag(
                      ^^^^^^^^^^^^^^^^^^^^^^^^^^^^^
  File "/home/airflow/.local/lib/python3.12/site-packages/airflow/utils/session.py", line 94, in wrapper
    return func(*args, **kwargs)
           ^^^^^^^^^^^^^^^^^^^^^
  File "/home/airflow/.local/lib/python3.12/site-packages/airflow/models/serialized_dag.py", line 160, in write_dag
    if session.scalar(
       ^^^^^^^^^^^^^^^
  File "/home/airflow/.local/lib/python3.12/site-packages/sqlalchemy/orm/session.py", line 1747, in scalar
    return self.execute(
           ^^^^^^^^^^^^^
  File "/home/airflow/.local/lib/python3.12/site-packages/sqlalchemy/orm/session.py", line 1716, in execute
    conn = self._connection_for_bind(bind)
           ^^^^^^^^^^^^^^^^^^^^^^^^^^^^^^^
  File "/home/airflow/.local/lib/python3.12/site-packages/sqlalchemy/orm/session.py", line 1555, in _connection_for_bind
    return self._transaction._connection_for_bind(
           ^^^^^^^^^^^^^^^^^^^^^^^^^^^^^^^^^^^^^^^
  File "/home/airflow/.local/lib/python3.12/site-packages/sqlalchemy/orm/session.py", line 750, in _connection_for_bind
    conn = bind.connect()
           ^^^^^^^^^^^^^^
  File "/home/airflow/.local/lib/python3.12/site-packages/sqlalchemy/future/engine.py", line 412, in connect
    return super(Engine, self).connect()
           ^^^^^^^^^^^^^^^^^^^^^^^^^^^^^
  File "/home/airflow/.local/lib/python3.12/site-packages/sqlalchemy/engine/base.py", line 3325, in connect
    return self._connection_cls(self, close_with_result=close_with_result)
           ^^^^^^^^^^^^^^^^^^^^^^^^^^^^^^^^^^^^^^^^^^^^^^^^^^^^^^^^^^^^^^^
  File "/home/airflow/.local/lib/python3.12/site-packages/sqlalchemy/engine/base.py", line 96, in __init__
    else engine.raw_connection()
         ^^^^^^^^^^^^^^^^^^^^^^^
  File "/home/airflow/.local/lib/python3.12/site-packages/sqlalchemy/engine/base.py", line 3404, in raw_connection
    return self._wrap_pool_connect(self.pool.connect, _connection)
           ^^^^^^^^^^^^^^^^^^^^^^^^^^^^^^^^^^^^^^^^^^^^^^^^^^^^^^^
  File "/home/airflow/.local/lib/python3.12/site-packages/sqlalchemy/engine/base.py", line 3374, in _wrap_pool_connect
    Connection._handle_dbapi_exception_noconnection(
  File "/home/airflow/.local/lib/python3.12/site-packages/sqlalchemy/engine/base.py", line 2208, in _handle_dbapi_exception_noconnection
    util.raise_(
  File "/home/airflow/.local/lib/python3.12/site-packages/sqlalchemy/util/compat.py", line 211, in raise_
    raise exception
  File "/home/airflow/.local/lib/python3.12/site-packages/sqlalchemy/engine/base.py", line 3371, in _wrap_pool_connect
    return fn()
           ^^^^
  File "/home/airflow/.local/lib/python3.12/site-packages/sqlalchemy/pool/base.py", line 327, in connect
    return _ConnectionFairy._checkout(self)
           ^^^^^^^^^^^^^^^^^^^^^^^^^^^^^^^^
  File "/home/airflow/.local/lib/python3.12/site-packages/sqlalchemy/pool/base.py", line 894, in _checkout
    fairy = _ConnectionRecord.checkout(pool)
            ^^^^^^^^^^^^^^^^^^^^^^^^^^^^^^^^
  File "/home/airflow/.local/lib/python3.12/site-packages/sqlalchemy/pool/base.py", line 493, in checkout
    rec = pool._do_get()
          ^^^^^^^^^^^^^^
  File "/home/airflow/.local/lib/python3.12/site-packages/sqlalchemy/pool/impl.py", line 145, in _do_get
    with util.safe_reraise():
         ^^^^^^^^^^^^^^^^^^^
  File "/home/airflow/.local/lib/python3.12/site-packages/sqlalchemy/util/langhelpers.py", line 70, in __exit__
    compat.raise_(
  File "/home/airflow/.local/lib/python3.12/site-packages/sqlalchemy/util/compat.py", line 211, in raise_
    raise exception
  File "/home/airflow/.local/lib/python3.12/site-packages/sqlalchemy/pool/impl.py", line 143, in _do_get
    return self._create_connection()
           ^^^^^^^^^^^^^^^^^^^^^^^^^
  File "/home/airflow/.local/lib/python3.12/site-packages/sqlalchemy/pool/base.py", line 273, in _create_connection
    return _ConnectionRecord(self)
           ^^^^^^^^^^^^^^^^^^^^^^^
  File "/home/airflow/.local/lib/python3.12/site-packages/sqlalchemy/pool/base.py", line 388, in __init__
    self.__connect()
  File "/home/airflow/.local/lib/python3.12/site-packages/sqlalchemy/pool/base.py", line 690, in __connect
    with util.safe_reraise():
         ^^^^^^^^^^^^^^^^^^^
  File "/home/airflow/.local/lib/python3.12/site-packages/sqlalchemy/util/langhelpers.py", line 70, in __exit__
    compat.raise_(
  File "/home/airflow/.local/lib/python3.12/site-packages/sqlalchemy/util/compat.py", line 211, in raise_
    raise exception
  File "/home/airflow/.local/lib/python3.12/site-packages/sqlalchemy/pool/base.py", line 686, in __connect
    self.dbapi_connection = connection = pool._invoke_creator(self)
                                         ^^^^^^^^^^^^^^^^^^^^^^^^^^
  File "/home/airflow/.local/lib/python3.12/site-packages/sqlalchemy/engine/create.py", line 574, in connect
    return dialect.connect(*cargs, **cparams)
           ^^^^^^^^^^^^^^^^^^^^^^^^^^^^^^^^^^
  File "/home/airflow/.local/lib/python3.12/site-packages/sqlalchemy/engine/default.py", line 598, in connect
    return self.dbapi.connect(*cargs, **cparams)
           ^^^^^^^^^^^^^^^^^^^^^^^^^^^^^^^^^^^^^
  File "/home/airflow/.local/lib/python3.12/site-packages/psycopg2/__init__.py", line 122, in connect
    conn = _connect(dsn, connection_factory=connection_factory, **kwasync)
           ^^^^^^^^^^^^^^^^^^^^^^^^^^^^^^^^^^^^^^^^^^^^^^^^^^^^^^^^^^^^^^^
sqlalchemy.exc.OperationalError: (psycopg2.OperationalError) could not translate host name "postgres_airflow" to address: Temporary failure in name resolution

(Background on this error at: https://sqlalche.me/e/14/e3q8)
[2026-05-09T14:08:53.495+0000] {processor.py:186} INFO - Started process (PID=1015) to work on /opt/airflow/dags/ecommerce_etl_dag.py
[2026-05-09T14:08:53.509+0000] {processor.py:914} INFO - Processing file /opt/airflow/dags/ecommerce_etl_dag.py for tasks to queue
[2026-05-09T14:08:53.593+0000] {logging_mixin.py:190} INFO - [2026-05-09T14:08:53.560+0000] {dagbag.py:588} INFO - Filling up the DagBag from /opt/airflow/dags/ecommerce_etl_dag.py
[2026-05-09T14:09:24.528+0000] {processor.py:186} INFO - Started process (PID=1032) to work on /opt/airflow/dags/ecommerce_etl_dag.py
[2026-05-09T14:09:24.530+0000] {processor.py:914} INFO - Processing file /opt/airflow/dags/ecommerce_etl_dag.py for tasks to queue
[2026-05-09T14:09:24.532+0000] {logging_mixin.py:190} INFO - [2026-05-09T14:09:24.532+0000] {dagbag.py:588} INFO - Filling up the DagBag from /opt/airflow/dags/ecommerce_etl_dag.py
[2026-05-09T14:09:24.963+0000] {processor.py:925} INFO - DAG(s) 'ecommerce_etl_pipeline' retrieved from /opt/airflow/dags/ecommerce_etl_dag.py
[2026-05-09T14:09:27.605+0000] {logging_mixin.py:190} INFO - [2026-05-09T14:09:27.604+0000] {dag.py:3239} INFO - Sync 1 DAGs
[2026-05-09T14:09:27.771+0000] {logging_mixin.py:190} INFO - [2026-05-09T14:09:27.771+0000] {dag.py:4180} INFO - Setting next_dagrun for ecommerce_etl_pipeline to 2026-05-09 00:00:00+00:00, run_after=2026-05-10 00:00:00+00:00
[2026-05-09T14:09:32.464+0000] {processor.py:208} INFO - Processing /opt/airflow/dags/ecommerce_etl_dag.py took 7.951 seconds
[2026-05-09T14:10:02.856+0000] {processor.py:186} INFO - Started process (PID=1043) to work on /opt/airflow/dags/ecommerce_etl_dag.py
[2026-05-09T14:10:02.863+0000] {processor.py:914} INFO - Processing file /opt/airflow/dags/ecommerce_etl_dag.py for tasks to queue
[2026-05-09T14:10:02.865+0000] {logging_mixin.py:190} INFO - [2026-05-09T14:10:02.864+0000] {dagbag.py:588} INFO - Filling up the DagBag from /opt/airflow/dags/ecommerce_etl_dag.py
[2026-05-09T14:10:02.906+0000] {processor.py:925} INFO - DAG(s) 'ecommerce_etl_pipeline' retrieved from /opt/airflow/dags/ecommerce_etl_dag.py
[2026-05-09T14:10:02.955+0000] {logging_mixin.py:190} INFO - [2026-05-09T14:10:02.955+0000] {dag.py:3239} INFO - Sync 1 DAGs
[2026-05-09T14:10:02.992+0000] {logging_mixin.py:190} INFO - [2026-05-09T14:10:02.992+0000] {dag.py:4180} INFO - Setting next_dagrun for ecommerce_etl_pipeline to 2026-05-09 00:00:00+00:00, run_after=2026-05-10 00:00:00+00:00
[2026-05-09T14:10:03.031+0000] {processor.py:208} INFO - Processing /opt/airflow/dags/ecommerce_etl_dag.py took 0.188 seconds
[2026-05-09T14:10:33.317+0000] {processor.py:186} INFO - Started process (PID=1054) to work on /opt/airflow/dags/ecommerce_etl_dag.py
[2026-05-09T14:10:33.318+0000] {processor.py:914} INFO - Processing file /opt/airflow/dags/ecommerce_etl_dag.py for tasks to queue
[2026-05-09T14:10:33.320+0000] {logging_mixin.py:190} INFO - [2026-05-09T14:10:33.320+0000] {dagbag.py:588} INFO - Filling up the DagBag from /opt/airflow/dags/ecommerce_etl_dag.py
[2026-05-09T14:10:33.359+0000] {processor.py:925} INFO - DAG(s) 'ecommerce_etl_pipeline' retrieved from /opt/airflow/dags/ecommerce_etl_dag.py
[2026-05-09T14:10:33.402+0000] {logging_mixin.py:190} INFO - [2026-05-09T14:10:33.402+0000] {dag.py:3239} INFO - Sync 1 DAGs
[2026-05-09T14:10:33.435+0000] {logging_mixin.py:190} INFO - [2026-05-09T14:10:33.434+0000] {dag.py:4180} INFO - Setting next_dagrun for ecommerce_etl_pipeline to 2026-05-09 00:00:00+00:00, run_after=2026-05-10 00:00:00+00:00
[2026-05-09T14:10:33.457+0000] {processor.py:208} INFO - Processing /opt/airflow/dags/ecommerce_etl_dag.py took 0.150 seconds
[2026-05-09T14:11:03.567+0000] {processor.py:186} INFO - Started process (PID=1065) to work on /opt/airflow/dags/ecommerce_etl_dag.py
[2026-05-09T14:11:03.569+0000] {processor.py:914} INFO - Processing file /opt/airflow/dags/ecommerce_etl_dag.py for tasks to queue
[2026-05-09T14:11:03.570+0000] {logging_mixin.py:190} INFO - [2026-05-09T14:11:03.570+0000] {dagbag.py:588} INFO - Filling up the DagBag from /opt/airflow/dags/ecommerce_etl_dag.py
[2026-05-09T14:11:03.611+0000] {processor.py:925} INFO - DAG(s) 'ecommerce_etl_pipeline' retrieved from /opt/airflow/dags/ecommerce_etl_dag.py
[2026-05-09T14:11:03.651+0000] {logging_mixin.py:190} INFO - [2026-05-09T14:11:03.651+0000] {dag.py:3239} INFO - Sync 1 DAGs
[2026-05-09T14:11:03.689+0000] {logging_mixin.py:190} INFO - [2026-05-09T14:11:03.689+0000] {dag.py:4180} INFO - Setting next_dagrun for ecommerce_etl_pipeline to 2026-05-09 00:00:00+00:00, run_after=2026-05-10 00:00:00+00:00
[2026-05-09T14:11:03.716+0000] {processor.py:208} INFO - Processing /opt/airflow/dags/ecommerce_etl_dag.py took 0.159 seconds
[2026-05-09T14:11:34.459+0000] {processor.py:186} INFO - Started process (PID=1076) to work on /opt/airflow/dags/ecommerce_etl_dag.py
[2026-05-09T14:11:34.460+0000] {processor.py:914} INFO - Processing file /opt/airflow/dags/ecommerce_etl_dag.py for tasks to queue
[2026-05-09T14:11:34.463+0000] {logging_mixin.py:190} INFO - [2026-05-09T14:11:34.462+0000] {dagbag.py:588} INFO - Filling up the DagBag from /opt/airflow/dags/ecommerce_etl_dag.py
[2026-05-09T14:11:34.523+0000] {processor.py:925} INFO - DAG(s) 'ecommerce_etl_pipeline' retrieved from /opt/airflow/dags/ecommerce_etl_dag.py
[2026-05-09T14:11:34.573+0000] {logging_mixin.py:190} INFO - [2026-05-09T14:11:34.572+0000] {dag.py:3239} INFO - Sync 1 DAGs
[2026-05-09T14:11:34.616+0000] {logging_mixin.py:190} INFO - [2026-05-09T14:11:34.616+0000] {dag.py:4180} INFO - Setting next_dagrun for ecommerce_etl_pipeline to 2026-05-09 00:00:00+00:00, run_after=2026-05-10 00:00:00+00:00
[2026-05-09T14:11:34.645+0000] {processor.py:208} INFO - Processing /opt/airflow/dags/ecommerce_etl_dag.py took 0.201 seconds
[2026-05-09T14:12:04.836+0000] {processor.py:186} INFO - Started process (PID=1087) to work on /opt/airflow/dags/ecommerce_etl_dag.py
[2026-05-09T14:12:04.837+0000] {processor.py:914} INFO - Processing file /opt/airflow/dags/ecommerce_etl_dag.py for tasks to queue
[2026-05-09T14:12:04.839+0000] {logging_mixin.py:190} INFO - [2026-05-09T14:12:04.839+0000] {dagbag.py:588} INFO - Filling up the DagBag from /opt/airflow/dags/ecommerce_etl_dag.py
[2026-05-09T14:12:04.875+0000] {processor.py:925} INFO - DAG(s) 'ecommerce_etl_pipeline' retrieved from /opt/airflow/dags/ecommerce_etl_dag.py
[2026-05-09T14:12:04.911+0000] {logging_mixin.py:190} INFO - [2026-05-09T14:12:04.911+0000] {dag.py:3239} INFO - Sync 1 DAGs
[2026-05-09T14:12:04.950+0000] {logging_mixin.py:190} INFO - [2026-05-09T14:12:04.949+0000] {dag.py:4180} INFO - Setting next_dagrun for ecommerce_etl_pipeline to 2026-05-09 00:00:00+00:00, run_after=2026-05-10 00:00:00+00:00
[2026-05-09T14:12:04.973+0000] {processor.py:208} INFO - Processing /opt/airflow/dags/ecommerce_etl_dag.py took 0.146 seconds
[2026-05-09T14:12:35.156+0000] {processor.py:186} INFO - Started process (PID=1098) to work on /opt/airflow/dags/ecommerce_etl_dag.py
[2026-05-09T14:12:35.157+0000] {processor.py:914} INFO - Processing file /opt/airflow/dags/ecommerce_etl_dag.py for tasks to queue
[2026-05-09T14:12:35.159+0000] {logging_mixin.py:190} INFO - [2026-05-09T14:12:35.159+0000] {dagbag.py:588} INFO - Filling up the DagBag from /opt/airflow/dags/ecommerce_etl_dag.py
[2026-05-09T14:12:35.198+0000] {processor.py:925} INFO - DAG(s) 'ecommerce_etl_pipeline' retrieved from /opt/airflow/dags/ecommerce_etl_dag.py
[2026-05-09T14:12:35.236+0000] {logging_mixin.py:190} INFO - [2026-05-09T14:12:35.235+0000] {dag.py:3239} INFO - Sync 1 DAGs
[2026-05-09T14:12:35.272+0000] {logging_mixin.py:190} INFO - [2026-05-09T14:12:35.272+0000] {dag.py:4180} INFO - Setting next_dagrun for ecommerce_etl_pipeline to 2026-05-09 00:00:00+00:00, run_after=2026-05-10 00:00:00+00:00
[2026-05-09T14:12:35.301+0000] {processor.py:208} INFO - Processing /opt/airflow/dags/ecommerce_etl_dag.py took 0.155 seconds
[2026-05-09T14:13:05.471+0000] {processor.py:186} INFO - Started process (PID=1109) to work on /opt/airflow/dags/ecommerce_etl_dag.py
[2026-05-09T14:13:05.473+0000] {processor.py:914} INFO - Processing file /opt/airflow/dags/ecommerce_etl_dag.py for tasks to queue
[2026-05-09T14:13:05.474+0000] {logging_mixin.py:190} INFO - [2026-05-09T14:13:05.474+0000] {dagbag.py:588} INFO - Filling up the DagBag from /opt/airflow/dags/ecommerce_etl_dag.py
[2026-05-09T14:13:05.509+0000] {processor.py:925} INFO - DAG(s) 'ecommerce_etl_pipeline' retrieved from /opt/airflow/dags/ecommerce_etl_dag.py
[2026-05-09T14:13:05.547+0000] {logging_mixin.py:190} INFO - [2026-05-09T14:13:05.547+0000] {dag.py:3239} INFO - Sync 1 DAGs
[2026-05-09T14:13:05.578+0000] {logging_mixin.py:190} INFO - [2026-05-09T14:13:05.577+0000] {dag.py:4180} INFO - Setting next_dagrun for ecommerce_etl_pipeline to 2026-05-09 00:00:00+00:00, run_after=2026-05-10 00:00:00+00:00
[2026-05-09T14:13:05.599+0000] {processor.py:208} INFO - Processing /opt/airflow/dags/ecommerce_etl_dag.py took 0.137 seconds
[2026-05-09T14:13:35.800+0000] {processor.py:186} INFO - Started process (PID=1120) to work on /opt/airflow/dags/ecommerce_etl_dag.py
[2026-05-09T14:13:35.801+0000] {processor.py:914} INFO - Processing file /opt/airflow/dags/ecommerce_etl_dag.py for tasks to queue
[2026-05-09T14:13:35.803+0000] {logging_mixin.py:190} INFO - [2026-05-09T14:13:35.803+0000] {dagbag.py:588} INFO - Filling up the DagBag from /opt/airflow/dags/ecommerce_etl_dag.py
[2026-05-09T14:13:35.842+0000] {processor.py:925} INFO - DAG(s) 'ecommerce_etl_pipeline' retrieved from /opt/airflow/dags/ecommerce_etl_dag.py
[2026-05-09T14:13:35.885+0000] {logging_mixin.py:190} INFO - [2026-05-09T14:13:35.885+0000] {dag.py:3239} INFO - Sync 1 DAGs
[2026-05-09T14:13:35.925+0000] {logging_mixin.py:190} INFO - [2026-05-09T14:13:35.925+0000] {dag.py:4180} INFO - Setting next_dagrun for ecommerce_etl_pipeline to 2026-05-09 00:00:00+00:00, run_after=2026-05-10 00:00:00+00:00
[2026-05-09T14:13:35.952+0000] {processor.py:208} INFO - Processing /opt/airflow/dags/ecommerce_etl_dag.py took 0.162 seconds
[2026-05-09T14:14:06.132+0000] {processor.py:186} INFO - Started process (PID=1131) to work on /opt/airflow/dags/ecommerce_etl_dag.py
[2026-05-09T14:14:06.134+0000] {processor.py:914} INFO - Processing file /opt/airflow/dags/ecommerce_etl_dag.py for tasks to queue
[2026-05-09T14:14:06.137+0000] {logging_mixin.py:190} INFO - [2026-05-09T14:14:06.136+0000] {dagbag.py:588} INFO - Filling up the DagBag from /opt/airflow/dags/ecommerce_etl_dag.py
[2026-05-09T14:14:06.175+0000] {processor.py:925} INFO - DAG(s) 'ecommerce_etl_pipeline' retrieved from /opt/airflow/dags/ecommerce_etl_dag.py
[2026-05-09T14:14:06.210+0000] {logging_mixin.py:190} INFO - [2026-05-09T14:14:06.210+0000] {dag.py:3239} INFO - Sync 1 DAGs
[2026-05-09T14:14:06.240+0000] {logging_mixin.py:190} INFO - [2026-05-09T14:14:06.240+0000] {dag.py:4180} INFO - Setting next_dagrun for ecommerce_etl_pipeline to 2026-05-09 00:00:00+00:00, run_after=2026-05-10 00:00:00+00:00
[2026-05-09T14:14:06.262+0000] {processor.py:208} INFO - Processing /opt/airflow/dags/ecommerce_etl_dag.py took 0.141 seconds
[2026-05-09T14:14:36.439+0000] {processor.py:186} INFO - Started process (PID=1142) to work on /opt/airflow/dags/ecommerce_etl_dag.py
[2026-05-09T14:14:36.440+0000] {processor.py:914} INFO - Processing file /opt/airflow/dags/ecommerce_etl_dag.py for tasks to queue
[2026-05-09T14:14:36.442+0000] {logging_mixin.py:190} INFO - [2026-05-09T14:14:36.442+0000] {dagbag.py:588} INFO - Filling up the DagBag from /opt/airflow/dags/ecommerce_etl_dag.py
[2026-05-09T14:14:36.475+0000] {processor.py:925} INFO - DAG(s) 'ecommerce_etl_pipeline' retrieved from /opt/airflow/dags/ecommerce_etl_dag.py
[2026-05-09T14:14:36.512+0000] {logging_mixin.py:190} INFO - [2026-05-09T14:14:36.512+0000] {dag.py:3239} INFO - Sync 1 DAGs
[2026-05-09T14:14:36.549+0000] {logging_mixin.py:190} INFO - [2026-05-09T14:14:36.548+0000] {dag.py:4180} INFO - Setting next_dagrun for ecommerce_etl_pipeline to 2026-05-09 00:00:00+00:00, run_after=2026-05-10 00:00:00+00:00
[2026-05-09T14:14:36.572+0000] {processor.py:208} INFO - Processing /opt/airflow/dags/ecommerce_etl_dag.py took 0.141 seconds
[2026-05-09T14:15:06.786+0000] {processor.py:186} INFO - Started process (PID=1152) to work on /opt/airflow/dags/ecommerce_etl_dag.py
[2026-05-09T14:15:06.788+0000] {processor.py:914} INFO - Processing file /opt/airflow/dags/ecommerce_etl_dag.py for tasks to queue
[2026-05-09T14:15:06.791+0000] {logging_mixin.py:190} INFO - [2026-05-09T14:15:06.790+0000] {dagbag.py:588} INFO - Filling up the DagBag from /opt/airflow/dags/ecommerce_etl_dag.py
[2026-05-09T14:15:06.841+0000] {processor.py:925} INFO - DAG(s) 'ecommerce_etl_pipeline' retrieved from /opt/airflow/dags/ecommerce_etl_dag.py
[2026-05-09T14:15:06.896+0000] {logging_mixin.py:190} INFO - [2026-05-09T14:15:06.896+0000] {dag.py:3239} INFO - Sync 1 DAGs
[2026-05-09T14:15:06.938+0000] {logging_mixin.py:190} INFO - [2026-05-09T14:15:06.937+0000] {dag.py:4180} INFO - Setting next_dagrun for ecommerce_etl_pipeline to 2026-05-09 00:00:00+00:00, run_after=2026-05-10 00:00:00+00:00
[2026-05-09T14:15:06.962+0000] {processor.py:208} INFO - Processing /opt/airflow/dags/ecommerce_etl_dag.py took 0.193 seconds
[2026-05-09T14:15:37.145+0000] {processor.py:186} INFO - Started process (PID=1162) to work on /opt/airflow/dags/ecommerce_etl_dag.py
[2026-05-09T14:15:37.147+0000] {processor.py:914} INFO - Processing file /opt/airflow/dags/ecommerce_etl_dag.py for tasks to queue
[2026-05-09T14:15:37.148+0000] {logging_mixin.py:190} INFO - [2026-05-09T14:15:37.148+0000] {dagbag.py:588} INFO - Filling up the DagBag from /opt/airflow/dags/ecommerce_etl_dag.py
[2026-05-09T14:15:37.185+0000] {processor.py:925} INFO - DAG(s) 'ecommerce_etl_pipeline' retrieved from /opt/airflow/dags/ecommerce_etl_dag.py
[2026-05-09T14:15:37.222+0000] {logging_mixin.py:190} INFO - [2026-05-09T14:15:37.222+0000] {dag.py:3239} INFO - Sync 1 DAGs
[2026-05-09T14:15:37.254+0000] {logging_mixin.py:190} INFO - [2026-05-09T14:15:37.254+0000] {dag.py:4180} INFO - Setting next_dagrun for ecommerce_etl_pipeline to 2026-05-09 00:00:00+00:00, run_after=2026-05-10 00:00:00+00:00
[2026-05-09T14:15:37.276+0000] {processor.py:208} INFO - Processing /opt/airflow/dags/ecommerce_etl_dag.py took 0.142 seconds
[2026-05-09T14:16:07.474+0000] {processor.py:186} INFO - Started process (PID=1173) to work on /opt/airflow/dags/ecommerce_etl_dag.py
[2026-05-09T14:16:07.475+0000] {processor.py:914} INFO - Processing file /opt/airflow/dags/ecommerce_etl_dag.py for tasks to queue
[2026-05-09T14:16:07.477+0000] {logging_mixin.py:190} INFO - [2026-05-09T14:16:07.476+0000] {dagbag.py:588} INFO - Filling up the DagBag from /opt/airflow/dags/ecommerce_etl_dag.py
[2026-05-09T14:16:07.515+0000] {processor.py:925} INFO - DAG(s) 'ecommerce_etl_pipeline' retrieved from /opt/airflow/dags/ecommerce_etl_dag.py
[2026-05-09T14:16:07.556+0000] {logging_mixin.py:190} INFO - [2026-05-09T14:16:07.556+0000] {dag.py:3239} INFO - Sync 1 DAGs
[2026-05-09T14:16:07.585+0000] {logging_mixin.py:190} INFO - [2026-05-09T14:16:07.585+0000] {dag.py:4180} INFO - Setting next_dagrun for ecommerce_etl_pipeline to 2026-05-09 00:00:00+00:00, run_after=2026-05-10 00:00:00+00:00
[2026-05-09T14:16:07.607+0000] {processor.py:208} INFO - Processing /opt/airflow/dags/ecommerce_etl_dag.py took 0.143 seconds
[2026-05-09T14:16:37.788+0000] {processor.py:186} INFO - Started process (PID=1184) to work on /opt/airflow/dags/ecommerce_etl_dag.py
[2026-05-09T14:16:37.790+0000] {processor.py:914} INFO - Processing file /opt/airflow/dags/ecommerce_etl_dag.py for tasks to queue
[2026-05-09T14:16:37.792+0000] {logging_mixin.py:190} INFO - [2026-05-09T14:16:37.792+0000] {dagbag.py:588} INFO - Filling up the DagBag from /opt/airflow/dags/ecommerce_etl_dag.py
[2026-05-09T14:16:37.826+0000] {processor.py:925} INFO - DAG(s) 'ecommerce_etl_pipeline' retrieved from /opt/airflow/dags/ecommerce_etl_dag.py
[2026-05-09T14:16:37.870+0000] {logging_mixin.py:190} INFO - [2026-05-09T14:16:37.869+0000] {dag.py:3239} INFO - Sync 1 DAGs
[2026-05-09T14:16:37.910+0000] {logging_mixin.py:190} INFO - [2026-05-09T14:16:37.910+0000] {dag.py:4180} INFO - Setting next_dagrun for ecommerce_etl_pipeline to 2026-05-09 00:00:00+00:00, run_after=2026-05-10 00:00:00+00:00
[2026-05-09T14:16:37.934+0000] {processor.py:208} INFO - Processing /opt/airflow/dags/ecommerce_etl_dag.py took 0.157 seconds
[2026-05-09T14:17:08.128+0000] {processor.py:186} INFO - Started process (PID=1195) to work on /opt/airflow/dags/ecommerce_etl_dag.py
[2026-05-09T14:17:08.130+0000] {processor.py:914} INFO - Processing file /opt/airflow/dags/ecommerce_etl_dag.py for tasks to queue
[2026-05-09T14:17:08.132+0000] {logging_mixin.py:190} INFO - [2026-05-09T14:17:08.131+0000] {dagbag.py:588} INFO - Filling up the DagBag from /opt/airflow/dags/ecommerce_etl_dag.py
[2026-05-09T14:17:08.171+0000] {processor.py:925} INFO - DAG(s) 'ecommerce_etl_pipeline' retrieved from /opt/airflow/dags/ecommerce_etl_dag.py
[2026-05-09T14:17:08.205+0000] {logging_mixin.py:190} INFO - [2026-05-09T14:17:08.205+0000] {dag.py:3239} INFO - Sync 1 DAGs
[2026-05-09T14:17:08.235+0000] {logging_mixin.py:190} INFO - [2026-05-09T14:17:08.235+0000] {dag.py:4180} INFO - Setting next_dagrun for ecommerce_etl_pipeline to 2026-05-09 00:00:00+00:00, run_after=2026-05-10 00:00:00+00:00
[2026-05-09T14:17:08.258+0000] {processor.py:208} INFO - Processing /opt/airflow/dags/ecommerce_etl_dag.py took 0.140 seconds
[2026-05-09T14:17:38.461+0000] {processor.py:186} INFO - Started process (PID=1207) to work on /opt/airflow/dags/ecommerce_etl_dag.py
[2026-05-09T14:17:38.463+0000] {processor.py:914} INFO - Processing file /opt/airflow/dags/ecommerce_etl_dag.py for tasks to queue
[2026-05-09T14:17:38.465+0000] {logging_mixin.py:190} INFO - [2026-05-09T14:17:38.464+0000] {dagbag.py:588} INFO - Filling up the DagBag from /opt/airflow/dags/ecommerce_etl_dag.py
[2026-05-09T14:17:38.505+0000] {processor.py:925} INFO - DAG(s) 'ecommerce_etl_pipeline' retrieved from /opt/airflow/dags/ecommerce_etl_dag.py
[2026-05-09T14:17:38.550+0000] {logging_mixin.py:190} INFO - [2026-05-09T14:17:38.550+0000] {dag.py:3239} INFO - Sync 1 DAGs
[2026-05-09T14:17:38.587+0000] {logging_mixin.py:190} INFO - [2026-05-09T14:17:38.586+0000] {dag.py:4180} INFO - Setting next_dagrun for ecommerce_etl_pipeline to 2026-05-09 00:00:00+00:00, run_after=2026-05-10 00:00:00+00:00
[2026-05-09T14:17:38.611+0000] {processor.py:208} INFO - Processing /opt/airflow/dags/ecommerce_etl_dag.py took 0.159 seconds
[2026-05-09T14:18:08.788+0000] {processor.py:186} INFO - Started process (PID=1218) to work on /opt/airflow/dags/ecommerce_etl_dag.py
[2026-05-09T14:18:08.789+0000] {processor.py:914} INFO - Processing file /opt/airflow/dags/ecommerce_etl_dag.py for tasks to queue
[2026-05-09T14:18:08.791+0000] {logging_mixin.py:190} INFO - [2026-05-09T14:18:08.791+0000] {dagbag.py:588} INFO - Filling up the DagBag from /opt/airflow/dags/ecommerce_etl_dag.py
[2026-05-09T14:18:08.830+0000] {processor.py:925} INFO - DAG(s) 'ecommerce_etl_pipeline' retrieved from /opt/airflow/dags/ecommerce_etl_dag.py
[2026-05-09T14:18:08.863+0000] {logging_mixin.py:190} INFO - [2026-05-09T14:18:08.863+0000] {dag.py:3239} INFO - Sync 1 DAGs
[2026-05-09T14:18:08.894+0000] {logging_mixin.py:190} INFO - [2026-05-09T14:18:08.894+0000] {dag.py:4180} INFO - Setting next_dagrun for ecommerce_etl_pipeline to 2026-05-09 00:00:00+00:00, run_after=2026-05-10 00:00:00+00:00
[2026-05-09T14:18:08.917+0000] {processor.py:208} INFO - Processing /opt/airflow/dags/ecommerce_etl_dag.py took 0.138 seconds
[2026-05-09T14:18:39.107+0000] {processor.py:186} INFO - Started process (PID=1229) to work on /opt/airflow/dags/ecommerce_etl_dag.py
[2026-05-09T14:18:39.108+0000] {processor.py:914} INFO - Processing file /opt/airflow/dags/ecommerce_etl_dag.py for tasks to queue
[2026-05-09T14:18:39.110+0000] {logging_mixin.py:190} INFO - [2026-05-09T14:18:39.109+0000] {dagbag.py:588} INFO - Filling up the DagBag from /opt/airflow/dags/ecommerce_etl_dag.py
[2026-05-09T14:18:39.144+0000] {processor.py:925} INFO - DAG(s) 'ecommerce_etl_pipeline' retrieved from /opt/airflow/dags/ecommerce_etl_dag.py
[2026-05-09T14:18:39.180+0000] {logging_mixin.py:190} INFO - [2026-05-09T14:18:39.180+0000] {dag.py:3239} INFO - Sync 1 DAGs
[2026-05-09T14:18:39.215+0000] {logging_mixin.py:190} INFO - [2026-05-09T14:18:39.215+0000] {dag.py:4180} INFO - Setting next_dagrun for ecommerce_etl_pipeline to 2026-05-09 00:00:00+00:00, run_after=2026-05-10 00:00:00+00:00
[2026-05-09T14:18:39.237+0000] {processor.py:208} INFO - Processing /opt/airflow/dags/ecommerce_etl_dag.py took 0.140 seconds
[2026-05-09T14:19:09.488+0000] {processor.py:186} INFO - Started process (PID=1240) to work on /opt/airflow/dags/ecommerce_etl_dag.py
[2026-05-09T14:19:09.490+0000] {processor.py:914} INFO - Processing file /opt/airflow/dags/ecommerce_etl_dag.py for tasks to queue
[2026-05-09T14:19:09.491+0000] {logging_mixin.py:190} INFO - [2026-05-09T14:19:09.491+0000] {dagbag.py:588} INFO - Filling up the DagBag from /opt/airflow/dags/ecommerce_etl_dag.py
[2026-05-09T14:19:09.525+0000] {processor.py:925} INFO - DAG(s) 'ecommerce_etl_pipeline' retrieved from /opt/airflow/dags/ecommerce_etl_dag.py
[2026-05-09T14:19:09.559+0000] {logging_mixin.py:190} INFO - [2026-05-09T14:19:09.559+0000] {dag.py:3239} INFO - Sync 1 DAGs
[2026-05-09T14:19:09.593+0000] {logging_mixin.py:190} INFO - [2026-05-09T14:19:09.593+0000] {dag.py:4180} INFO - Setting next_dagrun for ecommerce_etl_pipeline to 2026-05-09 00:00:00+00:00, run_after=2026-05-10 00:00:00+00:00
[2026-05-09T14:19:09.614+0000] {processor.py:208} INFO - Processing /opt/airflow/dags/ecommerce_etl_dag.py took 0.137 seconds
[2026-05-09T14:19:39.751+0000] {processor.py:186} INFO - Started process (PID=1252) to work on /opt/airflow/dags/ecommerce_etl_dag.py
[2026-05-09T14:19:39.753+0000] {processor.py:914} INFO - Processing file /opt/airflow/dags/ecommerce_etl_dag.py for tasks to queue
[2026-05-09T14:19:39.755+0000] {logging_mixin.py:190} INFO - [2026-05-09T14:19:39.754+0000] {dagbag.py:588} INFO - Filling up the DagBag from /opt/airflow/dags/ecommerce_etl_dag.py
[2026-05-09T14:19:39.800+0000] {processor.py:925} INFO - DAG(s) 'ecommerce_etl_pipeline' retrieved from /opt/airflow/dags/ecommerce_etl_dag.py
[2026-05-09T14:19:39.836+0000] {logging_mixin.py:190} INFO - [2026-05-09T14:19:39.835+0000] {dag.py:3239} INFO - Sync 1 DAGs
[2026-05-09T14:19:39.876+0000] {logging_mixin.py:190} INFO - [2026-05-09T14:19:39.875+0000] {dag.py:4180} INFO - Setting next_dagrun for ecommerce_etl_pipeline to 2026-05-09 00:00:00+00:00, run_after=2026-05-10 00:00:00+00:00
[2026-05-09T14:19:39.898+0000] {processor.py:208} INFO - Processing /opt/airflow/dags/ecommerce_etl_dag.py took 0.157 seconds
[2026-05-09T14:20:10.154+0000] {processor.py:186} INFO - Started process (PID=1263) to work on /opt/airflow/dags/ecommerce_etl_dag.py
[2026-05-09T14:20:10.156+0000] {processor.py:914} INFO - Processing file /opt/airflow/dags/ecommerce_etl_dag.py for tasks to queue
[2026-05-09T14:20:10.159+0000] {logging_mixin.py:190} INFO - [2026-05-09T14:20:10.158+0000] {dagbag.py:588} INFO - Filling up the DagBag from /opt/airflow/dags/ecommerce_etl_dag.py
[2026-05-09T14:20:10.200+0000] {processor.py:925} INFO - DAG(s) 'ecommerce_etl_pipeline' retrieved from /opt/airflow/dags/ecommerce_etl_dag.py
[2026-05-09T14:20:10.234+0000] {logging_mixin.py:190} INFO - [2026-05-09T14:20:10.233+0000] {dag.py:3239} INFO - Sync 1 DAGs
[2026-05-09T14:20:10.264+0000] {logging_mixin.py:190} INFO - [2026-05-09T14:20:10.264+0000] {dag.py:4180} INFO - Setting next_dagrun for ecommerce_etl_pipeline to 2026-05-09 00:00:00+00:00, run_after=2026-05-10 00:00:00+00:00
[2026-05-09T14:20:10.285+0000] {processor.py:208} INFO - Processing /opt/airflow/dags/ecommerce_etl_dag.py took 0.147 seconds
[2026-05-09T14:20:40.455+0000] {processor.py:186} INFO - Started process (PID=1274) to work on /opt/airflow/dags/ecommerce_etl_dag.py
[2026-05-09T14:20:40.457+0000] {processor.py:914} INFO - Processing file /opt/airflow/dags/ecommerce_etl_dag.py for tasks to queue
[2026-05-09T14:20:40.459+0000] {logging_mixin.py:190} INFO - [2026-05-09T14:20:40.458+0000] {dagbag.py:588} INFO - Filling up the DagBag from /opt/airflow/dags/ecommerce_etl_dag.py
[2026-05-09T14:20:40.496+0000] {processor.py:925} INFO - DAG(s) 'ecommerce_etl_pipeline' retrieved from /opt/airflow/dags/ecommerce_etl_dag.py
[2026-05-09T14:20:40.535+0000] {logging_mixin.py:190} INFO - [2026-05-09T14:20:40.535+0000] {dag.py:3239} INFO - Sync 1 DAGs
[2026-05-09T14:20:40.569+0000] {logging_mixin.py:190} INFO - [2026-05-09T14:20:40.569+0000] {dag.py:4180} INFO - Setting next_dagrun for ecommerce_etl_pipeline to 2026-05-09 00:00:00+00:00, run_after=2026-05-10 00:00:00+00:00
[2026-05-09T14:20:40.592+0000] {processor.py:208} INFO - Processing /opt/airflow/dags/ecommerce_etl_dag.py took 0.152 seconds
[2026-05-09T14:21:10.796+0000] {processor.py:186} INFO - Started process (PID=1285) to work on /opt/airflow/dags/ecommerce_etl_dag.py
[2026-05-09T14:21:10.798+0000] {processor.py:914} INFO - Processing file /opt/airflow/dags/ecommerce_etl_dag.py for tasks to queue
[2026-05-09T14:21:10.800+0000] {logging_mixin.py:190} INFO - [2026-05-09T14:21:10.800+0000] {dagbag.py:588} INFO - Filling up the DagBag from /opt/airflow/dags/ecommerce_etl_dag.py
[2026-05-09T14:21:10.835+0000] {processor.py:925} INFO - DAG(s) 'ecommerce_etl_pipeline' retrieved from /opt/airflow/dags/ecommerce_etl_dag.py
[2026-05-09T14:21:10.881+0000] {logging_mixin.py:190} INFO - [2026-05-09T14:21:10.881+0000] {dag.py:3239} INFO - Sync 1 DAGs
[2026-05-09T14:21:10.920+0000] {logging_mixin.py:190} INFO - [2026-05-09T14:21:10.919+0000] {dag.py:4180} INFO - Setting next_dagrun for ecommerce_etl_pipeline to 2026-05-09 00:00:00+00:00, run_after=2026-05-10 00:00:00+00:00
[2026-05-09T14:21:10.943+0000] {processor.py:208} INFO - Processing /opt/airflow/dags/ecommerce_etl_dag.py took 0.159 seconds
[2026-05-09T14:21:41.082+0000] {processor.py:186} INFO - Started process (PID=1296) to work on /opt/airflow/dags/ecommerce_etl_dag.py
[2026-05-09T14:21:41.084+0000] {processor.py:914} INFO - Processing file /opt/airflow/dags/ecommerce_etl_dag.py for tasks to queue
[2026-05-09T14:21:41.086+0000] {logging_mixin.py:190} INFO - [2026-05-09T14:21:41.085+0000] {dagbag.py:588} INFO - Filling up the DagBag from /opt/airflow/dags/ecommerce_etl_dag.py
[2026-05-09T14:21:41.129+0000] {processor.py:925} INFO - DAG(s) 'ecommerce_etl_pipeline' retrieved from /opt/airflow/dags/ecommerce_etl_dag.py
[2026-05-09T14:21:41.177+0000] {logging_mixin.py:190} INFO - [2026-05-09T14:21:41.176+0000] {dag.py:3239} INFO - Sync 1 DAGs
[2026-05-09T14:21:41.216+0000] {logging_mixin.py:190} INFO - [2026-05-09T14:21:41.215+0000] {dag.py:4180} INFO - Setting next_dagrun for ecommerce_etl_pipeline to 2026-05-09 00:00:00+00:00, run_after=2026-05-10 00:00:00+00:00
[2026-05-09T14:21:41.240+0000] {processor.py:208} INFO - Processing /opt/airflow/dags/ecommerce_etl_dag.py took 0.169 seconds
[2026-05-09T14:22:11.482+0000] {processor.py:186} INFO - Started process (PID=1307) to work on /opt/airflow/dags/ecommerce_etl_dag.py
[2026-05-09T14:22:11.484+0000] {processor.py:914} INFO - Processing file /opt/airflow/dags/ecommerce_etl_dag.py for tasks to queue
[2026-05-09T14:22:11.486+0000] {logging_mixin.py:190} INFO - [2026-05-09T14:22:11.485+0000] {dagbag.py:588} INFO - Filling up the DagBag from /opt/airflow/dags/ecommerce_etl_dag.py
[2026-05-09T14:22:11.520+0000] {processor.py:925} INFO - DAG(s) 'ecommerce_etl_pipeline' retrieved from /opt/airflow/dags/ecommerce_etl_dag.py
[2026-05-09T14:22:11.554+0000] {logging_mixin.py:190} INFO - [2026-05-09T14:22:11.553+0000] {dag.py:3239} INFO - Sync 1 DAGs
[2026-05-09T14:22:11.583+0000] {logging_mixin.py:190} INFO - [2026-05-09T14:22:11.583+0000] {dag.py:4180} INFO - Setting next_dagrun for ecommerce_etl_pipeline to 2026-05-09 00:00:00+00:00, run_after=2026-05-10 00:00:00+00:00
[2026-05-09T14:22:11.603+0000] {processor.py:208} INFO - Processing /opt/airflow/dags/ecommerce_etl_dag.py took 0.131 seconds
[2026-05-09T14:22:41.750+0000] {processor.py:186} INFO - Started process (PID=1318) to work on /opt/airflow/dags/ecommerce_etl_dag.py
[2026-05-09T14:22:41.752+0000] {processor.py:914} INFO - Processing file /opt/airflow/dags/ecommerce_etl_dag.py for tasks to queue
[2026-05-09T14:22:41.754+0000] {logging_mixin.py:190} INFO - [2026-05-09T14:22:41.753+0000] {dagbag.py:588} INFO - Filling up the DagBag from /opt/airflow/dags/ecommerce_etl_dag.py
[2026-05-09T14:22:41.788+0000] {processor.py:925} INFO - DAG(s) 'ecommerce_etl_pipeline' retrieved from /opt/airflow/dags/ecommerce_etl_dag.py
[2026-05-09T14:22:41.826+0000] {logging_mixin.py:190} INFO - [2026-05-09T14:22:41.825+0000] {dag.py:3239} INFO - Sync 1 DAGs
[2026-05-09T14:22:41.860+0000] {logging_mixin.py:190} INFO - [2026-05-09T14:22:41.860+0000] {dag.py:4180} INFO - Setting next_dagrun for ecommerce_etl_pipeline to 2026-05-09 00:00:00+00:00, run_after=2026-05-10 00:00:00+00:00
[2026-05-09T14:22:41.881+0000] {processor.py:208} INFO - Processing /opt/airflow/dags/ecommerce_etl_dag.py took 0.145 seconds
[2026-05-09T14:23:12.124+0000] {processor.py:186} INFO - Started process (PID=1329) to work on /opt/airflow/dags/ecommerce_etl_dag.py
[2026-05-09T14:23:12.126+0000] {processor.py:914} INFO - Processing file /opt/airflow/dags/ecommerce_etl_dag.py for tasks to queue
[2026-05-09T14:23:12.128+0000] {logging_mixin.py:190} INFO - [2026-05-09T14:23:12.127+0000] {dagbag.py:588} INFO - Filling up the DagBag from /opt/airflow/dags/ecommerce_etl_dag.py
[2026-05-09T14:23:12.163+0000] {processor.py:925} INFO - DAG(s) 'ecommerce_etl_pipeline' retrieved from /opt/airflow/dags/ecommerce_etl_dag.py
[2026-05-09T14:23:12.202+0000] {logging_mixin.py:190} INFO - [2026-05-09T14:23:12.201+0000] {dag.py:3239} INFO - Sync 1 DAGs
[2026-05-09T14:23:12.238+0000] {logging_mixin.py:190} INFO - [2026-05-09T14:23:12.237+0000] {dag.py:4180} INFO - Setting next_dagrun for ecommerce_etl_pipeline to 2026-05-09 00:00:00+00:00, run_after=2026-05-10 00:00:00+00:00
[2026-05-09T14:23:12.264+0000] {processor.py:208} INFO - Processing /opt/airflow/dags/ecommerce_etl_dag.py took 0.149 seconds
[2026-05-09T14:23:42.401+0000] {processor.py:186} INFO - Started process (PID=1340) to work on /opt/airflow/dags/ecommerce_etl_dag.py
[2026-05-09T14:23:42.403+0000] {processor.py:914} INFO - Processing file /opt/airflow/dags/ecommerce_etl_dag.py for tasks to queue
[2026-05-09T14:23:42.404+0000] {logging_mixin.py:190} INFO - [2026-05-09T14:23:42.404+0000] {dagbag.py:588} INFO - Filling up the DagBag from /opt/airflow/dags/ecommerce_etl_dag.py
[2026-05-09T14:23:42.439+0000] {processor.py:925} INFO - DAG(s) 'ecommerce_etl_pipeline' retrieved from /opt/airflow/dags/ecommerce_etl_dag.py
[2026-05-09T14:23:42.504+0000] {logging_mixin.py:190} INFO - [2026-05-09T14:23:42.504+0000] {dag.py:3239} INFO - Sync 1 DAGs
[2026-05-09T14:23:42.564+0000] {logging_mixin.py:190} INFO - [2026-05-09T14:23:42.563+0000] {dag.py:4180} INFO - Setting next_dagrun for ecommerce_etl_pipeline to 2026-05-09 00:00:00+00:00, run_after=2026-05-10 00:00:00+00:00
[2026-05-09T14:23:42.594+0000] {processor.py:208} INFO - Processing /opt/airflow/dags/ecommerce_etl_dag.py took 0.205 seconds
[2026-05-09T14:24:12.850+0000] {processor.py:186} INFO - Started process (PID=1351) to work on /opt/airflow/dags/ecommerce_etl_dag.py
[2026-05-09T14:24:12.852+0000] {processor.py:914} INFO - Processing file /opt/airflow/dags/ecommerce_etl_dag.py for tasks to queue
[2026-05-09T14:24:12.854+0000] {logging_mixin.py:190} INFO - [2026-05-09T14:24:12.853+0000] {dagbag.py:588} INFO - Filling up the DagBag from /opt/airflow/dags/ecommerce_etl_dag.py
[2026-05-09T14:24:12.891+0000] {processor.py:925} INFO - DAG(s) 'ecommerce_etl_pipeline' retrieved from /opt/airflow/dags/ecommerce_etl_dag.py
[2026-05-09T14:24:12.931+0000] {logging_mixin.py:190} INFO - [2026-05-09T14:24:12.931+0000] {dag.py:3239} INFO - Sync 1 DAGs
[2026-05-09T14:24:12.972+0000] {logging_mixin.py:190} INFO - [2026-05-09T14:24:12.971+0000] {dag.py:4180} INFO - Setting next_dagrun for ecommerce_etl_pipeline to 2026-05-09 00:00:00+00:00, run_after=2026-05-10 00:00:00+00:00
[2026-05-09T14:24:12.994+0000] {processor.py:208} INFO - Processing /opt/airflow/dags/ecommerce_etl_dag.py took 0.152 seconds
[2026-05-09T14:24:43.496+0000] {processor.py:186} INFO - Started process (PID=1362) to work on /opt/airflow/dags/ecommerce_etl_dag.py
[2026-05-09T14:24:43.498+0000] {processor.py:914} INFO - Processing file /opt/airflow/dags/ecommerce_etl_dag.py for tasks to queue
[2026-05-09T14:24:43.499+0000] {logging_mixin.py:190} INFO - [2026-05-09T14:24:43.499+0000] {dagbag.py:588} INFO - Filling up the DagBag from /opt/airflow/dags/ecommerce_etl_dag.py
[2026-05-09T14:24:43.532+0000] {processor.py:925} INFO - DAG(s) 'ecommerce_etl_pipeline' retrieved from /opt/airflow/dags/ecommerce_etl_dag.py
[2026-05-09T14:24:43.574+0000] {logging_mixin.py:190} INFO - [2026-05-09T14:24:43.574+0000] {dag.py:3239} INFO - Sync 1 DAGs
[2026-05-09T14:24:43.611+0000] {logging_mixin.py:190} INFO - [2026-05-09T14:24:43.611+0000] {dag.py:4180} INFO - Setting next_dagrun for ecommerce_etl_pipeline to 2026-05-09 00:00:00+00:00, run_after=2026-05-10 00:00:00+00:00
[2026-05-09T14:24:43.636+0000] {processor.py:208} INFO - Processing /opt/airflow/dags/ecommerce_etl_dag.py took 0.150 seconds
[2026-05-09T14:25:13.859+0000] {processor.py:186} INFO - Started process (PID=1373) to work on /opt/airflow/dags/ecommerce_etl_dag.py
[2026-05-09T14:25:13.862+0000] {processor.py:914} INFO - Processing file /opt/airflow/dags/ecommerce_etl_dag.py for tasks to queue
[2026-05-09T14:25:13.864+0000] {logging_mixin.py:190} INFO - [2026-05-09T14:25:13.863+0000] {dagbag.py:588} INFO - Filling up the DagBag from /opt/airflow/dags/ecommerce_etl_dag.py
[2026-05-09T14:25:13.899+0000] {processor.py:925} INFO - DAG(s) 'ecommerce_etl_pipeline' retrieved from /opt/airflow/dags/ecommerce_etl_dag.py
[2026-05-09T14:25:13.940+0000] {logging_mixin.py:190} INFO - [2026-05-09T14:25:13.939+0000] {dag.py:3239} INFO - Sync 1 DAGs
[2026-05-09T14:25:13.973+0000] {logging_mixin.py:190} INFO - [2026-05-09T14:25:13.973+0000] {dag.py:4180} INFO - Setting next_dagrun for ecommerce_etl_pipeline to 2026-05-09 00:00:00+00:00, run_after=2026-05-10 00:00:00+00:00
[2026-05-09T14:25:13.995+0000] {processor.py:208} INFO - Processing /opt/airflow/dags/ecommerce_etl_dag.py took 0.148 seconds
[2026-05-09T14:25:44.114+0000] {processor.py:186} INFO - Started process (PID=1384) to work on /opt/airflow/dags/ecommerce_etl_dag.py
[2026-05-09T14:25:44.116+0000] {processor.py:914} INFO - Processing file /opt/airflow/dags/ecommerce_etl_dag.py for tasks to queue
[2026-05-09T14:25:44.118+0000] {logging_mixin.py:190} INFO - [2026-05-09T14:25:44.117+0000] {dagbag.py:588} INFO - Filling up the DagBag from /opt/airflow/dags/ecommerce_etl_dag.py
[2026-05-09T14:25:44.150+0000] {processor.py:925} INFO - DAG(s) 'ecommerce_etl_pipeline' retrieved from /opt/airflow/dags/ecommerce_etl_dag.py
[2026-05-09T14:25:44.189+0000] {logging_mixin.py:190} INFO - [2026-05-09T14:25:44.188+0000] {dag.py:3239} INFO - Sync 1 DAGs
[2026-05-09T14:25:44.221+0000] {logging_mixin.py:190} INFO - [2026-05-09T14:25:44.221+0000] {dag.py:4180} INFO - Setting next_dagrun for ecommerce_etl_pipeline to 2026-05-09 00:00:00+00:00, run_after=2026-05-10 00:00:00+00:00
[2026-05-09T14:25:44.242+0000] {processor.py:208} INFO - Processing /opt/airflow/dags/ecommerce_etl_dag.py took 0.137 seconds
[2026-05-09T14:26:14.460+0000] {processor.py:186} INFO - Started process (PID=1420) to work on /opt/airflow/dags/ecommerce_etl_dag.py
[2026-05-09T14:26:14.462+0000] {processor.py:914} INFO - Processing file /opt/airflow/dags/ecommerce_etl_dag.py for tasks to queue
[2026-05-09T14:26:14.465+0000] {logging_mixin.py:190} INFO - [2026-05-09T14:26:14.464+0000] {dagbag.py:588} INFO - Filling up the DagBag from /opt/airflow/dags/ecommerce_etl_dag.py
[2026-05-09T14:26:14.504+0000] {processor.py:925} INFO - DAG(s) 'ecommerce_etl_pipeline' retrieved from /opt/airflow/dags/ecommerce_etl_dag.py
[2026-05-09T14:26:14.547+0000] {logging_mixin.py:190} INFO - [2026-05-09T14:26:14.546+0000] {dag.py:3239} INFO - Sync 1 DAGs
[2026-05-09T14:26:14.588+0000] {logging_mixin.py:190} INFO - [2026-05-09T14:26:14.588+0000] {dag.py:4180} INFO - Setting next_dagrun for ecommerce_etl_pipeline to 2026-05-09 00:00:00+00:00, run_after=2026-05-10 00:00:00+00:00
[2026-05-09T14:26:14.622+0000] {processor.py:208} INFO - Processing /opt/airflow/dags/ecommerce_etl_dag.py took 0.178 seconds
[2026-05-09T14:26:44.960+0000] {processor.py:186} INFO - Started process (PID=1431) to work on /opt/airflow/dags/ecommerce_etl_dag.py
[2026-05-09T14:26:44.966+0000] {processor.py:914} INFO - Processing file /opt/airflow/dags/ecommerce_etl_dag.py for tasks to queue
[2026-05-09T14:26:44.982+0000] {logging_mixin.py:190} INFO - [2026-05-09T14:26:44.977+0000] {dagbag.py:588} INFO - Filling up the DagBag from /opt/airflow/dags/ecommerce_etl_dag.py
[2026-05-09T14:26:45.295+0000] {processor.py:925} INFO - DAG(s) 'ecommerce_etl_pipeline' retrieved from /opt/airflow/dags/ecommerce_etl_dag.py
[2026-05-09T14:26:45.558+0000] {logging_mixin.py:190} INFO - [2026-05-09T14:26:45.557+0000] {dag.py:3239} INFO - Sync 1 DAGs
[2026-05-09T14:26:45.695+0000] {logging_mixin.py:190} INFO - [2026-05-09T14:26:45.694+0000] {dag.py:4180} INFO - Setting next_dagrun for ecommerce_etl_pipeline to 2026-05-09 00:00:00+00:00, run_after=2026-05-10 00:00:00+00:00
[2026-05-09T14:26:45.767+0000] {processor.py:208} INFO - Processing /opt/airflow/dags/ecommerce_etl_dag.py took 0.975 seconds
[2026-05-09T14:27:16.037+0000] {processor.py:186} INFO - Started process (PID=1468) to work on /opt/airflow/dags/ecommerce_etl_dag.py
[2026-05-09T14:27:16.038+0000] {processor.py:914} INFO - Processing file /opt/airflow/dags/ecommerce_etl_dag.py for tasks to queue
[2026-05-09T14:27:16.042+0000] {logging_mixin.py:190} INFO - [2026-05-09T14:27:16.041+0000] {dagbag.py:588} INFO - Filling up the DagBag from /opt/airflow/dags/ecommerce_etl_dag.py
[2026-05-09T14:27:16.130+0000] {processor.py:925} INFO - DAG(s) 'ecommerce_etl_pipeline' retrieved from /opt/airflow/dags/ecommerce_etl_dag.py
[2026-05-09T14:27:16.224+0000] {logging_mixin.py:190} INFO - [2026-05-09T14:27:16.224+0000] {dag.py:3239} INFO - Sync 1 DAGs
[2026-05-09T14:27:16.280+0000] {logging_mixin.py:190} INFO - [2026-05-09T14:27:16.280+0000] {dag.py:4180} INFO - Setting next_dagrun for ecommerce_etl_pipeline to 2026-05-09 00:00:00+00:00, run_after=2026-05-10 00:00:00+00:00
[2026-05-09T14:27:16.315+0000] {processor.py:208} INFO - Processing /opt/airflow/dags/ecommerce_etl_dag.py took 0.291 seconds
[2026-05-09T14:27:46.700+0000] {processor.py:186} INFO - Started process (PID=1479) to work on /opt/airflow/dags/ecommerce_etl_dag.py
[2026-05-09T14:27:46.704+0000] {processor.py:914} INFO - Processing file /opt/airflow/dags/ecommerce_etl_dag.py for tasks to queue
[2026-05-09T14:27:46.711+0000] {logging_mixin.py:190} INFO - [2026-05-09T14:27:46.708+0000] {dagbag.py:588} INFO - Filling up the DagBag from /opt/airflow/dags/ecommerce_etl_dag.py
[2026-05-09T14:27:46.962+0000] {processor.py:925} INFO - DAG(s) 'ecommerce_etl_pipeline' retrieved from /opt/airflow/dags/ecommerce_etl_dag.py
[2026-05-09T14:27:47.270+0000] {logging_mixin.py:190} INFO - [2026-05-09T14:27:47.268+0000] {dag.py:3239} INFO - Sync 1 DAGs
[2026-05-09T14:27:47.618+0000] {logging_mixin.py:190} INFO - [2026-05-09T14:27:47.617+0000] {dag.py:4180} INFO - Setting next_dagrun for ecommerce_etl_pipeline to 2026-05-09 00:00:00+00:00, run_after=2026-05-10 00:00:00+00:00
[2026-05-09T14:27:47.729+0000] {processor.py:208} INFO - Processing /opt/airflow/dags/ecommerce_etl_dag.py took 1.075 seconds
[2026-05-09T14:28:17.900+0000] {processor.py:186} INFO - Started process (PID=1516) to work on /opt/airflow/dags/ecommerce_etl_dag.py
[2026-05-09T14:28:17.903+0000] {processor.py:914} INFO - Processing file /opt/airflow/dags/ecommerce_etl_dag.py for tasks to queue
[2026-05-09T14:28:17.908+0000] {logging_mixin.py:190} INFO - [2026-05-09T14:28:17.906+0000] {dagbag.py:588} INFO - Filling up the DagBag from /opt/airflow/dags/ecommerce_etl_dag.py
[2026-05-09T14:28:17.951+0000] {processor.py:925} INFO - DAG(s) 'ecommerce_etl_pipeline' retrieved from /opt/airflow/dags/ecommerce_etl_dag.py
[2026-05-09T14:28:17.997+0000] {logging_mixin.py:190} INFO - [2026-05-09T14:28:17.996+0000] {dag.py:3239} INFO - Sync 1 DAGs
[2026-05-09T14:28:18.041+0000] {logging_mixin.py:190} INFO - [2026-05-09T14:28:18.040+0000] {dag.py:4180} INFO - Setting next_dagrun for ecommerce_etl_pipeline to 2026-05-09 00:00:00+00:00, run_after=2026-05-10 00:00:00+00:00
[2026-05-09T14:28:18.069+0000] {processor.py:208} INFO - Processing /opt/airflow/dags/ecommerce_etl_dag.py took 0.187 seconds
[2026-05-09T14:28:48.284+0000] {processor.py:186} INFO - Started process (PID=1527) to work on /opt/airflow/dags/ecommerce_etl_dag.py
[2026-05-09T14:28:48.286+0000] {processor.py:914} INFO - Processing file /opt/airflow/dags/ecommerce_etl_dag.py for tasks to queue
[2026-05-09T14:28:48.294+0000] {logging_mixin.py:190} INFO - [2026-05-09T14:28:48.291+0000] {dagbag.py:588} INFO - Filling up the DagBag from /opt/airflow/dags/ecommerce_etl_dag.py
[2026-05-09T14:28:48.340+0000] {processor.py:925} INFO - DAG(s) 'ecommerce_etl_pipeline' retrieved from /opt/airflow/dags/ecommerce_etl_dag.py
[2026-05-09T14:28:48.395+0000] {logging_mixin.py:190} INFO - [2026-05-09T14:28:48.395+0000] {dag.py:3239} INFO - Sync 1 DAGs
[2026-05-09T14:28:48.444+0000] {logging_mixin.py:190} INFO - [2026-05-09T14:28:48.443+0000] {dag.py:4180} INFO - Setting next_dagrun for ecommerce_etl_pipeline to 2026-05-09 00:00:00+00:00, run_after=2026-05-10 00:00:00+00:00
[2026-05-09T14:28:48.477+0000] {processor.py:208} INFO - Processing /opt/airflow/dags/ecommerce_etl_dag.py took 0.217 seconds
[2026-05-09T14:29:18.624+0000] {processor.py:186} INFO - Started process (PID=1538) to work on /opt/airflow/dags/ecommerce_etl_dag.py
[2026-05-09T14:29:18.627+0000] {processor.py:914} INFO - Processing file /opt/airflow/dags/ecommerce_etl_dag.py for tasks to queue
[2026-05-09T14:29:18.630+0000] {logging_mixin.py:190} INFO - [2026-05-09T14:29:18.629+0000] {dagbag.py:588} INFO - Filling up the DagBag from /opt/airflow/dags/ecommerce_etl_dag.py
[2026-05-09T14:29:18.669+0000] {processor.py:925} INFO - DAG(s) 'ecommerce_etl_pipeline' retrieved from /opt/airflow/dags/ecommerce_etl_dag.py
[2026-05-09T14:29:18.716+0000] {logging_mixin.py:190} INFO - [2026-05-09T14:29:18.716+0000] {dag.py:3239} INFO - Sync 1 DAGs
[2026-05-09T14:29:18.752+0000] {logging_mixin.py:190} INFO - [2026-05-09T14:29:18.752+0000] {dag.py:4180} INFO - Setting next_dagrun for ecommerce_etl_pipeline to 2026-05-09 00:00:00+00:00, run_after=2026-05-10 00:00:00+00:00
[2026-05-09T14:29:18.781+0000] {processor.py:208} INFO - Processing /opt/airflow/dags/ecommerce_etl_dag.py took 0.175 seconds
[2026-05-09T14:29:48.976+0000] {processor.py:186} INFO - Started process (PID=1550) to work on /opt/airflow/dags/ecommerce_etl_dag.py
[2026-05-09T14:29:48.978+0000] {processor.py:914} INFO - Processing file /opt/airflow/dags/ecommerce_etl_dag.py for tasks to queue
[2026-05-09T14:29:48.980+0000] {logging_mixin.py:190} INFO - [2026-05-09T14:29:48.979+0000] {dagbag.py:588} INFO - Filling up the DagBag from /opt/airflow/dags/ecommerce_etl_dag.py
[2026-05-09T14:29:49.019+0000] {processor.py:925} INFO - DAG(s) 'ecommerce_etl_pipeline' retrieved from /opt/airflow/dags/ecommerce_etl_dag.py
[2026-05-09T14:29:49.064+0000] {logging_mixin.py:190} INFO - [2026-05-09T14:29:49.064+0000] {dag.py:3239} INFO - Sync 1 DAGs
[2026-05-09T14:29:49.107+0000] {logging_mixin.py:190} INFO - [2026-05-09T14:29:49.107+0000] {dag.py:4180} INFO - Setting next_dagrun for ecommerce_etl_pipeline to 2026-05-09 00:00:00+00:00, run_after=2026-05-10 00:00:00+00:00
[2026-05-09T14:29:49.134+0000] {processor.py:208} INFO - Processing /opt/airflow/dags/ecommerce_etl_dag.py took 0.169 seconds
[2026-05-09T14:30:19.271+0000] {processor.py:186} INFO - Started process (PID=1560) to work on /opt/airflow/dags/ecommerce_etl_dag.py
[2026-05-09T14:30:19.272+0000] {processor.py:914} INFO - Processing file /opt/airflow/dags/ecommerce_etl_dag.py for tasks to queue
[2026-05-09T14:30:19.274+0000] {logging_mixin.py:190} INFO - [2026-05-09T14:30:19.273+0000] {dagbag.py:588} INFO - Filling up the DagBag from /opt/airflow/dags/ecommerce_etl_dag.py
[2026-05-09T14:30:19.303+0000] {processor.py:925} INFO - DAG(s) 'ecommerce_etl_pipeline' retrieved from /opt/airflow/dags/ecommerce_etl_dag.py
[2026-05-09T14:30:19.339+0000] {logging_mixin.py:190} INFO - [2026-05-09T14:30:19.338+0000] {dag.py:3239} INFO - Sync 1 DAGs
[2026-05-09T14:30:19.371+0000] {logging_mixin.py:190} INFO - [2026-05-09T14:30:19.371+0000] {dag.py:4180} INFO - Setting next_dagrun for ecommerce_etl_pipeline to 2026-05-09 00:00:00+00:00, run_after=2026-05-10 00:00:00+00:00
[2026-05-09T14:30:19.391+0000] {processor.py:208} INFO - Processing /opt/airflow/dags/ecommerce_etl_dag.py took 0.129 seconds
[2026-05-09T14:30:49.617+0000] {processor.py:186} INFO - Started process (PID=1571) to work on /opt/airflow/dags/ecommerce_etl_dag.py
[2026-05-09T14:30:49.619+0000] {processor.py:914} INFO - Processing file /opt/airflow/dags/ecommerce_etl_dag.py for tasks to queue
[2026-05-09T14:30:49.620+0000] {logging_mixin.py:190} INFO - [2026-05-09T14:30:49.620+0000] {dagbag.py:588} INFO - Filling up the DagBag from /opt/airflow/dags/ecommerce_etl_dag.py
[2026-05-09T14:30:49.651+0000] {processor.py:925} INFO - DAG(s) 'ecommerce_etl_pipeline' retrieved from /opt/airflow/dags/ecommerce_etl_dag.py
[2026-05-09T14:30:49.687+0000] {logging_mixin.py:190} INFO - [2026-05-09T14:30:49.687+0000] {dag.py:3239} INFO - Sync 1 DAGs
[2026-05-09T14:30:49.718+0000] {logging_mixin.py:190} INFO - [2026-05-09T14:30:49.718+0000] {dag.py:4180} INFO - Setting next_dagrun for ecommerce_etl_pipeline to 2026-05-09 00:00:00+00:00, run_after=2026-05-10 00:00:00+00:00
[2026-05-09T14:30:49.737+0000] {processor.py:208} INFO - Processing /opt/airflow/dags/ecommerce_etl_dag.py took 0.129 seconds
[2026-05-09T14:31:19.863+0000] {processor.py:186} INFO - Started process (PID=1582) to work on /opt/airflow/dags/ecommerce_etl_dag.py
[2026-05-09T14:31:19.864+0000] {processor.py:914} INFO - Processing file /opt/airflow/dags/ecommerce_etl_dag.py for tasks to queue
[2026-05-09T14:31:19.867+0000] {logging_mixin.py:190} INFO - [2026-05-09T14:31:19.866+0000] {dagbag.py:588} INFO - Filling up the DagBag from /opt/airflow/dags/ecommerce_etl_dag.py
[2026-05-09T14:31:19.899+0000] {processor.py:925} INFO - DAG(s) 'ecommerce_etl_pipeline' retrieved from /opt/airflow/dags/ecommerce_etl_dag.py
[2026-05-09T14:31:19.934+0000] {logging_mixin.py:190} INFO - [2026-05-09T14:31:19.934+0000] {dag.py:3239} INFO - Sync 1 DAGs
[2026-05-09T14:31:19.968+0000] {logging_mixin.py:190} INFO - [2026-05-09T14:31:19.968+0000] {dag.py:4180} INFO - Setting next_dagrun for ecommerce_etl_pipeline to 2026-05-09 00:00:00+00:00, run_after=2026-05-10 00:00:00+00:00
[2026-05-09T14:31:19.989+0000] {processor.py:208} INFO - Processing /opt/airflow/dags/ecommerce_etl_dag.py took 0.134 seconds
[2026-05-09T14:31:50.220+0000] {processor.py:186} INFO - Started process (PID=1593) to work on /opt/airflow/dags/ecommerce_etl_dag.py
[2026-05-09T14:31:50.221+0000] {processor.py:914} INFO - Processing file /opt/airflow/dags/ecommerce_etl_dag.py for tasks to queue
[2026-05-09T14:31:50.223+0000] {logging_mixin.py:190} INFO - [2026-05-09T14:31:50.222+0000] {dagbag.py:588} INFO - Filling up the DagBag from /opt/airflow/dags/ecommerce_etl_dag.py
[2026-05-09T14:31:50.252+0000] {processor.py:925} INFO - DAG(s) 'ecommerce_etl_pipeline' retrieved from /opt/airflow/dags/ecommerce_etl_dag.py
[2026-05-09T14:31:50.286+0000] {logging_mixin.py:190} INFO - [2026-05-09T14:31:50.286+0000] {dag.py:3239} INFO - Sync 1 DAGs
[2026-05-09T14:31:50.318+0000] {logging_mixin.py:190} INFO - [2026-05-09T14:31:50.317+0000] {dag.py:4180} INFO - Setting next_dagrun for ecommerce_etl_pipeline to 2026-05-09 00:00:00+00:00, run_after=2026-05-10 00:00:00+00:00
[2026-05-09T14:31:50.340+0000] {processor.py:208} INFO - Processing /opt/airflow/dags/ecommerce_etl_dag.py took 0.129 seconds
[2026-05-09T14:32:20.479+0000] {processor.py:186} INFO - Started process (PID=1604) to work on /opt/airflow/dags/ecommerce_etl_dag.py
[2026-05-09T14:32:20.481+0000] {processor.py:914} INFO - Processing file /opt/airflow/dags/ecommerce_etl_dag.py for tasks to queue
[2026-05-09T14:32:20.483+0000] {logging_mixin.py:190} INFO - [2026-05-09T14:32:20.482+0000] {dagbag.py:588} INFO - Filling up the DagBag from /opt/airflow/dags/ecommerce_etl_dag.py
[2026-05-09T14:32:20.514+0000] {processor.py:925} INFO - DAG(s) 'ecommerce_etl_pipeline' retrieved from /opt/airflow/dags/ecommerce_etl_dag.py
[2026-05-09T14:32:20.548+0000] {logging_mixin.py:190} INFO - [2026-05-09T14:32:20.548+0000] {dag.py:3239} INFO - Sync 1 DAGs
[2026-05-09T14:32:20.580+0000] {logging_mixin.py:190} INFO - [2026-05-09T14:32:20.579+0000] {dag.py:4180} INFO - Setting next_dagrun for ecommerce_etl_pipeline to 2026-05-09 00:00:00+00:00, run_after=2026-05-10 00:00:00+00:00
[2026-05-09T14:32:20.602+0000] {processor.py:208} INFO - Processing /opt/airflow/dags/ecommerce_etl_dag.py took 0.131 seconds
[2026-05-09T14:32:50.828+0000] {processor.py:186} INFO - Started process (PID=1616) to work on /opt/airflow/dags/ecommerce_etl_dag.py
[2026-05-09T14:32:50.829+0000] {processor.py:914} INFO - Processing file /opt/airflow/dags/ecommerce_etl_dag.py for tasks to queue
[2026-05-09T14:32:50.831+0000] {logging_mixin.py:190} INFO - [2026-05-09T14:32:50.830+0000] {dagbag.py:588} INFO - Filling up the DagBag from /opt/airflow/dags/ecommerce_etl_dag.py
[2026-05-09T14:32:50.859+0000] {processor.py:925} INFO - DAG(s) 'ecommerce_etl_pipeline' retrieved from /opt/airflow/dags/ecommerce_etl_dag.py
[2026-05-09T14:32:50.897+0000] {logging_mixin.py:190} INFO - [2026-05-09T14:32:50.896+0000] {dag.py:3239} INFO - Sync 1 DAGs
[2026-05-09T14:32:50.926+0000] {logging_mixin.py:190} INFO - [2026-05-09T14:32:50.926+0000] {dag.py:4180} INFO - Setting next_dagrun for ecommerce_etl_pipeline to 2026-05-09 00:00:00+00:00, run_after=2026-05-10 00:00:00+00:00
[2026-05-09T14:32:50.947+0000] {processor.py:208} INFO - Processing /opt/airflow/dags/ecommerce_etl_dag.py took 0.128 seconds
[2026-05-09T14:33:21.083+0000] {processor.py:186} INFO - Started process (PID=1627) to work on /opt/airflow/dags/ecommerce_etl_dag.py
[2026-05-09T14:33:21.085+0000] {processor.py:914} INFO - Processing file /opt/airflow/dags/ecommerce_etl_dag.py for tasks to queue
[2026-05-09T14:33:21.086+0000] {logging_mixin.py:190} INFO - [2026-05-09T14:33:21.086+0000] {dagbag.py:588} INFO - Filling up the DagBag from /opt/airflow/dags/ecommerce_etl_dag.py
[2026-05-09T14:33:21.117+0000] {processor.py:925} INFO - DAG(s) 'ecommerce_etl_pipeline' retrieved from /opt/airflow/dags/ecommerce_etl_dag.py
[2026-05-09T14:33:21.157+0000] {logging_mixin.py:190} INFO - [2026-05-09T14:33:21.157+0000] {dag.py:3239} INFO - Sync 1 DAGs
[2026-05-09T14:33:21.193+0000] {logging_mixin.py:190} INFO - [2026-05-09T14:33:21.193+0000] {dag.py:4180} INFO - Setting next_dagrun for ecommerce_etl_pipeline to 2026-05-09 00:00:00+00:00, run_after=2026-05-10 00:00:00+00:00
[2026-05-09T14:33:21.219+0000] {processor.py:208} INFO - Processing /opt/airflow/dags/ecommerce_etl_dag.py took 0.147 seconds
[2026-05-09T14:33:51.422+0000] {processor.py:186} INFO - Started process (PID=1638) to work on /opt/airflow/dags/ecommerce_etl_dag.py
[2026-05-09T14:33:51.424+0000] {processor.py:914} INFO - Processing file /opt/airflow/dags/ecommerce_etl_dag.py for tasks to queue
[2026-05-09T14:33:51.428+0000] {logging_mixin.py:190} INFO - [2026-05-09T14:33:51.427+0000] {dagbag.py:588} INFO - Filling up the DagBag from /opt/airflow/dags/ecommerce_etl_dag.py
[2026-05-09T14:33:51.475+0000] {processor.py:925} INFO - DAG(s) 'ecommerce_etl_pipeline' retrieved from /opt/airflow/dags/ecommerce_etl_dag.py
[2026-05-09T14:33:51.521+0000] {logging_mixin.py:190} INFO - [2026-05-09T14:33:51.521+0000] {dag.py:3239} INFO - Sync 1 DAGs
[2026-05-09T14:33:51.564+0000] {logging_mixin.py:190} INFO - [2026-05-09T14:33:51.563+0000] {dag.py:4180} INFO - Setting next_dagrun for ecommerce_etl_pipeline to 2026-05-09 00:00:00+00:00, run_after=2026-05-10 00:00:00+00:00
[2026-05-09T14:33:51.590+0000] {processor.py:208} INFO - Processing /opt/airflow/dags/ecommerce_etl_dag.py took 0.178 seconds
[2026-05-09T14:34:21.741+0000] {processor.py:186} INFO - Started process (PID=1649) to work on /opt/airflow/dags/ecommerce_etl_dag.py
[2026-05-09T14:34:21.742+0000] {processor.py:914} INFO - Processing file /opt/airflow/dags/ecommerce_etl_dag.py for tasks to queue
[2026-05-09T14:34:21.744+0000] {logging_mixin.py:190} INFO - [2026-05-09T14:34:21.743+0000] {dagbag.py:588} INFO - Filling up the DagBag from /opt/airflow/dags/ecommerce_etl_dag.py
[2026-05-09T14:34:21.777+0000] {processor.py:925} INFO - DAG(s) 'ecommerce_etl_pipeline' retrieved from /opt/airflow/dags/ecommerce_etl_dag.py
[2026-05-09T14:34:21.815+0000] {logging_mixin.py:190} INFO - [2026-05-09T14:34:21.814+0000] {dag.py:3239} INFO - Sync 1 DAGs
[2026-05-09T14:34:21.845+0000] {logging_mixin.py:190} INFO - [2026-05-09T14:34:21.845+0000] {dag.py:4180} INFO - Setting next_dagrun for ecommerce_etl_pipeline to 2026-05-09 00:00:00+00:00, run_after=2026-05-10 00:00:00+00:00
[2026-05-09T14:34:21.866+0000] {processor.py:208} INFO - Processing /opt/airflow/dags/ecommerce_etl_dag.py took 0.135 seconds
[2026-05-09T14:34:52.052+0000] {processor.py:186} INFO - Started process (PID=1660) to work on /opt/airflow/dags/ecommerce_etl_dag.py
[2026-05-09T14:34:52.054+0000] {processor.py:914} INFO - Processing file /opt/airflow/dags/ecommerce_etl_dag.py for tasks to queue
[2026-05-09T14:34:52.055+0000] {logging_mixin.py:190} INFO - [2026-05-09T14:34:52.055+0000] {dagbag.py:588} INFO - Filling up the DagBag from /opt/airflow/dags/ecommerce_etl_dag.py
[2026-05-09T14:34:52.085+0000] {processor.py:925} INFO - DAG(s) 'ecommerce_etl_pipeline' retrieved from /opt/airflow/dags/ecommerce_etl_dag.py
[2026-05-09T14:34:52.121+0000] {logging_mixin.py:190} INFO - [2026-05-09T14:34:52.120+0000] {dag.py:3239} INFO - Sync 1 DAGs
[2026-05-09T14:34:52.151+0000] {logging_mixin.py:190} INFO - [2026-05-09T14:34:52.151+0000] {dag.py:4180} INFO - Setting next_dagrun for ecommerce_etl_pipeline to 2026-05-09 00:00:00+00:00, run_after=2026-05-10 00:00:00+00:00
[2026-05-09T14:34:52.184+0000] {processor.py:208} INFO - Processing /opt/airflow/dags/ecommerce_etl_dag.py took 0.141 seconds
[2026-05-09T14:35:22.373+0000] {processor.py:186} INFO - Started process (PID=1671) to work on /opt/airflow/dags/ecommerce_etl_dag.py
[2026-05-09T14:35:22.375+0000] {processor.py:914} INFO - Processing file /opt/airflow/dags/ecommerce_etl_dag.py for tasks to queue
[2026-05-09T14:35:22.377+0000] {logging_mixin.py:190} INFO - [2026-05-09T14:35:22.377+0000] {dagbag.py:588} INFO - Filling up the DagBag from /opt/airflow/dags/ecommerce_etl_dag.py
[2026-05-09T14:35:22.409+0000] {processor.py:925} INFO - DAG(s) 'ecommerce_etl_pipeline' retrieved from /opt/airflow/dags/ecommerce_etl_dag.py
[2026-05-09T14:35:22.447+0000] {logging_mixin.py:190} INFO - [2026-05-09T14:35:22.447+0000] {dag.py:3239} INFO - Sync 1 DAGs
[2026-05-09T14:35:22.482+0000] {logging_mixin.py:190} INFO - [2026-05-09T14:35:22.481+0000] {dag.py:4180} INFO - Setting next_dagrun for ecommerce_etl_pipeline to 2026-05-09 00:00:00+00:00, run_after=2026-05-10 00:00:00+00:00
[2026-05-09T14:35:22.508+0000] {processor.py:208} INFO - Processing /opt/airflow/dags/ecommerce_etl_dag.py took 0.144 seconds
[2026-05-09T14:35:52.664+0000] {processor.py:186} INFO - Started process (PID=1681) to work on /opt/airflow/dags/ecommerce_etl_dag.py
[2026-05-09T14:35:52.665+0000] {processor.py:914} INFO - Processing file /opt/airflow/dags/ecommerce_etl_dag.py for tasks to queue
[2026-05-09T14:35:52.668+0000] {logging_mixin.py:190} INFO - [2026-05-09T14:35:52.667+0000] {dagbag.py:588} INFO - Filling up the DagBag from /opt/airflow/dags/ecommerce_etl_dag.py
[2026-05-09T14:35:52.707+0000] {processor.py:925} INFO - DAG(s) 'ecommerce_etl_pipeline' retrieved from /opt/airflow/dags/ecommerce_etl_dag.py
[2026-05-09T14:35:52.760+0000] {logging_mixin.py:190} INFO - [2026-05-09T14:35:52.759+0000] {dag.py:3239} INFO - Sync 1 DAGs
[2026-05-09T14:35:52.810+0000] {logging_mixin.py:190} INFO - [2026-05-09T14:35:52.809+0000] {dag.py:4180} INFO - Setting next_dagrun for ecommerce_etl_pipeline to 2026-05-09 00:00:00+00:00, run_after=2026-05-10 00:00:00+00:00
[2026-05-09T14:35:52.835+0000] {processor.py:208} INFO - Processing /opt/airflow/dags/ecommerce_etl_dag.py took 0.182 seconds
[2026-05-09T14:36:22.999+0000] {processor.py:186} INFO - Started process (PID=1693) to work on /opt/airflow/dags/ecommerce_etl_dag.py
[2026-05-09T14:36:23.000+0000] {processor.py:914} INFO - Processing file /opt/airflow/dags/ecommerce_etl_dag.py for tasks to queue
[2026-05-09T14:36:23.003+0000] {logging_mixin.py:190} INFO - [2026-05-09T14:36:23.002+0000] {dagbag.py:588} INFO - Filling up the DagBag from /opt/airflow/dags/ecommerce_etl_dag.py
[2026-05-09T14:36:23.032+0000] {processor.py:925} INFO - DAG(s) 'ecommerce_etl_pipeline' retrieved from /opt/airflow/dags/ecommerce_etl_dag.py
[2026-05-09T14:36:23.068+0000] {logging_mixin.py:190} INFO - [2026-05-09T14:36:23.067+0000] {dag.py:3239} INFO - Sync 1 DAGs
[2026-05-09T14:36:23.099+0000] {logging_mixin.py:190} INFO - [2026-05-09T14:36:23.098+0000] {dag.py:4180} INFO - Setting next_dagrun for ecommerce_etl_pipeline to 2026-05-09 00:00:00+00:00, run_after=2026-05-10 00:00:00+00:00
[2026-05-09T14:36:23.119+0000] {processor.py:208} INFO - Processing /opt/airflow/dags/ecommerce_etl_dag.py took 0.128 seconds
[2026-05-09T14:36:53.306+0000] {processor.py:186} INFO - Started process (PID=1705) to work on /opt/airflow/dags/ecommerce_etl_dag.py
[2026-05-09T14:36:53.308+0000] {processor.py:914} INFO - Processing file /opt/airflow/dags/ecommerce_etl_dag.py for tasks to queue
[2026-05-09T14:36:53.309+0000] {logging_mixin.py:190} INFO - [2026-05-09T14:36:53.309+0000] {dagbag.py:588} INFO - Filling up the DagBag from /opt/airflow/dags/ecommerce_etl_dag.py
[2026-05-09T14:36:53.342+0000] {processor.py:925} INFO - DAG(s) 'ecommerce_etl_pipeline' retrieved from /opt/airflow/dags/ecommerce_etl_dag.py
[2026-05-09T14:36:53.376+0000] {logging_mixin.py:190} INFO - [2026-05-09T14:36:53.375+0000] {dag.py:3239} INFO - Sync 1 DAGs
[2026-05-09T14:36:53.404+0000] {logging_mixin.py:190} INFO - [2026-05-09T14:36:53.404+0000] {dag.py:4180} INFO - Setting next_dagrun for ecommerce_etl_pipeline to 2026-05-09 00:00:00+00:00, run_after=2026-05-10 00:00:00+00:00
[2026-05-09T14:36:53.425+0000] {processor.py:208} INFO - Processing /opt/airflow/dags/ecommerce_etl_dag.py took 0.131 seconds
[2026-05-09T14:37:23.625+0000] {processor.py:186} INFO - Started process (PID=1716) to work on /opt/airflow/dags/ecommerce_etl_dag.py
[2026-05-09T14:37:23.627+0000] {processor.py:914} INFO - Processing file /opt/airflow/dags/ecommerce_etl_dag.py for tasks to queue
[2026-05-09T14:37:23.628+0000] {logging_mixin.py:190} INFO - [2026-05-09T14:37:23.628+0000] {dagbag.py:588} INFO - Filling up the DagBag from /opt/airflow/dags/ecommerce_etl_dag.py
[2026-05-09T14:37:23.660+0000] {processor.py:925} INFO - DAG(s) 'ecommerce_etl_pipeline' retrieved from /opt/airflow/dags/ecommerce_etl_dag.py
[2026-05-09T14:37:23.697+0000] {logging_mixin.py:190} INFO - [2026-05-09T14:37:23.696+0000] {dag.py:3239} INFO - Sync 1 DAGs
[2026-05-09T14:37:23.729+0000] {logging_mixin.py:190} INFO - [2026-05-09T14:37:23.729+0000] {dag.py:4180} INFO - Setting next_dagrun for ecommerce_etl_pipeline to 2026-05-09 00:00:00+00:00, run_after=2026-05-10 00:00:00+00:00
[2026-05-09T14:37:23.750+0000] {processor.py:208} INFO - Processing /opt/airflow/dags/ecommerce_etl_dag.py took 0.133 seconds
[2026-05-09T14:37:53.933+0000] {processor.py:186} INFO - Started process (PID=1727) to work on /opt/airflow/dags/ecommerce_etl_dag.py
[2026-05-09T14:37:53.935+0000] {processor.py:914} INFO - Processing file /opt/airflow/dags/ecommerce_etl_dag.py for tasks to queue
[2026-05-09T14:37:53.936+0000] {logging_mixin.py:190} INFO - [2026-05-09T14:37:53.936+0000] {dagbag.py:588} INFO - Filling up the DagBag from /opt/airflow/dags/ecommerce_etl_dag.py
[2026-05-09T14:37:53.970+0000] {processor.py:925} INFO - DAG(s) 'ecommerce_etl_pipeline' retrieved from /opt/airflow/dags/ecommerce_etl_dag.py
[2026-05-09T14:37:54.018+0000] {logging_mixin.py:190} INFO - [2026-05-09T14:37:54.017+0000] {dag.py:3239} INFO - Sync 1 DAGs
[2026-05-09T14:37:54.059+0000] {logging_mixin.py:190} INFO - [2026-05-09T14:37:54.058+0000] {dag.py:4180} INFO - Setting next_dagrun for ecommerce_etl_pipeline to 2026-05-09 00:00:00+00:00, run_after=2026-05-10 00:00:00+00:00
[2026-05-09T14:37:54.079+0000] {processor.py:208} INFO - Processing /opt/airflow/dags/ecommerce_etl_dag.py took 0.155 seconds
[2026-05-09T14:38:24.234+0000] {processor.py:186} INFO - Started process (PID=1738) to work on /opt/airflow/dags/ecommerce_etl_dag.py
[2026-05-09T14:38:24.235+0000] {processor.py:914} INFO - Processing file /opt/airflow/dags/ecommerce_etl_dag.py for tasks to queue
[2026-05-09T14:38:24.237+0000] {logging_mixin.py:190} INFO - [2026-05-09T14:38:24.237+0000] {dagbag.py:588} INFO - Filling up the DagBag from /opt/airflow/dags/ecommerce_etl_dag.py
[2026-05-09T14:38:24.270+0000] {processor.py:925} INFO - DAG(s) 'ecommerce_etl_pipeline' retrieved from /opt/airflow/dags/ecommerce_etl_dag.py
[2026-05-09T14:38:24.313+0000] {logging_mixin.py:190} INFO - [2026-05-09T14:38:24.313+0000] {dag.py:3239} INFO - Sync 1 DAGs
[2026-05-09T14:38:24.351+0000] {logging_mixin.py:190} INFO - [2026-05-09T14:38:24.351+0000] {dag.py:4180} INFO - Setting next_dagrun for ecommerce_etl_pipeline to 2026-05-09 00:00:00+00:00, run_after=2026-05-10 00:00:00+00:00
[2026-05-09T14:38:24.374+0000] {processor.py:208} INFO - Processing /opt/airflow/dags/ecommerce_etl_dag.py took 0.150 seconds
[2026-05-09T14:38:54.579+0000] {processor.py:186} INFO - Started process (PID=1749) to work on /opt/airflow/dags/ecommerce_etl_dag.py
[2026-05-09T14:38:54.580+0000] {processor.py:914} INFO - Processing file /opt/airflow/dags/ecommerce_etl_dag.py for tasks to queue
[2026-05-09T14:38:54.582+0000] {logging_mixin.py:190} INFO - [2026-05-09T14:38:54.582+0000] {dagbag.py:588} INFO - Filling up the DagBag from /opt/airflow/dags/ecommerce_etl_dag.py
[2026-05-09T14:38:54.616+0000] {processor.py:925} INFO - DAG(s) 'ecommerce_etl_pipeline' retrieved from /opt/airflow/dags/ecommerce_etl_dag.py
[2026-05-09T14:38:54.661+0000] {logging_mixin.py:190} INFO - [2026-05-09T14:38:54.661+0000] {dag.py:3239} INFO - Sync 1 DAGs
[2026-05-09T14:38:54.698+0000] {logging_mixin.py:190} INFO - [2026-05-09T14:38:54.698+0000] {dag.py:4180} INFO - Setting next_dagrun for ecommerce_etl_pipeline to 2026-05-09 00:00:00+00:00, run_after=2026-05-10 00:00:00+00:00
[2026-05-09T14:38:54.726+0000] {processor.py:208} INFO - Processing /opt/airflow/dags/ecommerce_etl_dag.py took 0.159 seconds
[2026-05-09T14:39:24.936+0000] {processor.py:186} INFO - Started process (PID=1760) to work on /opt/airflow/dags/ecommerce_etl_dag.py
[2026-05-09T14:39:24.938+0000] {processor.py:914} INFO - Processing file /opt/airflow/dags/ecommerce_etl_dag.py for tasks to queue
[2026-05-09T14:39:24.940+0000] {logging_mixin.py:190} INFO - [2026-05-09T14:39:24.939+0000] {dagbag.py:588} INFO - Filling up the DagBag from /opt/airflow/dags/ecommerce_etl_dag.py
[2026-05-09T14:39:24.971+0000] {processor.py:925} INFO - DAG(s) 'ecommerce_etl_pipeline' retrieved from /opt/airflow/dags/ecommerce_etl_dag.py
[2026-05-09T14:39:25.011+0000] {logging_mixin.py:190} INFO - [2026-05-09T14:39:25.010+0000] {dag.py:3239} INFO - Sync 1 DAGs
[2026-05-09T14:39:25.045+0000] {logging_mixin.py:190} INFO - [2026-05-09T14:39:25.044+0000] {dag.py:4180} INFO - Setting next_dagrun for ecommerce_etl_pipeline to 2026-05-09 00:00:00+00:00, run_after=2026-05-10 00:00:00+00:00
[2026-05-09T14:39:25.068+0000] {processor.py:208} INFO - Processing /opt/airflow/dags/ecommerce_etl_dag.py took 0.140 seconds
[2026-05-09T14:39:55.202+0000] {processor.py:186} INFO - Started process (PID=1771) to work on /opt/airflow/dags/ecommerce_etl_dag.py
[2026-05-09T14:39:55.204+0000] {processor.py:914} INFO - Processing file /opt/airflow/dags/ecommerce_etl_dag.py for tasks to queue
[2026-05-09T14:39:55.208+0000] {logging_mixin.py:190} INFO - [2026-05-09T14:39:55.207+0000] {dagbag.py:588} INFO - Filling up the DagBag from /opt/airflow/dags/ecommerce_etl_dag.py
[2026-05-09T14:39:55.239+0000] {processor.py:925} INFO - DAG(s) 'ecommerce_etl_pipeline' retrieved from /opt/airflow/dags/ecommerce_etl_dag.py
[2026-05-09T14:39:55.280+0000] {logging_mixin.py:190} INFO - [2026-05-09T14:39:55.280+0000] {dag.py:3239} INFO - Sync 1 DAGs
[2026-05-09T14:39:55.314+0000] {logging_mixin.py:190} INFO - [2026-05-09T14:39:55.314+0000] {dag.py:4180} INFO - Setting next_dagrun for ecommerce_etl_pipeline to 2026-05-09 00:00:00+00:00, run_after=2026-05-10 00:00:00+00:00
[2026-05-09T14:39:55.336+0000] {processor.py:208} INFO - Processing /opt/airflow/dags/ecommerce_etl_dag.py took 0.143 seconds
[2026-05-09T14:40:25.563+0000] {processor.py:186} INFO - Started process (PID=1782) to work on /opt/airflow/dags/ecommerce_etl_dag.py
[2026-05-09T14:40:25.564+0000] {processor.py:914} INFO - Processing file /opt/airflow/dags/ecommerce_etl_dag.py for tasks to queue
[2026-05-09T14:40:25.567+0000] {logging_mixin.py:190} INFO - [2026-05-09T14:40:25.566+0000] {dagbag.py:588} INFO - Filling up the DagBag from /opt/airflow/dags/ecommerce_etl_dag.py
[2026-05-09T14:40:25.597+0000] {processor.py:925} INFO - DAG(s) 'ecommerce_etl_pipeline' retrieved from /opt/airflow/dags/ecommerce_etl_dag.py
[2026-05-09T14:40:25.658+0000] {logging_mixin.py:190} INFO - [2026-05-09T14:40:25.657+0000] {dag.py:3239} INFO - Sync 1 DAGs
[2026-05-09T14:40:25.707+0000] {logging_mixin.py:190} INFO - [2026-05-09T14:40:25.707+0000] {dag.py:4180} INFO - Setting next_dagrun for ecommerce_etl_pipeline to 2026-05-09 00:00:00+00:00, run_after=2026-05-10 00:00:00+00:00
[2026-05-09T14:40:25.738+0000] {processor.py:208} INFO - Processing /opt/airflow/dags/ecommerce_etl_dag.py took 0.184 seconds
[2026-05-09T14:40:55.828+0000] {processor.py:186} INFO - Started process (PID=1793) to work on /opt/airflow/dags/ecommerce_etl_dag.py
[2026-05-09T14:40:55.830+0000] {processor.py:914} INFO - Processing file /opt/airflow/dags/ecommerce_etl_dag.py for tasks to queue
[2026-05-09T14:40:55.832+0000] {logging_mixin.py:190} INFO - [2026-05-09T14:40:55.832+0000] {dagbag.py:588} INFO - Filling up the DagBag from /opt/airflow/dags/ecommerce_etl_dag.py
[2026-05-09T14:40:55.869+0000] {processor.py:925} INFO - DAG(s) 'ecommerce_etl_pipeline' retrieved from /opt/airflow/dags/ecommerce_etl_dag.py
[2026-05-09T14:40:55.917+0000] {logging_mixin.py:190} INFO - [2026-05-09T14:40:55.916+0000] {dag.py:3239} INFO - Sync 1 DAGs
[2026-05-09T14:40:55.958+0000] {logging_mixin.py:190} INFO - [2026-05-09T14:40:55.957+0000] {dag.py:4180} INFO - Setting next_dagrun for ecommerce_etl_pipeline to 2026-05-09 00:00:00+00:00, run_after=2026-05-10 00:00:00+00:00
[2026-05-09T14:40:55.985+0000] {processor.py:208} INFO - Processing /opt/airflow/dags/ecommerce_etl_dag.py took 0.170 seconds
[2026-05-09T14:41:26.237+0000] {processor.py:186} INFO - Started process (PID=1805) to work on /opt/airflow/dags/ecommerce_etl_dag.py
[2026-05-09T14:41:26.239+0000] {processor.py:914} INFO - Processing file /opt/airflow/dags/ecommerce_etl_dag.py for tasks to queue
[2026-05-09T14:41:26.240+0000] {logging_mixin.py:190} INFO - [2026-05-09T14:41:26.240+0000] {dagbag.py:588} INFO - Filling up the DagBag from /opt/airflow/dags/ecommerce_etl_dag.py
[2026-05-09T14:41:26.269+0000] {processor.py:925} INFO - DAG(s) 'ecommerce_etl_pipeline' retrieved from /opt/airflow/dags/ecommerce_etl_dag.py
[2026-05-09T14:41:26.307+0000] {logging_mixin.py:190} INFO - [2026-05-09T14:41:26.307+0000] {dag.py:3239} INFO - Sync 1 DAGs
[2026-05-09T14:41:26.346+0000] {logging_mixin.py:190} INFO - [2026-05-09T14:41:26.346+0000] {dag.py:4180} INFO - Setting next_dagrun for ecommerce_etl_pipeline to 2026-05-09 00:00:00+00:00, run_after=2026-05-10 00:00:00+00:00
[2026-05-09T14:41:26.376+0000] {processor.py:208} INFO - Processing /opt/airflow/dags/ecommerce_etl_dag.py took 0.147 seconds
[2026-05-09T14:47:50.136+0000] {processor.py:186} INFO - Started process (PID=1815) to work on /opt/airflow/dags/ecommerce_etl_dag.py
[2026-05-09T14:47:50.138+0000] {processor.py:914} INFO - Processing file /opt/airflow/dags/ecommerce_etl_dag.py for tasks to queue
[2026-05-09T14:47:50.143+0000] {logging_mixin.py:190} INFO - [2026-05-09T14:47:50.142+0000] {dagbag.py:588} INFO - Filling up the DagBag from /opt/airflow/dags/ecommerce_etl_dag.py
[2026-05-09T14:47:50.324+0000] {processor.py:925} INFO - DAG(s) 'ecommerce_etl_pipeline' retrieved from /opt/airflow/dags/ecommerce_etl_dag.py
[2026-05-09T14:47:50.462+0000] {logging_mixin.py:190} INFO - [2026-05-09T14:47:50.462+0000] {dag.py:3239} INFO - Sync 1 DAGs
[2026-05-09T14:47:50.594+0000] {logging_mixin.py:190} INFO - [2026-05-09T14:47:50.594+0000] {dag.py:4180} INFO - Setting next_dagrun for ecommerce_etl_pipeline to 2026-05-09 00:00:00+00:00, run_after=2026-05-10 00:00:00+00:00
[2026-05-09T14:47:50.672+0000] {processor.py:208} INFO - Processing /opt/airflow/dags/ecommerce_etl_dag.py took 0.555 seconds
[2026-05-09T14:48:21.010+0000] {processor.py:186} INFO - Started process (PID=1826) to work on /opt/airflow/dags/ecommerce_etl_dag.py
[2026-05-09T14:48:21.012+0000] {processor.py:914} INFO - Processing file /opt/airflow/dags/ecommerce_etl_dag.py for tasks to queue
[2026-05-09T14:48:21.014+0000] {logging_mixin.py:190} INFO - [2026-05-09T14:48:21.013+0000] {dagbag.py:588} INFO - Filling up the DagBag from /opt/airflow/dags/ecommerce_etl_dag.py
[2026-05-09T14:48:21.044+0000] {processor.py:925} INFO - DAG(s) 'ecommerce_etl_pipeline' retrieved from /opt/airflow/dags/ecommerce_etl_dag.py
[2026-05-09T14:48:21.085+0000] {logging_mixin.py:190} INFO - [2026-05-09T14:48:21.084+0000] {dag.py:3239} INFO - Sync 1 DAGs
[2026-05-09T14:48:21.126+0000] {logging_mixin.py:190} INFO - [2026-05-09T14:48:21.125+0000] {dag.py:4180} INFO - Setting next_dagrun for ecommerce_etl_pipeline to 2026-05-09 00:00:00+00:00, run_after=2026-05-10 00:00:00+00:00
[2026-05-09T14:48:21.149+0000] {processor.py:208} INFO - Processing /opt/airflow/dags/ecommerce_etl_dag.py took 0.147 seconds
[2026-05-09T14:48:51.222+0000] {processor.py:186} INFO - Started process (PID=1837) to work on /opt/airflow/dags/ecommerce_etl_dag.py
[2026-05-09T14:48:51.223+0000] {processor.py:914} INFO - Processing file /opt/airflow/dags/ecommerce_etl_dag.py for tasks to queue
[2026-05-09T14:48:51.225+0000] {logging_mixin.py:190} INFO - [2026-05-09T14:48:51.225+0000] {dagbag.py:588} INFO - Filling up the DagBag from /opt/airflow/dags/ecommerce_etl_dag.py
[2026-05-09T14:48:51.253+0000] {processor.py:925} INFO - DAG(s) 'ecommerce_etl_pipeline' retrieved from /opt/airflow/dags/ecommerce_etl_dag.py
[2026-05-09T14:48:51.289+0000] {logging_mixin.py:190} INFO - [2026-05-09T14:48:51.289+0000] {dag.py:3239} INFO - Sync 1 DAGs
[2026-05-09T14:48:51.322+0000] {logging_mixin.py:190} INFO - [2026-05-09T14:48:51.322+0000] {dag.py:4180} INFO - Setting next_dagrun for ecommerce_etl_pipeline to 2026-05-09 00:00:00+00:00, run_after=2026-05-10 00:00:00+00:00
[2026-05-09T14:48:51.343+0000] {processor.py:208} INFO - Processing /opt/airflow/dags/ecommerce_etl_dag.py took 0.129 seconds
[2026-05-09T14:49:21.446+0000] {processor.py:186} INFO - Started process (PID=1848) to work on /opt/airflow/dags/ecommerce_etl_dag.py
[2026-05-09T14:49:21.447+0000] {processor.py:914} INFO - Processing file /opt/airflow/dags/ecommerce_etl_dag.py for tasks to queue
[2026-05-09T14:49:21.450+0000] {logging_mixin.py:190} INFO - [2026-05-09T14:49:21.449+0000] {dagbag.py:588} INFO - Filling up the DagBag from /opt/airflow/dags/ecommerce_etl_dag.py
[2026-05-09T14:49:21.479+0000] {processor.py:925} INFO - DAG(s) 'ecommerce_etl_pipeline' retrieved from /opt/airflow/dags/ecommerce_etl_dag.py
[2026-05-09T14:49:21.518+0000] {logging_mixin.py:190} INFO - [2026-05-09T14:49:21.517+0000] {dag.py:3239} INFO - Sync 1 DAGs
[2026-05-09T14:49:21.552+0000] {logging_mixin.py:190} INFO - [2026-05-09T14:49:21.552+0000] {dag.py:4180} INFO - Setting next_dagrun for ecommerce_etl_pipeline to 2026-05-09 00:00:00+00:00, run_after=2026-05-10 00:00:00+00:00
[2026-05-09T14:49:21.574+0000] {processor.py:208} INFO - Processing /opt/airflow/dags/ecommerce_etl_dag.py took 0.137 seconds
[2026-05-09T14:49:51.854+0000] {processor.py:186} INFO - Started process (PID=1859) to work on /opt/airflow/dags/ecommerce_etl_dag.py
[2026-05-09T14:49:51.856+0000] {processor.py:914} INFO - Processing file /opt/airflow/dags/ecommerce_etl_dag.py for tasks to queue
[2026-05-09T14:49:51.857+0000] {logging_mixin.py:190} INFO - [2026-05-09T14:49:51.857+0000] {dagbag.py:588} INFO - Filling up the DagBag from /opt/airflow/dags/ecommerce_etl_dag.py
[2026-05-09T14:49:51.888+0000] {processor.py:925} INFO - DAG(s) 'ecommerce_etl_pipeline' retrieved from /opt/airflow/dags/ecommerce_etl_dag.py
[2026-05-09T14:49:51.941+0000] {logging_mixin.py:190} INFO - [2026-05-09T14:49:51.941+0000] {dag.py:3239} INFO - Sync 1 DAGs
[2026-05-09T14:49:51.979+0000] {logging_mixin.py:190} INFO - [2026-05-09T14:49:51.979+0000] {dag.py:4180} INFO - Setting next_dagrun for ecommerce_etl_pipeline to 2026-05-09 00:00:00+00:00, run_after=2026-05-10 00:00:00+00:00
[2026-05-09T14:49:52.005+0000] {processor.py:208} INFO - Processing /opt/airflow/dags/ecommerce_etl_dag.py took 0.160 seconds
[2026-05-09T14:50:22.107+0000] {processor.py:186} INFO - Started process (PID=1870) to work on /opt/airflow/dags/ecommerce_etl_dag.py
[2026-05-09T14:50:22.109+0000] {processor.py:914} INFO - Processing file /opt/airflow/dags/ecommerce_etl_dag.py for tasks to queue
[2026-05-09T14:50:22.111+0000] {logging_mixin.py:190} INFO - [2026-05-09T14:50:22.110+0000] {dagbag.py:588} INFO - Filling up the DagBag from /opt/airflow/dags/ecommerce_etl_dag.py
[2026-05-09T14:50:22.162+0000] {processor.py:925} INFO - DAG(s) 'ecommerce_etl_pipeline' retrieved from /opt/airflow/dags/ecommerce_etl_dag.py
[2026-05-09T14:50:22.204+0000] {logging_mixin.py:190} INFO - [2026-05-09T14:50:22.203+0000] {dag.py:3239} INFO - Sync 1 DAGs
[2026-05-09T14:50:22.241+0000] {logging_mixin.py:190} INFO - [2026-05-09T14:50:22.241+0000] {dag.py:4180} INFO - Setting next_dagrun for ecommerce_etl_pipeline to 2026-05-09 00:00:00+00:00, run_after=2026-05-10 00:00:00+00:00
[2026-05-09T14:50:22.277+0000] {processor.py:208} INFO - Processing /opt/airflow/dags/ecommerce_etl_dag.py took 0.180 seconds
[2026-05-09T14:50:52.514+0000] {processor.py:186} INFO - Started process (PID=1881) to work on /opt/airflow/dags/ecommerce_etl_dag.py
[2026-05-09T14:50:52.515+0000] {processor.py:914} INFO - Processing file /opt/airflow/dags/ecommerce_etl_dag.py for tasks to queue
[2026-05-09T14:50:52.516+0000] {logging_mixin.py:190} INFO - [2026-05-09T14:50:52.516+0000] {dagbag.py:588} INFO - Filling up the DagBag from /opt/airflow/dags/ecommerce_etl_dag.py
[2026-05-09T14:50:52.548+0000] {processor.py:925} INFO - DAG(s) 'ecommerce_etl_pipeline' retrieved from /opt/airflow/dags/ecommerce_etl_dag.py
[2026-05-09T14:50:52.585+0000] {logging_mixin.py:190} INFO - [2026-05-09T14:50:52.585+0000] {dag.py:3239} INFO - Sync 1 DAGs
[2026-05-09T14:50:52.620+0000] {logging_mixin.py:190} INFO - [2026-05-09T14:50:52.620+0000] {dag.py:4180} INFO - Setting next_dagrun for ecommerce_etl_pipeline to 2026-05-09 00:00:00+00:00, run_after=2026-05-10 00:00:00+00:00
[2026-05-09T14:50:52.646+0000] {processor.py:208} INFO - Processing /opt/airflow/dags/ecommerce_etl_dag.py took 0.141 seconds
[2026-05-09T14:51:22.744+0000] {processor.py:186} INFO - Started process (PID=1893) to work on /opt/airflow/dags/ecommerce_etl_dag.py
[2026-05-09T14:51:22.745+0000] {processor.py:914} INFO - Processing file /opt/airflow/dags/ecommerce_etl_dag.py for tasks to queue
[2026-05-09T14:51:22.747+0000] {logging_mixin.py:190} INFO - [2026-05-09T14:51:22.746+0000] {dagbag.py:588} INFO - Filling up the DagBag from /opt/airflow/dags/ecommerce_etl_dag.py
[2026-05-09T14:51:22.778+0000] {processor.py:925} INFO - DAG(s) 'ecommerce_etl_pipeline' retrieved from /opt/airflow/dags/ecommerce_etl_dag.py
[2026-05-09T14:51:22.820+0000] {logging_mixin.py:190} INFO - [2026-05-09T14:51:22.819+0000] {dag.py:3239} INFO - Sync 1 DAGs
[2026-05-09T14:51:22.864+0000] {logging_mixin.py:190} INFO - [2026-05-09T14:51:22.864+0000] {dag.py:4180} INFO - Setting next_dagrun for ecommerce_etl_pipeline to 2026-05-09 00:00:00+00:00, run_after=2026-05-10 00:00:00+00:00
[2026-05-09T14:51:22.890+0000] {processor.py:208} INFO - Processing /opt/airflow/dags/ecommerce_etl_dag.py took 0.156 seconds
[2026-05-09T14:51:53.216+0000] {processor.py:186} INFO - Started process (PID=1904) to work on /opt/airflow/dags/ecommerce_etl_dag.py
[2026-05-09T14:51:53.218+0000] {processor.py:914} INFO - Processing file /opt/airflow/dags/ecommerce_etl_dag.py for tasks to queue
[2026-05-09T14:51:53.220+0000] {logging_mixin.py:190} INFO - [2026-05-09T14:51:53.220+0000] {dagbag.py:588} INFO - Filling up the DagBag from /opt/airflow/dags/ecommerce_etl_dag.py
[2026-05-09T14:51:53.258+0000] {processor.py:925} INFO - DAG(s) 'ecommerce_etl_pipeline' retrieved from /opt/airflow/dags/ecommerce_etl_dag.py
[2026-05-09T14:51:53.297+0000] {logging_mixin.py:190} INFO - [2026-05-09T14:51:53.297+0000] {dag.py:3239} INFO - Sync 1 DAGs
[2026-05-09T14:51:53.331+0000] {logging_mixin.py:190} INFO - [2026-05-09T14:51:53.331+0000] {dag.py:4180} INFO - Setting next_dagrun for ecommerce_etl_pipeline to 2026-05-09 00:00:00+00:00, run_after=2026-05-10 00:00:00+00:00
[2026-05-09T14:51:53.356+0000] {processor.py:208} INFO - Processing /opt/airflow/dags/ecommerce_etl_dag.py took 0.151 seconds
[2026-05-09T14:52:23.481+0000] {processor.py:186} INFO - Started process (PID=1915) to work on /opt/airflow/dags/ecommerce_etl_dag.py
[2026-05-09T14:52:23.482+0000] {processor.py:914} INFO - Processing file /opt/airflow/dags/ecommerce_etl_dag.py for tasks to queue
[2026-05-09T14:52:23.484+0000] {logging_mixin.py:190} INFO - [2026-05-09T14:52:23.484+0000] {dagbag.py:588} INFO - Filling up the DagBag from /opt/airflow/dags/ecommerce_etl_dag.py
[2026-05-09T14:52:23.516+0000] {processor.py:925} INFO - DAG(s) 'ecommerce_etl_pipeline' retrieved from /opt/airflow/dags/ecommerce_etl_dag.py
[2026-05-09T14:52:23.554+0000] {logging_mixin.py:190} INFO - [2026-05-09T14:52:23.553+0000] {dag.py:3239} INFO - Sync 1 DAGs
[2026-05-09T14:52:23.587+0000] {logging_mixin.py:190} INFO - [2026-05-09T14:52:23.586+0000] {dag.py:4180} INFO - Setting next_dagrun for ecommerce_etl_pipeline to 2026-05-09 00:00:00+00:00, run_after=2026-05-10 00:00:00+00:00
[2026-05-09T14:52:23.607+0000] {processor.py:208} INFO - Processing /opt/airflow/dags/ecommerce_etl_dag.py took 0.135 seconds
[2026-05-09T14:52:53.885+0000] {processor.py:186} INFO - Started process (PID=1925) to work on /opt/airflow/dags/ecommerce_etl_dag.py
[2026-05-09T14:52:53.887+0000] {processor.py:914} INFO - Processing file /opt/airflow/dags/ecommerce_etl_dag.py for tasks to queue
[2026-05-09T14:52:53.889+0000] {logging_mixin.py:190} INFO - [2026-05-09T14:52:53.889+0000] {dagbag.py:588} INFO - Filling up the DagBag from /opt/airflow/dags/ecommerce_etl_dag.py
[2026-05-09T14:52:53.927+0000] {processor.py:925} INFO - DAG(s) 'ecommerce_etl_pipeline' retrieved from /opt/airflow/dags/ecommerce_etl_dag.py
[2026-05-09T14:52:53.987+0000] {logging_mixin.py:190} INFO - [2026-05-09T14:52:53.987+0000] {dag.py:3239} INFO - Sync 1 DAGs
[2026-05-09T14:52:54.051+0000] {logging_mixin.py:190} INFO - [2026-05-09T14:52:54.051+0000] {dag.py:4180} INFO - Setting next_dagrun for ecommerce_etl_pipeline to 2026-05-09 00:00:00+00:00, run_after=2026-05-10 00:00:00+00:00
[2026-05-09T14:52:54.084+0000] {processor.py:208} INFO - Processing /opt/airflow/dags/ecommerce_etl_dag.py took 0.209 seconds
[2026-05-09T14:53:24.367+0000] {processor.py:186} INFO - Started process (PID=1936) to work on /opt/airflow/dags/ecommerce_etl_dag.py
[2026-05-09T14:53:24.369+0000] {processor.py:914} INFO - Processing file /opt/airflow/dags/ecommerce_etl_dag.py for tasks to queue
[2026-05-09T14:53:24.371+0000] {logging_mixin.py:190} INFO - [2026-05-09T14:53:24.370+0000] {dagbag.py:588} INFO - Filling up the DagBag from /opt/airflow/dags/ecommerce_etl_dag.py
[2026-05-09T14:53:24.404+0000] {processor.py:925} INFO - DAG(s) 'ecommerce_etl_pipeline' retrieved from /opt/airflow/dags/ecommerce_etl_dag.py
[2026-05-09T14:53:24.445+0000] {logging_mixin.py:190} INFO - [2026-05-09T14:53:24.445+0000] {dag.py:3239} INFO - Sync 1 DAGs
[2026-05-09T14:53:24.481+0000] {logging_mixin.py:190} INFO - [2026-05-09T14:53:24.481+0000] {dag.py:4180} INFO - Setting next_dagrun for ecommerce_etl_pipeline to 2026-05-09 00:00:00+00:00, run_after=2026-05-10 00:00:00+00:00
[2026-05-09T14:53:24.511+0000] {processor.py:208} INFO - Processing /opt/airflow/dags/ecommerce_etl_dag.py took 0.155 seconds
[2026-05-09T14:53:54.594+0000] {processor.py:186} INFO - Started process (PID=1947) to work on /opt/airflow/dags/ecommerce_etl_dag.py
[2026-05-09T14:53:54.596+0000] {processor.py:914} INFO - Processing file /opt/airflow/dags/ecommerce_etl_dag.py for tasks to queue
[2026-05-09T14:53:54.599+0000] {logging_mixin.py:190} INFO - [2026-05-09T14:53:54.598+0000] {dagbag.py:588} INFO - Filling up the DagBag from /opt/airflow/dags/ecommerce_etl_dag.py
[2026-05-09T14:53:54.630+0000] {processor.py:925} INFO - DAG(s) 'ecommerce_etl_pipeline' retrieved from /opt/airflow/dags/ecommerce_etl_dag.py
[2026-05-09T14:53:54.668+0000] {logging_mixin.py:190} INFO - [2026-05-09T14:53:54.668+0000] {dag.py:3239} INFO - Sync 1 DAGs
[2026-05-09T14:53:54.703+0000] {logging_mixin.py:190} INFO - [2026-05-09T14:53:54.702+0000] {dag.py:4180} INFO - Setting next_dagrun for ecommerce_etl_pipeline to 2026-05-09 00:00:00+00:00, run_after=2026-05-10 00:00:00+00:00
[2026-05-09T14:53:54.725+0000] {processor.py:208} INFO - Processing /opt/airflow/dags/ecommerce_etl_dag.py took 0.142 seconds
[2026-05-09T14:54:25.019+0000] {processor.py:186} INFO - Started process (PID=1958) to work on /opt/airflow/dags/ecommerce_etl_dag.py
[2026-05-09T14:54:25.021+0000] {processor.py:914} INFO - Processing file /opt/airflow/dags/ecommerce_etl_dag.py for tasks to queue
[2026-05-09T14:54:25.022+0000] {logging_mixin.py:190} INFO - [2026-05-09T14:54:25.022+0000] {dagbag.py:588} INFO - Filling up the DagBag from /opt/airflow/dags/ecommerce_etl_dag.py
[2026-05-09T14:54:25.054+0000] {processor.py:925} INFO - DAG(s) 'ecommerce_etl_pipeline' retrieved from /opt/airflow/dags/ecommerce_etl_dag.py
[2026-05-09T14:54:25.093+0000] {logging_mixin.py:190} INFO - [2026-05-09T14:54:25.093+0000] {dag.py:3239} INFO - Sync 1 DAGs
[2026-05-09T14:54:25.128+0000] {logging_mixin.py:190} INFO - [2026-05-09T14:54:25.128+0000] {dag.py:4180} INFO - Setting next_dagrun for ecommerce_etl_pipeline to 2026-05-09 00:00:00+00:00, run_after=2026-05-10 00:00:00+00:00
[2026-05-09T14:54:25.152+0000] {processor.py:208} INFO - Processing /opt/airflow/dags/ecommerce_etl_dag.py took 0.142 seconds
[2026-05-09T14:54:55.267+0000] {processor.py:186} INFO - Started process (PID=1969) to work on /opt/airflow/dags/ecommerce_etl_dag.py
[2026-05-09T14:54:55.269+0000] {processor.py:914} INFO - Processing file /opt/airflow/dags/ecommerce_etl_dag.py for tasks to queue
[2026-05-09T14:54:55.270+0000] {logging_mixin.py:190} INFO - [2026-05-09T14:54:55.270+0000] {dagbag.py:588} INFO - Filling up the DagBag from /opt/airflow/dags/ecommerce_etl_dag.py
[2026-05-09T14:54:55.300+0000] {processor.py:925} INFO - DAG(s) 'ecommerce_etl_pipeline' retrieved from /opt/airflow/dags/ecommerce_etl_dag.py
[2026-05-09T14:54:55.343+0000] {logging_mixin.py:190} INFO - [2026-05-09T14:54:55.343+0000] {dag.py:3239} INFO - Sync 1 DAGs
[2026-05-09T14:54:55.387+0000] {logging_mixin.py:190} INFO - [2026-05-09T14:54:55.386+0000] {dag.py:4180} INFO - Setting next_dagrun for ecommerce_etl_pipeline to 2026-05-09 00:00:00+00:00, run_after=2026-05-10 00:00:00+00:00
[2026-05-09T14:54:55.428+0000] {processor.py:208} INFO - Processing /opt/airflow/dags/ecommerce_etl_dag.py took 0.173 seconds
[2026-05-09T14:55:25.719+0000] {processor.py:186} INFO - Started process (PID=1980) to work on /opt/airflow/dags/ecommerce_etl_dag.py
[2026-05-09T14:55:25.721+0000] {processor.py:914} INFO - Processing file /opt/airflow/dags/ecommerce_etl_dag.py for tasks to queue
[2026-05-09T14:55:25.722+0000] {logging_mixin.py:190} INFO - [2026-05-09T14:55:25.722+0000] {dagbag.py:588} INFO - Filling up the DagBag from /opt/airflow/dags/ecommerce_etl_dag.py
[2026-05-09T14:55:25.754+0000] {processor.py:925} INFO - DAG(s) 'ecommerce_etl_pipeline' retrieved from /opt/airflow/dags/ecommerce_etl_dag.py
[2026-05-09T14:55:25.804+0000] {logging_mixin.py:190} INFO - [2026-05-09T14:55:25.803+0000] {dag.py:3239} INFO - Sync 1 DAGs
[2026-05-09T14:55:25.843+0000] {logging_mixin.py:190} INFO - [2026-05-09T14:55:25.842+0000] {dag.py:4180} INFO - Setting next_dagrun for ecommerce_etl_pipeline to 2026-05-09 00:00:00+00:00, run_after=2026-05-10 00:00:00+00:00
[2026-05-09T14:55:25.870+0000] {processor.py:208} INFO - Processing /opt/airflow/dags/ecommerce_etl_dag.py took 0.159 seconds
[2026-05-09T14:55:55.956+0000] {processor.py:186} INFO - Started process (PID=1991) to work on /opt/airflow/dags/ecommerce_etl_dag.py
[2026-05-09T14:55:55.957+0000] {processor.py:914} INFO - Processing file /opt/airflow/dags/ecommerce_etl_dag.py for tasks to queue
[2026-05-09T14:55:55.959+0000] {logging_mixin.py:190} INFO - [2026-05-09T14:55:55.959+0000] {dagbag.py:588} INFO - Filling up the DagBag from /opt/airflow/dags/ecommerce_etl_dag.py
[2026-05-09T14:55:55.999+0000] {processor.py:925} INFO - DAG(s) 'ecommerce_etl_pipeline' retrieved from /opt/airflow/dags/ecommerce_etl_dag.py
[2026-05-09T14:55:56.038+0000] {logging_mixin.py:190} INFO - [2026-05-09T14:55:56.037+0000] {dag.py:3239} INFO - Sync 1 DAGs
[2026-05-09T14:55:56.079+0000] {logging_mixin.py:190} INFO - [2026-05-09T14:55:56.079+0000] {dag.py:4180} INFO - Setting next_dagrun for ecommerce_etl_pipeline to 2026-05-09 00:00:00+00:00, run_after=2026-05-10 00:00:00+00:00
[2026-05-09T14:55:56.103+0000] {processor.py:208} INFO - Processing /opt/airflow/dags/ecommerce_etl_dag.py took 0.156 seconds
[2026-05-09T14:56:26.197+0000] {processor.py:186} INFO - Started process (PID=2002) to work on /opt/airflow/dags/ecommerce_etl_dag.py
[2026-05-09T14:56:26.198+0000] {processor.py:914} INFO - Processing file /opt/airflow/dags/ecommerce_etl_dag.py for tasks to queue
[2026-05-09T14:56:26.201+0000] {logging_mixin.py:190} INFO - [2026-05-09T14:56:26.200+0000] {dagbag.py:588} INFO - Filling up the DagBag from /opt/airflow/dags/ecommerce_etl_dag.py
[2026-05-09T14:56:26.236+0000] {processor.py:925} INFO - DAG(s) 'ecommerce_etl_pipeline' retrieved from /opt/airflow/dags/ecommerce_etl_dag.py
[2026-05-09T14:56:26.283+0000] {logging_mixin.py:190} INFO - [2026-05-09T14:56:26.283+0000] {dag.py:3239} INFO - Sync 1 DAGs
[2026-05-09T14:56:26.327+0000] {logging_mixin.py:190} INFO - [2026-05-09T14:56:26.327+0000] {dag.py:4180} INFO - Setting next_dagrun for ecommerce_etl_pipeline to 2026-05-09 00:00:00+00:00, run_after=2026-05-10 00:00:00+00:00
[2026-05-09T14:56:26.349+0000] {processor.py:208} INFO - Processing /opt/airflow/dags/ecommerce_etl_dag.py took 0.163 seconds
[2026-05-09T14:56:56.592+0000] {processor.py:186} INFO - Started process (PID=2013) to work on /opt/airflow/dags/ecommerce_etl_dag.py
[2026-05-09T14:56:56.594+0000] {processor.py:914} INFO - Processing file /opt/airflow/dags/ecommerce_etl_dag.py for tasks to queue
[2026-05-09T14:56:56.595+0000] {logging_mixin.py:190} INFO - [2026-05-09T14:56:56.595+0000] {dagbag.py:588} INFO - Filling up the DagBag from /opt/airflow/dags/ecommerce_etl_dag.py
[2026-05-09T14:56:56.627+0000] {processor.py:925} INFO - DAG(s) 'ecommerce_etl_pipeline' retrieved from /opt/airflow/dags/ecommerce_etl_dag.py
[2026-05-09T14:56:56.672+0000] {logging_mixin.py:190} INFO - [2026-05-09T14:56:56.672+0000] {dag.py:3239} INFO - Sync 1 DAGs
[2026-05-09T14:56:56.707+0000] {logging_mixin.py:190} INFO - [2026-05-09T14:56:56.707+0000] {dag.py:4180} INFO - Setting next_dagrun for ecommerce_etl_pipeline to 2026-05-09 00:00:00+00:00, run_after=2026-05-10 00:00:00+00:00
[2026-05-09T14:56:56.729+0000] {processor.py:208} INFO - Processing /opt/airflow/dags/ecommerce_etl_dag.py took 0.146 seconds
[2026-05-09T14:57:26.850+0000] {processor.py:186} INFO - Started process (PID=2025) to work on /opt/airflow/dags/ecommerce_etl_dag.py
[2026-05-09T14:57:26.852+0000] {processor.py:914} INFO - Processing file /opt/airflow/dags/ecommerce_etl_dag.py for tasks to queue
[2026-05-09T14:57:26.854+0000] {logging_mixin.py:190} INFO - [2026-05-09T14:57:26.853+0000] {dagbag.py:588} INFO - Filling up the DagBag from /opt/airflow/dags/ecommerce_etl_dag.py
[2026-05-09T14:57:26.883+0000] {processor.py:925} INFO - DAG(s) 'ecommerce_etl_pipeline' retrieved from /opt/airflow/dags/ecommerce_etl_dag.py
[2026-05-09T14:57:26.924+0000] {logging_mixin.py:190} INFO - [2026-05-09T14:57:26.924+0000] {dag.py:3239} INFO - Sync 1 DAGs
[2026-05-09T14:57:26.960+0000] {logging_mixin.py:190} INFO - [2026-05-09T14:57:26.960+0000] {dag.py:4180} INFO - Setting next_dagrun for ecommerce_etl_pipeline to 2026-05-09 00:00:00+00:00, run_after=2026-05-10 00:00:00+00:00
[2026-05-09T14:57:26.985+0000] {processor.py:208} INFO - Processing /opt/airflow/dags/ecommerce_etl_dag.py took 0.145 seconds
[2026-05-09T14:57:57.305+0000] {processor.py:186} INFO - Started process (PID=2036) to work on /opt/airflow/dags/ecommerce_etl_dag.py
[2026-05-09T14:57:57.308+0000] {processor.py:914} INFO - Processing file /opt/airflow/dags/ecommerce_etl_dag.py for tasks to queue
[2026-05-09T14:57:57.310+0000] {logging_mixin.py:190} INFO - [2026-05-09T14:57:57.309+0000] {dagbag.py:588} INFO - Filling up the DagBag from /opt/airflow/dags/ecommerce_etl_dag.py
[2026-05-09T14:57:57.341+0000] {processor.py:925} INFO - DAG(s) 'ecommerce_etl_pipeline' retrieved from /opt/airflow/dags/ecommerce_etl_dag.py
[2026-05-09T14:57:57.379+0000] {logging_mixin.py:190} INFO - [2026-05-09T14:57:57.378+0000] {dag.py:3239} INFO - Sync 1 DAGs
[2026-05-09T14:57:57.423+0000] {logging_mixin.py:190} INFO - [2026-05-09T14:57:57.422+0000] {dag.py:4180} INFO - Setting next_dagrun for ecommerce_etl_pipeline to 2026-05-09 00:00:00+00:00, run_after=2026-05-10 00:00:00+00:00
[2026-05-09T14:57:57.445+0000] {processor.py:208} INFO - Processing /opt/airflow/dags/ecommerce_etl_dag.py took 0.152 seconds
[2026-05-09T14:58:27.620+0000] {processor.py:186} INFO - Started process (PID=2047) to work on /opt/airflow/dags/ecommerce_etl_dag.py
[2026-05-09T14:58:27.621+0000] {processor.py:914} INFO - Processing file /opt/airflow/dags/ecommerce_etl_dag.py for tasks to queue
[2026-05-09T14:58:27.623+0000] {logging_mixin.py:190} INFO - [2026-05-09T14:58:27.623+0000] {dagbag.py:588} INFO - Filling up the DagBag from /opt/airflow/dags/ecommerce_etl_dag.py
[2026-05-09T14:58:27.657+0000] {processor.py:925} INFO - DAG(s) 'ecommerce_etl_pipeline' retrieved from /opt/airflow/dags/ecommerce_etl_dag.py
[2026-05-09T14:58:27.698+0000] {logging_mixin.py:190} INFO - [2026-05-09T14:58:27.697+0000] {dag.py:3239} INFO - Sync 1 DAGs
[2026-05-09T14:58:27.733+0000] {logging_mixin.py:190} INFO - [2026-05-09T14:58:27.732+0000] {dag.py:4180} INFO - Setting next_dagrun for ecommerce_etl_pipeline to 2026-05-09 00:00:00+00:00, run_after=2026-05-10 00:00:00+00:00
[2026-05-09T14:58:31.986+0000] {processor.py:208} INFO - Processing /opt/airflow/dags/ecommerce_etl_dag.py took 4.378 seconds
[2026-05-09T14:59:02.250+0000] {processor.py:186} INFO - Started process (PID=2058) to work on /opt/airflow/dags/ecommerce_etl_dag.py
[2026-05-09T14:59:02.252+0000] {processor.py:914} INFO - Processing file /opt/airflow/dags/ecommerce_etl_dag.py for tasks to queue
[2026-05-09T14:59:02.254+0000] {logging_mixin.py:190} INFO - [2026-05-09T14:59:02.253+0000] {dagbag.py:588} INFO - Filling up the DagBag from /opt/airflow/dags/ecommerce_etl_dag.py
[2026-05-09T14:59:02.286+0000] {processor.py:925} INFO - DAG(s) 'ecommerce_etl_pipeline' retrieved from /opt/airflow/dags/ecommerce_etl_dag.py
[2026-05-09T14:59:02.325+0000] {logging_mixin.py:190} INFO - [2026-05-09T14:59:02.325+0000] {dag.py:3239} INFO - Sync 1 DAGs
[2026-05-09T14:59:02.363+0000] {logging_mixin.py:190} INFO - [2026-05-09T14:59:02.362+0000] {dag.py:4180} INFO - Setting next_dagrun for ecommerce_etl_pipeline to 2026-05-09 00:00:00+00:00, run_after=2026-05-10 00:00:00+00:00
[2026-05-09T14:59:02.391+0000] {processor.py:208} INFO - Processing /opt/airflow/dags/ecommerce_etl_dag.py took 0.150 seconds
[2026-05-09T14:59:32.495+0000] {processor.py:186} INFO - Started process (PID=2070) to work on /opt/airflow/dags/ecommerce_etl_dag.py
[2026-05-09T14:59:32.496+0000] {processor.py:914} INFO - Processing file /opt/airflow/dags/ecommerce_etl_dag.py for tasks to queue
[2026-05-09T14:59:32.498+0000] {logging_mixin.py:190} INFO - [2026-05-09T14:59:32.497+0000] {dagbag.py:588} INFO - Filling up the DagBag from /opt/airflow/dags/ecommerce_etl_dag.py
[2026-05-09T14:59:32.528+0000] {processor.py:925} INFO - DAG(s) 'ecommerce_etl_pipeline' retrieved from /opt/airflow/dags/ecommerce_etl_dag.py
[2026-05-09T14:59:32.564+0000] {logging_mixin.py:190} INFO - [2026-05-09T14:59:32.564+0000] {dag.py:3239} INFO - Sync 1 DAGs
[2026-05-09T14:59:32.598+0000] {logging_mixin.py:190} INFO - [2026-05-09T14:59:32.598+0000] {dag.py:4180} INFO - Setting next_dagrun for ecommerce_etl_pipeline to 2026-05-09 00:00:00+00:00, run_after=2026-05-10 00:00:00+00:00
[2026-05-09T14:59:32.621+0000] {processor.py:208} INFO - Processing /opt/airflow/dags/ecommerce_etl_dag.py took 0.136 seconds
[2026-05-09T15:00:02.737+0000] {processor.py:186} INFO - Started process (PID=2081) to work on /opt/airflow/dags/ecommerce_etl_dag.py
[2026-05-09T15:00:02.738+0000] {processor.py:914} INFO - Processing file /opt/airflow/dags/ecommerce_etl_dag.py for tasks to queue
[2026-05-09T15:00:02.741+0000] {logging_mixin.py:190} INFO - [2026-05-09T15:00:02.740+0000] {dagbag.py:588} INFO - Filling up the DagBag from /opt/airflow/dags/ecommerce_etl_dag.py
[2026-05-09T15:00:02.770+0000] {processor.py:925} INFO - DAG(s) 'ecommerce_etl_pipeline' retrieved from /opt/airflow/dags/ecommerce_etl_dag.py
[2026-05-09T15:00:02.811+0000] {logging_mixin.py:190} INFO - [2026-05-09T15:00:02.810+0000] {dag.py:3239} INFO - Sync 1 DAGs
[2026-05-09T15:00:02.848+0000] {logging_mixin.py:190} INFO - [2026-05-09T15:00:02.847+0000] {dag.py:4180} INFO - Setting next_dagrun for ecommerce_etl_pipeline to 2026-05-09 00:00:00+00:00, run_after=2026-05-10 00:00:00+00:00
[2026-05-09T15:00:02.879+0000] {processor.py:208} INFO - Processing /opt/airflow/dags/ecommerce_etl_dag.py took 0.151 seconds
[2026-05-09T15:00:33.103+0000] {processor.py:186} INFO - Started process (PID=2092) to work on /opt/airflow/dags/ecommerce_etl_dag.py
[2026-05-09T15:00:33.104+0000] {processor.py:914} INFO - Processing file /opt/airflow/dags/ecommerce_etl_dag.py for tasks to queue
[2026-05-09T15:00:33.107+0000] {logging_mixin.py:190} INFO - [2026-05-09T15:00:33.106+0000] {dagbag.py:588} INFO - Filling up the DagBag from /opt/airflow/dags/ecommerce_etl_dag.py
[2026-05-09T15:00:33.139+0000] {processor.py:925} INFO - DAG(s) 'ecommerce_etl_pipeline' retrieved from /opt/airflow/dags/ecommerce_etl_dag.py
[2026-05-09T15:00:33.179+0000] {logging_mixin.py:190} INFO - [2026-05-09T15:00:33.178+0000] {dag.py:3239} INFO - Sync 1 DAGs
[2026-05-09T15:00:33.212+0000] {logging_mixin.py:190} INFO - [2026-05-09T15:00:33.211+0000] {dag.py:4180} INFO - Setting next_dagrun for ecommerce_etl_pipeline to 2026-05-09 00:00:00+00:00, run_after=2026-05-10 00:00:00+00:00
[2026-05-09T15:00:33.233+0000] {processor.py:208} INFO - Processing /opt/airflow/dags/ecommerce_etl_dag.py took 0.139 seconds
[2026-05-09T15:01:03.347+0000] {processor.py:186} INFO - Started process (PID=2103) to work on /opt/airflow/dags/ecommerce_etl_dag.py
[2026-05-09T15:01:03.349+0000] {processor.py:914} INFO - Processing file /opt/airflow/dags/ecommerce_etl_dag.py for tasks to queue
[2026-05-09T15:01:03.351+0000] {logging_mixin.py:190} INFO - [2026-05-09T15:01:03.350+0000] {dagbag.py:588} INFO - Filling up the DagBag from /opt/airflow/dags/ecommerce_etl_dag.py
[2026-05-09T15:01:03.392+0000] {processor.py:925} INFO - DAG(s) 'ecommerce_etl_pipeline' retrieved from /opt/airflow/dags/ecommerce_etl_dag.py
[2026-05-09T15:01:03.451+0000] {logging_mixin.py:190} INFO - [2026-05-09T15:01:03.451+0000] {dag.py:3239} INFO - Sync 1 DAGs
[2026-05-09T15:01:03.514+0000] {logging_mixin.py:190} INFO - [2026-05-09T15:01:03.514+0000] {dag.py:4180} INFO - Setting next_dagrun for ecommerce_etl_pipeline to 2026-05-09 00:00:00+00:00, run_after=2026-05-10 00:00:00+00:00
[2026-05-09T15:01:03.552+0000] {processor.py:208} INFO - Processing /opt/airflow/dags/ecommerce_etl_dag.py took 0.220 seconds
[2026-05-09T15:01:33.728+0000] {processor.py:186} INFO - Started process (PID=2115) to work on /opt/airflow/dags/ecommerce_etl_dag.py
[2026-05-09T15:01:33.730+0000] {processor.py:914} INFO - Processing file /opt/airflow/dags/ecommerce_etl_dag.py for tasks to queue
[2026-05-09T15:01:33.731+0000] {logging_mixin.py:190} INFO - [2026-05-09T15:01:33.731+0000] {dagbag.py:588} INFO - Filling up the DagBag from /opt/airflow/dags/ecommerce_etl_dag.py
[2026-05-09T15:01:33.761+0000] {processor.py:925} INFO - DAG(s) 'ecommerce_etl_pipeline' retrieved from /opt/airflow/dags/ecommerce_etl_dag.py
[2026-05-09T15:01:33.801+0000] {logging_mixin.py:190} INFO - [2026-05-09T15:01:33.800+0000] {dag.py:3239} INFO - Sync 1 DAGs
[2026-05-09T15:01:33.835+0000] {logging_mixin.py:190} INFO - [2026-05-09T15:01:33.835+0000] {dag.py:4180} INFO - Setting next_dagrun for ecommerce_etl_pipeline to 2026-05-09 00:00:00+00:00, run_after=2026-05-10 00:00:00+00:00
[2026-05-09T15:01:33.861+0000] {processor.py:208} INFO - Processing /opt/airflow/dags/ecommerce_etl_dag.py took 0.142 seconds
[2026-05-09T15:02:04.048+0000] {processor.py:186} INFO - Started process (PID=2125) to work on /opt/airflow/dags/ecommerce_etl_dag.py
[2026-05-09T15:02:04.049+0000] {processor.py:914} INFO - Processing file /opt/airflow/dags/ecommerce_etl_dag.py for tasks to queue
[2026-05-09T15:02:04.051+0000] {logging_mixin.py:190} INFO - [2026-05-09T15:02:04.050+0000] {dagbag.py:588} INFO - Filling up the DagBag from /opt/airflow/dags/ecommerce_etl_dag.py
[2026-05-09T15:02:04.080+0000] {processor.py:925} INFO - DAG(s) 'ecommerce_etl_pipeline' retrieved from /opt/airflow/dags/ecommerce_etl_dag.py
[2026-05-09T15:02:04.118+0000] {logging_mixin.py:190} INFO - [2026-05-09T15:02:04.117+0000] {dag.py:3239} INFO - Sync 1 DAGs
[2026-05-09T15:02:04.159+0000] {logging_mixin.py:190} INFO - [2026-05-09T15:02:04.159+0000] {dag.py:4180} INFO - Setting next_dagrun for ecommerce_etl_pipeline to 2026-05-09 00:00:00+00:00, run_after=2026-05-10 00:00:00+00:00
[2026-05-09T15:02:04.193+0000] {processor.py:208} INFO - Processing /opt/airflow/dags/ecommerce_etl_dag.py took 0.154 seconds
[2026-05-09T15:02:34.334+0000] {processor.py:186} INFO - Started process (PID=2136) to work on /opt/airflow/dags/ecommerce_etl_dag.py
[2026-05-09T15:02:34.335+0000] {processor.py:914} INFO - Processing file /opt/airflow/dags/ecommerce_etl_dag.py for tasks to queue
[2026-05-09T15:02:34.338+0000] {logging_mixin.py:190} INFO - [2026-05-09T15:02:34.337+0000] {dagbag.py:588} INFO - Filling up the DagBag from /opt/airflow/dags/ecommerce_etl_dag.py
[2026-05-09T15:02:34.370+0000] {processor.py:925} INFO - DAG(s) 'ecommerce_etl_pipeline' retrieved from /opt/airflow/dags/ecommerce_etl_dag.py
[2026-05-09T15:02:34.416+0000] {logging_mixin.py:190} INFO - [2026-05-09T15:02:34.416+0000] {dag.py:3239} INFO - Sync 1 DAGs
[2026-05-09T15:02:34.456+0000] {logging_mixin.py:190} INFO - [2026-05-09T15:02:34.455+0000] {dag.py:4180} INFO - Setting next_dagrun for ecommerce_etl_pipeline to 2026-05-09 00:00:00+00:00, run_after=2026-05-10 00:00:00+00:00
[2026-05-09T15:02:34.481+0000] {processor.py:208} INFO - Processing /opt/airflow/dags/ecommerce_etl_dag.py took 0.157 seconds
[2026-05-09T15:03:04.695+0000] {processor.py:186} INFO - Started process (PID=2147) to work on /opt/airflow/dags/ecommerce_etl_dag.py
[2026-05-09T15:03:04.696+0000] {processor.py:914} INFO - Processing file /opt/airflow/dags/ecommerce_etl_dag.py for tasks to queue
[2026-05-09T15:03:04.698+0000] {logging_mixin.py:190} INFO - [2026-05-09T15:03:04.697+0000] {dagbag.py:588} INFO - Filling up the DagBag from /opt/airflow/dags/ecommerce_etl_dag.py
[2026-05-09T15:03:04.732+0000] {processor.py:925} INFO - DAG(s) 'ecommerce_etl_pipeline' retrieved from /opt/airflow/dags/ecommerce_etl_dag.py
[2026-05-09T15:03:04.777+0000] {logging_mixin.py:190} INFO - [2026-05-09T15:03:04.776+0000] {dag.py:3239} INFO - Sync 1 DAGs
[2026-05-09T15:03:04.814+0000] {logging_mixin.py:190} INFO - [2026-05-09T15:03:04.813+0000] {dag.py:4180} INFO - Setting next_dagrun for ecommerce_etl_pipeline to 2026-05-09 00:00:00+00:00, run_after=2026-05-10 00:00:00+00:00
[2026-05-09T15:03:04.840+0000] {processor.py:208} INFO - Processing /opt/airflow/dags/ecommerce_etl_dag.py took 0.154 seconds
[2026-05-09T15:03:35.026+0000] {processor.py:186} INFO - Started process (PID=2158) to work on /opt/airflow/dags/ecommerce_etl_dag.py
[2026-05-09T15:03:35.027+0000] {processor.py:914} INFO - Processing file /opt/airflow/dags/ecommerce_etl_dag.py for tasks to queue
[2026-05-09T15:03:35.029+0000] {logging_mixin.py:190} INFO - [2026-05-09T15:03:35.029+0000] {dagbag.py:588} INFO - Filling up the DagBag from /opt/airflow/dags/ecommerce_etl_dag.py
[2026-05-09T15:03:35.064+0000] {processor.py:925} INFO - DAG(s) 'ecommerce_etl_pipeline' retrieved from /opt/airflow/dags/ecommerce_etl_dag.py
[2026-05-09T15:03:35.108+0000] {logging_mixin.py:190} INFO - [2026-05-09T15:03:35.108+0000] {dag.py:3239} INFO - Sync 1 DAGs
[2026-05-09T15:03:35.143+0000] {logging_mixin.py:190} INFO - [2026-05-09T15:03:35.142+0000] {dag.py:4180} INFO - Setting next_dagrun for ecommerce_etl_pipeline to 2026-05-09 00:00:00+00:00, run_after=2026-05-10 00:00:00+00:00
[2026-05-09T15:03:35.163+0000] {processor.py:208} INFO - Processing /opt/airflow/dags/ecommerce_etl_dag.py took 0.149 seconds
[2026-05-09T15:04:05.315+0000] {processor.py:186} INFO - Started process (PID=2169) to work on /opt/airflow/dags/ecommerce_etl_dag.py
[2026-05-09T15:04:05.317+0000] {processor.py:914} INFO - Processing file /opt/airflow/dags/ecommerce_etl_dag.py for tasks to queue
[2026-05-09T15:04:05.319+0000] {logging_mixin.py:190} INFO - [2026-05-09T15:04:05.318+0000] {dagbag.py:588} INFO - Filling up the DagBag from /opt/airflow/dags/ecommerce_etl_dag.py
[2026-05-09T15:04:05.347+0000] {processor.py:925} INFO - DAG(s) 'ecommerce_etl_pipeline' retrieved from /opt/airflow/dags/ecommerce_etl_dag.py
[2026-05-09T15:04:05.386+0000] {logging_mixin.py:190} INFO - [2026-05-09T15:04:05.385+0000] {dag.py:3239} INFO - Sync 1 DAGs
[2026-05-09T15:04:05.418+0000] {logging_mixin.py:190} INFO - [2026-05-09T15:04:05.418+0000] {dag.py:4180} INFO - Setting next_dagrun for ecommerce_etl_pipeline to 2026-05-09 00:00:00+00:00, run_after=2026-05-10 00:00:00+00:00
[2026-05-09T15:04:05.850+0000] {processor.py:208} INFO - Processing /opt/airflow/dags/ecommerce_etl_dag.py took 0.548 seconds
[2026-05-09T15:04:36.133+0000] {processor.py:186} INFO - Started process (PID=2180) to work on /opt/airflow/dags/ecommerce_etl_dag.py
[2026-05-09T15:04:36.134+0000] {processor.py:914} INFO - Processing file /opt/airflow/dags/ecommerce_etl_dag.py for tasks to queue
[2026-05-09T15:04:36.136+0000] {logging_mixin.py:190} INFO - [2026-05-09T15:04:36.136+0000] {dagbag.py:588} INFO - Filling up the DagBag from /opt/airflow/dags/ecommerce_etl_dag.py
[2026-05-09T15:04:36.169+0000] {processor.py:925} INFO - DAG(s) 'ecommerce_etl_pipeline' retrieved from /opt/airflow/dags/ecommerce_etl_dag.py
[2026-05-09T15:04:36.208+0000] {logging_mixin.py:190} INFO - [2026-05-09T15:04:36.208+0000] {dag.py:3239} INFO - Sync 1 DAGs
[2026-05-09T15:04:36.242+0000] {logging_mixin.py:190} INFO - [2026-05-09T15:04:36.242+0000] {dag.py:4180} INFO - Setting next_dagrun for ecommerce_etl_pipeline to 2026-05-09 00:00:00+00:00, run_after=2026-05-10 00:00:00+00:00
[2026-05-09T15:04:36.263+0000] {processor.py:208} INFO - Processing /opt/airflow/dags/ecommerce_etl_dag.py took 0.140 seconds
[2026-05-09T15:05:06.376+0000] {processor.py:186} INFO - Started process (PID=2191) to work on /opt/airflow/dags/ecommerce_etl_dag.py
[2026-05-09T15:05:06.378+0000] {processor.py:914} INFO - Processing file /opt/airflow/dags/ecommerce_etl_dag.py for tasks to queue
[2026-05-09T15:05:06.381+0000] {logging_mixin.py:190} INFO - [2026-05-09T15:05:06.380+0000] {dagbag.py:588} INFO - Filling up the DagBag from /opt/airflow/dags/ecommerce_etl_dag.py
[2026-05-09T15:05:06.417+0000] {processor.py:925} INFO - DAG(s) 'ecommerce_etl_pipeline' retrieved from /opt/airflow/dags/ecommerce_etl_dag.py
[2026-05-09T15:05:06.460+0000] {logging_mixin.py:190} INFO - [2026-05-09T15:05:06.459+0000] {dag.py:3239} INFO - Sync 1 DAGs
[2026-05-09T15:05:06.493+0000] {logging_mixin.py:190} INFO - [2026-05-09T15:05:06.493+0000] {dag.py:4180} INFO - Setting next_dagrun for ecommerce_etl_pipeline to 2026-05-09 00:00:00+00:00, run_after=2026-05-10 00:00:00+00:00
[2026-05-09T15:05:06.516+0000] {processor.py:208} INFO - Processing /opt/airflow/dags/ecommerce_etl_dag.py took 0.151 seconds
[2026-05-09T15:05:36.773+0000] {processor.py:186} INFO - Started process (PID=2202) to work on /opt/airflow/dags/ecommerce_etl_dag.py
[2026-05-09T15:05:36.775+0000] {processor.py:914} INFO - Processing file /opt/airflow/dags/ecommerce_etl_dag.py for tasks to queue
[2026-05-09T15:05:36.776+0000] {logging_mixin.py:190} INFO - [2026-05-09T15:05:36.776+0000] {dagbag.py:588} INFO - Filling up the DagBag from /opt/airflow/dags/ecommerce_etl_dag.py
[2026-05-09T15:05:36.809+0000] {processor.py:925} INFO - DAG(s) 'ecommerce_etl_pipeline' retrieved from /opt/airflow/dags/ecommerce_etl_dag.py
[2026-05-09T15:05:36.856+0000] {logging_mixin.py:190} INFO - [2026-05-09T15:05:36.856+0000] {dag.py:3239} INFO - Sync 1 DAGs
[2026-05-09T15:05:36.896+0000] {logging_mixin.py:190} INFO - [2026-05-09T15:05:36.896+0000] {dag.py:4180} INFO - Setting next_dagrun for ecommerce_etl_pipeline to 2026-05-09 00:00:00+00:00, run_after=2026-05-10 00:00:00+00:00
[2026-05-09T15:05:36.920+0000] {processor.py:208} INFO - Processing /opt/airflow/dags/ecommerce_etl_dag.py took 0.156 seconds
[2026-05-09T15:06:07.066+0000] {processor.py:186} INFO - Started process (PID=2213) to work on /opt/airflow/dags/ecommerce_etl_dag.py
[2026-05-09T15:06:07.068+0000] {processor.py:914} INFO - Processing file /opt/airflow/dags/ecommerce_etl_dag.py for tasks to queue
[2026-05-09T15:06:07.070+0000] {logging_mixin.py:190} INFO - [2026-05-09T15:06:07.070+0000] {dagbag.py:588} INFO - Filling up the DagBag from /opt/airflow/dags/ecommerce_etl_dag.py
[2026-05-09T15:06:07.109+0000] {processor.py:925} INFO - DAG(s) 'ecommerce_etl_pipeline' retrieved from /opt/airflow/dags/ecommerce_etl_dag.py
[2026-05-09T15:06:07.151+0000] {logging_mixin.py:190} INFO - [2026-05-09T15:06:07.150+0000] {dag.py:3239} INFO - Sync 1 DAGs
[2026-05-09T15:06:07.187+0000] {logging_mixin.py:190} INFO - [2026-05-09T15:06:07.187+0000] {dag.py:4180} INFO - Setting next_dagrun for ecommerce_etl_pipeline to 2026-05-09 00:00:00+00:00, run_after=2026-05-10 00:00:00+00:00
[2026-05-09T15:06:07.212+0000] {processor.py:208} INFO - Processing /opt/airflow/dags/ecommerce_etl_dag.py took 0.158 seconds
[2026-05-09T15:06:37.411+0000] {processor.py:186} INFO - Started process (PID=2225) to work on /opt/airflow/dags/ecommerce_etl_dag.py
[2026-05-09T15:06:37.413+0000] {processor.py:914} INFO - Processing file /opt/airflow/dags/ecommerce_etl_dag.py for tasks to queue
[2026-05-09T15:06:37.415+0000] {logging_mixin.py:190} INFO - [2026-05-09T15:06:37.415+0000] {dagbag.py:588} INFO - Filling up the DagBag from /opt/airflow/dags/ecommerce_etl_dag.py
[2026-05-09T15:06:37.452+0000] {processor.py:925} INFO - DAG(s) 'ecommerce_etl_pipeline' retrieved from /opt/airflow/dags/ecommerce_etl_dag.py
[2026-05-09T15:06:37.495+0000] {logging_mixin.py:190} INFO - [2026-05-09T15:06:37.495+0000] {dag.py:3239} INFO - Sync 1 DAGs
[2026-05-09T15:06:37.531+0000] {logging_mixin.py:190} INFO - [2026-05-09T15:06:37.531+0000] {dag.py:4180} INFO - Setting next_dagrun for ecommerce_etl_pipeline to 2026-05-09 00:00:00+00:00, run_after=2026-05-10 00:00:00+00:00
[2026-05-09T15:06:37.553+0000] {processor.py:208} INFO - Processing /opt/airflow/dags/ecommerce_etl_dag.py took 0.155 seconds
